REF_AREA;Coğrafi Kapsam;FREQ;Gözlem Sıklığı;INDICATOR;İstatistiksel Gösterge;AY;Ay (DESC);YAKIT_TUR;Yakıt Türü;UNIT_MEASURE;Ölçü Birimi;Zaman (TIME_PERIOD);Gözlem;DONUSUM;Zaman Serisi Dönüşümü;ZAMAN_BICIMI;Zaman Formatı;UNIT_MULT;Birim Çarpanı;CONF_STATUS;Gizlilik Durumu;GOZLEM_DURUMU;Gözlem Durumu;ONDALIK;Ondalık Basamak Sayısı
TR;Türkiye;M;Aylık;U_MKTS;Motorlu Kara Taşıtları Sayısı;M01;Ocak;_T;Toplam;PT;Yüzde;2026-01;100;;;;;;;;;;;;
TR;Türkiye;M;Aylık;U_MKTS;Motorlu Kara Taşıtları Sayısı;M01;Ocak;_T;Toplam;PT;Yüzde;2025-01;100;;;;;;;;;;;;
TR;Türkiye;M;Aylık;U_MKTS;Motorlu Kara Taşıtları Sayısı;M01;Ocak;_T;Toplam;PT;Yüzde;2024-01;100;;;;;;;;;;;;
TR;Türkiye;M;Aylık;U_MKTS;Motorlu Kara Taşıtları Sayısı;M01;Ocak;_T;Toplam;PT;Yüzde;2023-01;100;;;;;;;;;;;;
TR;Türkiye;M;Aylık;U_MKTS;Motorlu Kara Taşıtları Sayısı;M01;Ocak;_T;Toplam;PT;Yüzde;2022-01;100;;;;;;;;;;;;
TR;Türkiye;M;Aylık;U_MKTS;Motorlu Kara Taşıtları Sayısı;M01;Ocak;_T;Toplam;PT;Yüzde;2021-01;100;;;;;;;;;;;;
TR;Türkiye;M;Aylık;U_MKTS;Motorlu Kara Taşıtları Sayısı;M01;Ocak;_T;Toplam;PT;Yüzde;2020-01;100;;;;;;;;;;;;
TR;Türkiye;M;Aylık;U_MKTS;Motorlu Kara Taşıtları Sayısı;M01;Ocak;_T;Toplam;PT;Yüzde;2019-01;100;;;;;;;;;;;;
TR;Türkiye;M;Aylık;U_MKTS;Motorlu Kara Taşıtları Sayısı;M01;Ocak;_T;Toplam;PT;Yüzde;2018-01;100;;;;;;;;;;;;
TR;Türkiye;M;Aylık;U_MKTS;Motorlu Kara Taşıtları Sayısı;M01;Ocak;_T;Toplam;PT;Yüzde;2017-01;100;;;;;;;;;;;;
TR;Türkiye;M;Aylık;U_MKTS;Motorlu Kara Taşıtları Sayısı;M01;Ocak;_T;Toplam;PT;Yüzde;2016-01;100;;;;;;;;;;;;
TR;Türkiye;M;Aylık;U_MKTS;Motorlu Kara Taşıtları Sayısı;M01;Ocak;_T;Toplam;PT;Yüzde;2015-01;100;;;;;;;;;;;;
TR;Türkiye;M;Aylık;U_MKTS;Motorlu Kara Taşıtları Sayısı;M01;Ocak;_T;Toplam;PT;Yüzde;2014-01;100;;;;;;;;;;;;
TR;Türkiye;M;Aylık;U_MKTS;Motorlu Kara Taşıtları Sayısı;M01;Ocak;_T;Toplam;PT;Yüzde;2013-01;100;;;;;;;;;;;;
TR;Türkiye;M;Aylık;U_MKTS;Motorlu Kara Taşıtları Sayısı;M01;Ocak;_T;Toplam;PT;Yüzde;2012-01;100;;;;;;;;;;;;
TR;Türkiye;M;Aylık;U_MKTS;Motorlu Kara Taşıtları Sayısı;M01;Ocak;_T;Toplam;PT;Yüzde;2011-01;100;;;;;;;;;;;;
TR;Türkiye;M;Aylık;U_MKTS;Motorlu Kara Taşıtları Sayısı;M01;Ocak;_T;Toplam;PT;Yüzde;2010-01;100;;;;;;;;;;;;
TR;Türkiye;M;Aylık;U_MKTS;Motorlu Kara Taşıtları Sayısı;M01;Ocak;_T;Toplam;PT;Yüzde;2009-01;100;;;;;;;;;;;;
TR;Türkiye;M;Aylık;U_MKTS;Motorlu Kara Taşıtları Sayısı;M01;Ocak;_T;Toplam;PT;Yüzde;2008-01;100;;;;;;;;;;;;
TR;Türkiye;M;Aylık;U_MKTS;Motorlu Kara Taşıtları Sayısı;M01;Ocak;_T;Toplam;PT;Yüzde;2007-01;100;;;;;;;;;;;;
TR;Türkiye;M;Aylık;U_MKTS;Motorlu Kara Taşıtları Sayısı;M01;Ocak;_T;Toplam;PT;Yüzde;2006-01;100;;;;;;;;;;;;
TR;Türkiye;M;Aylık;U_MKTS;Motorlu Kara Taşıtları Sayısı;M01;Ocak;_T;Toplam;PT;Yüzde;2005-01;100;;;;;;;;;;;;
TR;Türkiye;M;Aylık;U_MKTS;Motorlu Kara Taşıtları Sayısı;M01;Ocak;_T;Toplam;PN;Sayı;2026-01;17457542;;;;;;;;;;;;
TR;Türkiye;M;Aylık;U_MKTS;Motorlu Kara Taşıtları Sayısı;M01;Ocak;_T;Toplam;PN;Sayı;2025-01;16336762;;;;;;;;;;;;
TR;Türkiye;M;Aylık;U_MKTS;Motorlu Kara Taşıtları Sayısı;M01;Ocak;_T;Toplam;PN;Sayı;2024-01;15333952;;;;;;;;;;;;
TR;Türkiye;M;Aylık;U_MKTS;Motorlu Kara Taşıtları Sayısı;M01;Ocak;_T;Toplam;PN;Sayı;2023-01;14350770;;;;;;;;;;;;
TR;Türkiye;M;Aylık;U_MKTS;Motorlu Kara Taşıtları Sayısı;M01;Ocak;_T;Toplam;PN;Sayı;2022-01;13747672;;;;;;;;;;;;
TR;Türkiye;M;Aylık;U_MKTS;Motorlu Kara Taşıtları Sayısı;M01;Ocak;_T;Toplam;PN;Sayı;2021-01;13172111;;;;;;;;;;;;
TR;Türkiye;M;Aylık;U_MKTS;Motorlu Kara Taşıtları Sayısı;M01;Ocak;_T;Toplam;PN;Sayı;2020-01;12567543;;;;;;;;;;;;
TR;Türkiye;M;Aylık;U_MKTS;Motorlu Kara Taşıtları Sayısı;M01;Ocak;_T;Toplam;PN;Sayı;2019-01;12437250;;;;;;;;;;;;
TR;Türkiye;M;Aylık;U_MKTS;Motorlu Kara Taşıtları Sayısı;M01;Ocak;_T;Toplam;PN;Sayı;2018-01;12106678;;;;;;;;;;;;
TR;Türkiye;M;Aylık;U_MKTS;Motorlu Kara Taşıtları Sayısı;M01;Ocak;_T;Toplam;PN;Sayı;2017-01;11401452;;;;;;;;;;;;
TR;Türkiye;M;Aylık;U_MKTS;Motorlu Kara Taşıtları Sayısı;M01;Ocak;_T;Toplam;PN;Sayı;2016-01;10656778;;;;;;;;;;;;
TR;Türkiye;M;Aylık;U_MKTS;Motorlu Kara Taşıtları Sayısı;M01;Ocak;_T;Toplam;PN;Sayı;2015-01;9944305;;;;;;;;;;;;
TR;Türkiye;M;Aylık;U_MKTS;Motorlu Kara Taşıtları Sayısı;M01;Ocak;_T;Toplam;PN;Sayı;2014-01;9365226;;;;;;;;;;;;
TR;Türkiye;M;Aylık;U_MKTS;Motorlu Kara Taşıtları Sayısı;M01;Ocak;_T;Toplam;PN;Sayı;2013-01;8721678;;;;;;;;;;;;
TR;Türkiye;M;Aylık;U_MKTS;Motorlu Kara Taşıtları Sayısı;M01;Ocak;_T;Toplam;PN;Sayı;2012-01;8185556;;;;;;;;;;;;
TR;Türkiye;M;Aylık;U_MKTS;Motorlu Kara Taşıtları Sayısı;M01;Ocak;_T;Toplam;PN;Sayı;2011-01;7634376;;;;;;;;;;;;
TR;Türkiye;M;Aylık;U_MKTS;Motorlu Kara Taşıtları Sayısı;M01;Ocak;_T;Toplam;PN;Sayı;2010-01;7137959;;;;;;;;;;;;
TR;Türkiye;M;Aylık;U_MKTS;Motorlu Kara Taşıtları Sayısı;M01;Ocak;_T;Toplam;PN;Sayı;2009-01;6825442;;;;;;;;;;;;
TR;Türkiye;M;Aylık;U_MKTS;Motorlu Kara Taşıtları Sayısı;M01;Ocak;_T;Toplam;PN;Sayı;2008-01;6523281;;;;;;;;;;;;
TR;Türkiye;M;Aylık;U_MKTS;Motorlu Kara Taşıtları Sayısı;M01;Ocak;_T;Toplam;PN;Sayı;2007-01;6173439;;;;;;;;;;;;
TR;Türkiye;M;Aylık;U_MKTS;Motorlu Kara Taşıtları Sayısı;M01;Ocak;_T;Toplam;PN;Sayı;2006-01;5831851;;;;;;;;;;;;
TR;Türkiye;M;Aylık;U_MKTS;Motorlu Kara Taşıtları Sayısı;M01;Ocak;_T;Toplam;PN;Sayı;2005-01;5421921;;;;;;;;;;;;
TR;Türkiye;M;Aylık;U_MKTS;Motorlu Kara Taşıtları Sayısı;M01;Ocak;1;Benzinli;PT;Yüzde;2026-01;30.97;;;;;;;;;;;;
TR;Türkiye;M;Aylık;U_MKTS;Motorlu Kara Taşıtları Sayısı;M01;Ocak;1;Benzinli;PT;Yüzde;2025-01;30.35;;;;;;;;;;;;
TR;Türkiye;M;Aylık;U_MKTS;Motorlu Kara Taşıtları Sayısı;M01;Ocak;1;Benzinli;PT;Yüzde;2024-01;28.91;;;;;;;;;;;;
TR;Türkiye;M;Aylık;U_MKTS;Motorlu Kara Taşıtları Sayısı;M01;Ocak;1;Benzinli;PT;Yüzde;2023-01;26.94;;;;;;;;;;;;
TR;Türkiye;M;Aylık;U_MKTS;Motorlu Kara Taşıtları Sayısı;M01;Ocak;1;Benzinli;PT;Yüzde;2022-01;25.62;;;;;;;;;;;;
TR;Türkiye;M;Aylık;U_MKTS;Motorlu Kara Taşıtları Sayısı;M01;Ocak;1;Benzinli;PT;Yüzde;2021-01;24.55;;;;;;;;;;;;
TR;Türkiye;M;Aylık;U_MKTS;Motorlu Kara Taşıtları Sayısı;M01;Ocak;1;Benzinli;PT;Yüzde;2020-01;24.17;;;;;;;;;;;;
TR;Türkiye;M;Aylık;U_MKTS;Motorlu Kara Taşıtları Sayısı;M01;Ocak;1;Benzinli;PT;Yüzde;2019-01;24.87;;;;;;;;;;;;
TR;Türkiye;M;Aylık;U_MKTS;Motorlu Kara Taşıtları Sayısı;M01;Ocak;1;Benzinli;PT;Yüzde;2018-01;25.85;;;;;;;;;;;;
TR;Türkiye;M;Aylık;U_MKTS;Motorlu Kara Taşıtları Sayısı;M01;Ocak;1;Benzinli;PT;Yüzde;2017-01;26.Tem;;;;;;;;;;;;
TR;Türkiye;M;Aylık;U_MKTS;Motorlu Kara Taşıtları Sayısı;M01;Ocak;1;Benzinli;PT;Yüzde;2016-01;27.56;;;;;;;;;;;;
TR;Türkiye;M;Aylık;U_MKTS;Motorlu Kara Taşıtları Sayısı;M01;Ocak;1;Benzinli;PT;Yüzde;2015-01;28.82;;;;;;;;;;;;
TR;Türkiye;M;Aylık;U_MKTS;Motorlu Kara Taşıtları Sayısı;M01;Ocak;1;Benzinli;PT;Yüzde;2014-01;30.94;;;;;;;;;;;;
TR;Türkiye;M;Aylık;U_MKTS;Motorlu Kara Taşıtları Sayısı;M01;Ocak;1;Benzinli;PT;Yüzde;2013-01;33.65;;;;;;;;;;;;
TR;Türkiye;M;Aylık;U_MKTS;Motorlu Kara Taşıtları Sayısı;M01;Ocak;1;Benzinli;PT;Yüzde;2012-01;37.08;;;;;;;;;;;;
TR;Türkiye;M;Aylık;U_MKTS;Motorlu Kara Taşıtları Sayısı;M01;Ocak;1;Benzinli;PT;Yüzde;2011-01;41.91;;;;;;;;;;;;
TR;Türkiye;M;Aylık;U_MKTS;Motorlu Kara Taşıtları Sayısı;M01;Ocak;1;Benzinli;PT;Yüzde;2010-01;47.17;;;;;;;;;;;;
TR;Türkiye;M;Aylık;U_MKTS;Motorlu Kara Taşıtları Sayısı;M01;Ocak;1;Benzinli;PT;Yüzde;2009-01;51.65;;;;;;;;;;;;
TR;Türkiye;M;Aylık;U_MKTS;Motorlu Kara Taşıtları Sayısı;M01;Ocak;1;Benzinli;PT;Yüzde;2008-01;56.89;;;;;;;;;;;;
TR;Türkiye;M;Aylık;U_MKTS;Motorlu Kara Taşıtları Sayısı;M01;Ocak;1;Benzinli;PT;Yüzde;2007-01;62.09;;;;;;;;;;;;
TR;Türkiye;M;Aylık;U_MKTS;Motorlu Kara Taşıtları Sayısı;M01;Ocak;1;Benzinli;PT;Yüzde;2006-01;66.8;;;;;;;;;;;;
TR;Türkiye;M;Aylık;U_MKTS;Motorlu Kara Taşıtları Sayısı;M01;Ocak;1;Benzinli;PT;Yüzde;2005-01;74.83;;;;;;;;;;;;
TR;Türkiye;M;Aylık;U_MKTS;Motorlu Kara Taşıtları Sayısı;M01;Ocak;1;Benzinli;PN;Sayı;2026-01;5407176;;;;;;;;;;;;
TR;Türkiye;M;Aylık;U_MKTS;Motorlu Kara Taşıtları Sayısı;M01;Ocak;1;Benzinli;PN;Sayı;2025-01;4957582;;;;;;;;;;;;
TR;Türkiye;M;Aylık;U_MKTS;Motorlu Kara Taşıtları Sayısı;M01;Ocak;1;Benzinli;PN;Sayı;2024-01;4432892;;;;;;;;;;;;
TR;Türkiye;M;Aylık;U_MKTS;Motorlu Kara Taşıtları Sayısı;M01;Ocak;1;Benzinli;PN;Sayı;2023-01;3866580;;;;;;;;;;;;
TR;Türkiye;M;Aylık;U_MKTS;Motorlu Kara Taşıtları Sayısı;M01;Ocak;1;Benzinli;PN;Sayı;2022-01;3522102;;;;;;;;;;;;
TR;Türkiye;M;Aylık;U_MKTS;Motorlu Kara Taşıtları Sayısı;M01;Ocak;1;Benzinli;PN;Sayı;2021-01;3234305;;;;;;;;;;;;
TR;Türkiye;M;Aylık;U_MKTS;Motorlu Kara Taşıtları Sayısı;M01;Ocak;1;Benzinli;PN;Sayı;2020-01;3037617;;;;;;;;;;;;
TR;Türkiye;M;Aylık;U_MKTS;Motorlu Kara Taşıtları Sayısı;M01;Ocak;1;Benzinli;PN;Sayı;2019-01;3093605;;;;;;;;;;;;
TR;Türkiye;M;Aylık;U_MKTS;Motorlu Kara Taşıtları Sayısı;M01;Ocak;1;Benzinli;PN;Sayı;2018-01;3129841;;;;;;;;;;;;
TR;Türkiye;M;Aylık;U_MKTS;Motorlu Kara Taşıtları Sayısı;M01;Ocak;1;Benzinli;PN;Sayı;2017-01;3044258;;;;;;;;;;;;
TR;Türkiye;M;Aylık;U_MKTS;Motorlu Kara Taşıtları Sayısı;M01;Ocak;1;Benzinli;PN;Sayı;2016-01;2936502;;;;;;;;;;;;
TR;Türkiye;M;Aylık;U_MKTS;Motorlu Kara Taşıtları Sayısı;M01;Ocak;1;Benzinli;PN;Sayı;2015-01;2866274;;;;;;;;;;;;
TR;Türkiye;M;Aylık;U_MKTS;Motorlu Kara Taşıtları Sayısı;M01;Ocak;1;Benzinli;PN;Sayı;2014-01;2897959;;;;;;;;;;;;
TR;Türkiye;M;Aylık;U_MKTS;Motorlu Kara Taşıtları Sayısı;M01;Ocak;1;Benzinli;PN;Sayı;2013-01;2934451;;;;;;;;;;;;
TR;Türkiye;M;Aylık;U_MKTS;Motorlu Kara Taşıtları Sayısı;M01;Ocak;1;Benzinli;PN;Sayı;2012-01;3035058;;;;;;;;;;;;
TR;Türkiye;M;Aylık;U_MKTS;Motorlu Kara Taşıtları Sayısı;M01;Ocak;1;Benzinli;PN;Sayı;2011-01;3199394;;;;;;;;;;;;
TR;Türkiye;M;Aylık;U_MKTS;Motorlu Kara Taşıtları Sayısı;M01;Ocak;1;Benzinli;PN;Sayı;2010-01;3366645;;;;;;;;;;;;
TR;Türkiye;M;Aylık;U_MKTS;Motorlu Kara Taşıtları Sayısı;M01;Ocak;1;Benzinli;PN;Sayı;2009-01;3525486;;;;;;;;;;;;
TR;Türkiye;M;Aylık;U_MKTS;Motorlu Kara Taşıtları Sayısı;M01;Ocak;1;Benzinli;PN;Sayı;2008-01;3711118;;;;;;;;;;;;
TR;Türkiye;M;Aylık;U_MKTS;Motorlu Kara Taşıtları Sayısı;M01;Ocak;1;Benzinli;PN;Sayı;2007-01;3833010;;;;;;;;;;;;
TR;Türkiye;M;Aylık;U_MKTS;Motorlu Kara Taşıtları Sayısı;M01;Ocak;1;Benzinli;PN;Sayı;2006-01;3895574;;;;;;;;;;;;
TR;Türkiye;M;Aylık;U_MKTS;Motorlu Kara Taşıtları Sayısı;M01;Ocak;1;Benzinli;PN;Sayı;2005-01;4057150;;;;;;;;;;;;
TR;Türkiye;M;Aylık;U_MKTS;Motorlu Kara Taşıtları Sayısı;M01;Ocak;2;Dizel;PT;Yüzde;2026-01;32.5;;;;;;;;;;;;
TR;Türkiye;M;Aylık;U_MKTS;Motorlu Kara Taşıtları Sayısı;M01;Ocak;2;Dizel;PT;Yüzde;2025-01;33.99;;;;;;;;;;;;
TR;Türkiye;M;Aylık;U_MKTS;Motorlu Kara Taşıtları Sayısı;M01;Ocak;2;Dizel;PT;Yüzde;2024-01;35.48;;;;;;;;;;;;
TR;Türkiye;M;Aylık;U_MKTS;Motorlu Kara Taşıtları Sayısı;M01;Ocak;2;Dizel;PT;Yüzde;2023-01;36.79;;;;;;;;;;;;
TR;Türkiye;M;Aylık;U_MKTS;Motorlu Kara Taşıtları Sayısı;M01;Ocak;2;Dizel;PT;Yüzde;2022-01;37.58;;;;;;;;;;;;
TR;Türkiye;M;Aylık;U_MKTS;Motorlu Kara Taşıtları Sayısı;M01;Ocak;2;Dizel;PT;Yüzde;2021-01;38.27;;;;;;;;;;;;
TR;Türkiye;M;Aylık;U_MKTS;Motorlu Kara Taşıtları Sayısı;M01;Ocak;2;Dizel;PT;Yüzde;2020-01;38.19;;;;;;;;;;;;
TR;Türkiye;M;Aylık;U_MKTS;Motorlu Kara Taşıtları Sayısı;M01;Ocak;2;Dizel;PT;Yüzde;2019-01;36.95;;;;;;;;;;;;
TR;Türkiye;M;Aylık;U_MKTS;Motorlu Kara Taşıtları Sayısı;M01;Ocak;2;Dizel;PT;Yüzde;2018-01;35.55;;;;;;;;;;;;
TR;Türkiye;M;Aylık;U_MKTS;Motorlu Kara Taşıtları Sayısı;M01;Ocak;2;Dizel;PT;Yüzde;2017-01;33.85;;;;;;;;;;;;
TR;Türkiye;M;Aylık;U_MKTS;Motorlu Kara Taşıtları Sayısı;M01;Ocak;2;Dizel;PT;Yüzde;2016-01;31.84;;;;;;;;;;;;
TR;Türkiye;M;Aylık;U_MKTS;Motorlu Kara Taşıtları Sayısı;M01;Ocak;2;Dizel;PT;Yüzde;2015-01;29.58;;;;;;;;;;;;
TR;Türkiye;M;Aylık;U_MKTS;Motorlu Kara Taşıtları Sayısı;M01;Ocak;2;Dizel;PT;Yüzde;2014-01;27.24;;;;;;;;;;;;
TR;Türkiye;M;Aylık;U_MKTS;Motorlu Kara Taşıtları Sayısı;M01;Ocak;2;Dizel;PT;Yüzde;2013-01;24.61;;;;;;;;;;;;
TR;Türkiye;M;Aylık;U_MKTS;Motorlu Kara Taşıtları Sayısı;M01;Ocak;2;Dizel;PT;Yüzde;2012-01;22.May;;;;;;;;;;;;
TR;Türkiye;M;Aylık;U_MKTS;Motorlu Kara Taşıtları Sayısı;M01;Ocak;2;Dizel;PT;Yüzde;2011-01;18.81;;;;;;;;;;;;
TR;Türkiye;M;Aylık;U_MKTS;Motorlu Kara Taşıtları Sayısı;M01;Ocak;2;Dizel;PT;Yüzde;2010-01;15.Eyl;;;;;;;;;;;;
TR;Türkiye;M;Aylık;U_MKTS;Motorlu Kara Taşıtları Sayısı;M01;Ocak;2;Dizel;PT;Yüzde;2009-01;14.Kas;;;;;;;;;;;;
TR;Türkiye;M;Aylık;U_MKTS;Motorlu Kara Taşıtları Sayısı;M01;Ocak;2;Dizel;PT;Yüzde;2008-01;Ara.18;;;;;;;;;;;;
TR;Türkiye;M;Aylık;U_MKTS;Motorlu Kara Taşıtları Sayısı;M01;Ocak;2;Dizel;PT;Yüzde;2007-01;Eyl.75;;;;;;;;;;;;
TR;Türkiye;M;Aylık;U_MKTS;Motorlu Kara Taşıtları Sayısı;M01;Ocak;2;Dizel;PT;Yüzde;2006-01;Tem.26;;;;;;;;;;;;
TR;Türkiye;M;Aylık;U_MKTS;Motorlu Kara Taşıtları Sayısı;M01;Ocak;2;Dizel;PT;Yüzde;2005-01;Nis.78;;;;;;;;;;;;
TR;Türkiye;M;Aylık;U_MKTS;Motorlu Kara Taşıtları Sayısı;M01;Ocak;2;Dizel;PN;Sayı;2026-01;5674307;;;;;;;;;;;;
TR;Türkiye;M;Aylık;U_MKTS;Motorlu Kara Taşıtları Sayısı;M01;Ocak;2;Dizel;PN;Sayı;2025-01;5553258;;;;;;;;;;;;
TR;Türkiye;M;Aylık;U_MKTS;Motorlu Kara Taşıtları Sayısı;M01;Ocak;2;Dizel;PN;Sayı;2024-01;5441233;;;;;;;;;;;;
TR;Türkiye;M;Aylık;U_MKTS;Motorlu Kara Taşıtları Sayısı;M01;Ocak;2;Dizel;PN;Sayı;2023-01;5280291;;;;;;;;;;;;
TR;Türkiye;M;Aylık;U_MKTS;Motorlu Kara Taşıtları Sayısı;M01;Ocak;2;Dizel;PN;Sayı;2022-01;5166289;;;;;;;;;;;;
TR;Türkiye;M;Aylık;U_MKTS;Motorlu Kara Taşıtları Sayısı;M01;Ocak;2;Dizel;PN;Sayı;2021-01;5040785;;;;;;;;;;;;
TR;Türkiye;M;Aylık;U_MKTS;Motorlu Kara Taşıtları Sayısı;M01;Ocak;2;Dizel;PN;Sayı;2020-01;4799571;;;;;;;;;;;;
TR;Türkiye;M;Aylık;U_MKTS;Motorlu Kara Taşıtları Sayısı;M01;Ocak;2;Dizel;PN;Sayı;2019-01;4596109;;;;;;;;;;;;
TR;Türkiye;M;Aylık;U_MKTS;Motorlu Kara Taşıtları Sayısı;M01;Ocak;2;Dizel;PN;Sayı;2018-01;4303711;;;;;;;;;;;;
TR;Türkiye;M;Aylık;U_MKTS;Motorlu Kara Taşıtları Sayısı;M01;Ocak;2;Dizel;PN;Sayı;2017-01;3859039;;;;;;;;;;;;
TR;Türkiye;M;Aylık;U_MKTS;Motorlu Kara Taşıtları Sayısı;M01;Ocak;2;Dizel;PN;Sayı;2016-01;3393284;;;;;;;;;;;;
TR;Türkiye;M;Aylık;U_MKTS;Motorlu Kara Taşıtları Sayısı;M01;Ocak;2;Dizel;PN;Sayı;2015-01;2942000;;;;;;;;;;;;
TR;Türkiye;M;Aylık;U_MKTS;Motorlu Kara Taşıtları Sayısı;M01;Ocak;2;Dizel;PN;Sayı;2014-01;2550697;;;;;;;;;;;;
TR;Türkiye;M;Aylık;U_MKTS;Motorlu Kara Taşıtları Sayısı;M01;Ocak;2;Dizel;PN;Sayı;2013-01;2146774;;;;;;;;;;;;
TR;Türkiye;M;Aylık;U_MKTS;Motorlu Kara Taşıtları Sayısı;M01;Ocak;2;Dizel;PN;Sayı;2012-01;1805234;;;;;;;;;;;;
TR;Türkiye;M;Aylık;U_MKTS;Motorlu Kara Taşıtları Sayısı;M01;Ocak;2;Dizel;PN;Sayı;2011-01;1436023;;;;;;;;;;;;
TR;Türkiye;M;Aylık;U_MKTS;Motorlu Kara Taşıtları Sayısı;M01;Ocak;2;Dizel;PN;Sayı;2010-01;1135121;;;;;;;;;;;;
TR;Türkiye;M;Aylık;U_MKTS;Motorlu Kara Taşıtları Sayısı;M01;Ocak;2;Dizel;PN;Sayı;2009-01;963184;;;;;;;;;;;;
TR;Türkiye;M;Aylık;U_MKTS;Motorlu Kara Taşıtları Sayısı;M01;Ocak;2;Dizel;PN;Sayı;2008-01;794241;;;;;;;;;;;;
TR;Türkiye;M;Aylık;U_MKTS;Motorlu Kara Taşıtları Sayısı;M01;Ocak;2;Dizel;PN;Sayı;2007-01;602078;;;;;;;;;;;;
TR;Türkiye;M;Aylık;U_MKTS;Motorlu Kara Taşıtları Sayısı;M01;Ocak;2;Dizel;PN;Sayı;2006-01;423211;;;;;;;;;;;;
TR;Türkiye;M;Aylık;U_MKTS;Motorlu Kara Taşıtları Sayısı;M01;Ocak;2;Dizel;PN;Sayı;2005-01;259419;;;;;;;;;;;;
TR;Türkiye;M;Aylık;U_MKTS;Motorlu Kara Taşıtları Sayısı;M01;Ocak;6;LPG;PT;Yüzde;2026-01;29.99;;;;;;;;;;;;
TR;Türkiye;M;Aylık;U_MKTS;Motorlu Kara Taşıtları Sayısı;M01;Ocak;6;LPG;PT;Yüzde;2025-01;31.69;;;;;;;;;;;;
TR;Türkiye;M;Aylık;U_MKTS;Motorlu Kara Taşıtları Sayısı;M01;Ocak;6;LPG;PT;Yüzde;2024-01;33.27;;;;;;;;;;;;
TR;Türkiye;M;Aylık;U_MKTS;Motorlu Kara Taşıtları Sayısı;M01;Ocak;6;LPG;PT;Yüzde;2023-01;34.92;;;;;;;;;;;;
TR;Türkiye;M;Aylık;U_MKTS;Motorlu Kara Taşıtları Sayısı;M01;Ocak;6;LPG;PT;Yüzde;2022-01;35.84;;;;;;;;;;;;
TR;Türkiye;M;Aylık;U_MKTS;Motorlu Kara Taşıtları Sayısı;M01;Ocak;6;LPG;PT;Yüzde;2021-01;36.59;;;;;;;;;;;;
TR;Türkiye;M;Aylık;U_MKTS;Motorlu Kara Taşıtları Sayısı;M01;Ocak;6;LPG;PT;Yüzde;2020-01;37.22;;;;;;;;;;;;
TR;Türkiye;M;Aylık;U_MKTS;Motorlu Kara Taşıtları Sayısı;M01;Ocak;6;LPG;PT;Yüzde;2019-01;37.82;;;;;;;;;;;;
TR;Türkiye;M;Aylık;U_MKTS;Motorlu Kara Taşıtları Sayısı;M01;Ocak;6;LPG;PT;Yüzde;2018-01;38.25;;;;;;;;;;;;
TR;Türkiye;M;Aylık;U_MKTS;Motorlu Kara Taşıtları Sayısı;M01;Ocak;6;LPG;PT;Yüzde;2017-01;39.08;;;;;;;;;;;;
TR;Türkiye;M;Aylık;U_MKTS;Motorlu Kara Taşıtları Sayısı;M01;Ocak;6;LPG;PT;Yüzde;2016-01;40.19;;;;;;;;;;;;
TR;Türkiye;M;Aylık;U_MKTS;Motorlu Kara Taşıtları Sayısı;M01;Ocak;6;LPG;PT;Yüzde;2015-01;41.16;;;;;;;;;;;;
TR;Türkiye;M;Aylık;U_MKTS;Motorlu Kara Taşıtları Sayısı;M01;Ocak;6;LPG;PT;Yüzde;2014-01;41.33;;;;;;;;;;;;
TR;Türkiye;M;Aylık;U_MKTS;Motorlu Kara Taşıtları Sayısı;M01;Ocak;6;LPG;PT;Yüzde;2013-01;41.18;;;;;;;;;;;;
TR;Türkiye;M;Aylık;U_MKTS;Motorlu Kara Taşıtları Sayısı;M01;Ocak;6;LPG;PT;Yüzde;2012-01;40.12;;;;;;;;;;;;
TR;Türkiye;M;Aylık;U_MKTS;Motorlu Kara Taşıtları Sayısı;M01;Ocak;6;LPG;PT;Yüzde;2011-01;38.36;;;;;;;;;;;;
TR;Türkiye;M;Aylık;U_MKTS;Motorlu Kara Taşıtları Sayısı;M01;Ocak;6;LPG;PT;Yüzde;2010-01;35.78;;;;;;;;;;;;
TR;Türkiye;M;Aylık;U_MKTS;Motorlu Kara Taşıtları Sayısı;M01;Ocak;6;LPG;PT;Yüzde;2009-01;32.78;;;;;;;;;;;;
TR;Türkiye;M;Aylık;U_MKTS;Motorlu Kara Taşıtları Sayısı;M01;Ocak;6;LPG;PT;Yüzde;2008-01;28.41;;;;;;;;;;;;
TR;Türkiye;M;Aylık;U_MKTS;Motorlu Kara Taşıtları Sayısı;M01;Ocak;6;LPG;PT;Yüzde;2007-01;25.Nis;;;;;;;;;;;;
TR;Türkiye;M;Aylık;U_MKTS;Motorlu Kara Taşıtları Sayısı;M01;Ocak;6;LPG;PT;Yüzde;2006-01;22;;;;;;;;;;;;
TR;Türkiye;M;Aylık;U_MKTS;Motorlu Kara Taşıtları Sayısı;M01;Ocak;6;LPG;PT;Yüzde;2005-01;15.Kas;;;;;;;;;;;;
TR;Türkiye;M;Aylık;U_MKTS;Motorlu Kara Taşıtları Sayısı;M01;Ocak;6;LPG;PN;Sayı;2026-01;5234974;;;;;;;;;;;;
TR;Türkiye;M;Aylık;U_MKTS;Motorlu Kara Taşıtları Sayısı;M01;Ocak;6;LPG;PN;Sayı;2025-01;5177122;;;;;;;;;;;;
TR;Türkiye;M;Aylık;U_MKTS;Motorlu Kara Taşıtları Sayısı;M01;Ocak;6;LPG;PN;Sayı;2024-01;5101330;;;;;;;;;;;;
TR;Türkiye;M;Aylık;U_MKTS;Motorlu Kara Taşıtları Sayısı;M01;Ocak;6;LPG;PN;Sayı;2023-01;5011448;;;;;;;;;;;;
TR;Türkiye;M;Aylık;U_MKTS;Motorlu Kara Taşıtları Sayısı;M01;Ocak;6;LPG;PN;Sayı;2022-01;4926618;;;;;;;;;;;;
TR;Türkiye;M;Aylık;U_MKTS;Motorlu Kara Taşıtları Sayısı;M01;Ocak;6;LPG;PN;Sayı;2021-01;4820260;;;;;;;;;;;;
TR;Türkiye;M;Aylık;U_MKTS;Motorlu Kara Taşıtları Sayısı;M01;Ocak;6;LPG;PN;Sayı;2020-01;4677516;;;;;;;;;;;;
TR;Türkiye;M;Aylık;U_MKTS;Motorlu Kara Taşıtları Sayısı;M01;Ocak;6;LPG;PN;Sayı;2019-01;4703163;;;;;;;;;;;;
TR;Türkiye;M;Aylık;U_MKTS;Motorlu Kara Taşıtları Sayısı;M01;Ocak;6;LPG;PN;Sayı;2018-01;4630748;;;;;;;;;;;;
TR;Türkiye;M;Aylık;U_MKTS;Motorlu Kara Taşıtları Sayısı;M01;Ocak;6;LPG;PN;Sayı;2017-01;4455332;;;;;;;;;;;;
TR;Türkiye;M;Aylık;U_MKTS;Motorlu Kara Taşıtları Sayısı;M01;Ocak;6;LPG;PN;Sayı;2016-01;4283458;;;;;;;;;;;;
TR;Türkiye;M;Aylık;U_MKTS;Motorlu Kara Taşıtları Sayısı;M01;Ocak;6;LPG;PN;Sayı;2015-01;4093124;;;;;;;;;;;;
TR;Türkiye;M;Aylık;U_MKTS;Motorlu Kara Taşıtları Sayısı;M01;Ocak;6;LPG;PN;Sayı;2014-01;3871035;;;;;;;;;;;;
TR;Türkiye;M;Aylık;U_MKTS;Motorlu Kara Taşıtları Sayısı;M01;Ocak;6;LPG;PN;Sayı;2013-01;3591266;;;;;;;;;;;;
TR;Türkiye;M;Aylık;U_MKTS;Motorlu Kara Taşıtları Sayısı;M01;Ocak;6;LPG;PN;Sayı;2012-01;3284269;;;;;;;;;;;;
TR;Türkiye;M;Aylık;U_MKTS;Motorlu Kara Taşıtları Sayısı;M01;Ocak;6;LPG;PN;Sayı;2011-01;2928423;;;;;;;;;;;;
TR;Türkiye;M;Aylık;U_MKTS;Motorlu Kara Taşıtları Sayısı;M01;Ocak;6;LPG;PN;Sayı;2010-01;2553651;;;;;;;;;;;;
TR;Türkiye;M;Aylık;U_MKTS;Motorlu Kara Taşıtları Sayısı;M01;Ocak;6;LPG;PN;Sayı;2009-01;2237096;;;;;;;;;;;;
TR;Türkiye;M;Aylık;U_MKTS;Motorlu Kara Taşıtları Sayısı;M01;Ocak;6;LPG;PN;Sayı;2008-01;1853071;;;;;;;;;;;;
TR;Türkiye;M;Aylık;U_MKTS;Motorlu Kara Taşıtları Sayısı;M01;Ocak;6;LPG;PN;Sayı;2007-01;1545676;;;;;;;;;;;;
TR;Türkiye;M;Aylık;U_MKTS;Motorlu Kara Taşıtları Sayısı;M01;Ocak;6;LPG;PN;Sayı;2006-01;1283207;;;;;;;;;;;;
TR;Türkiye;M;Aylık;U_MKTS;Motorlu Kara Taşıtları Sayısı;M01;Ocak;6;LPG;PN;Sayı;2005-01;819015;;;;;;;;;;;;
TR;Türkiye;M;Aylık;U_MKTS;Motorlu Kara Taşıtları Sayısı;M01;Ocak;20;Hibrit;PT;Yüzde;2026-01;Nis.13;;;;;;;;;;;;
TR;Türkiye;M;Aylık;U_MKTS;Motorlu Kara Taşıtları Sayısı;M01;Ocak;20;Hibrit;PT;Yüzde;2025-01;Şub.55;;;;;;;;;;;;
TR;Türkiye;M;Aylık;U_MKTS;Motorlu Kara Taşıtları Sayısı;M01;Ocak;20;Hibrit;PT;Yüzde;2024-01;Oca.53;;;;;;;;;;;;
TR;Türkiye;M;Aylık;U_MKTS;Motorlu Kara Taşıtları Sayısı;M01;Ocak;20;Hibrit;PT;Yüzde;2023-01;0.98;;;;;;;;;;;;
TR;Türkiye;M;Aylık;U_MKTS;Motorlu Kara Taşıtları Sayısı;M01;Ocak;20;Hibrit;PT;Yüzde;2022-01;0.66;;;;;;;;;;;;
TR;Türkiye;M;Aylık;U_MKTS;Motorlu Kara Taşıtları Sayısı;M01;Ocak;20;Hibrit;PT;Yüzde;2021-01;0.28;;;;;;;;;;;;
TR;Türkiye;M;Aylık;U_MKTS;Motorlu Kara Taşıtları Sayısı;M01;Ocak;20;Hibrit;PT;Yüzde;2020-01;0.12;;;;;;;;;;;;
TR;Türkiye;M;Aylık;U_MKTS;Motorlu Kara Taşıtları Sayısı;M01;Ocak;20;Hibrit;PT;Yüzde;2019-01;0.04;;;;;;;;;;;;
TR;Türkiye;M;Aylık;U_MKTS;Motorlu Kara Taşıtları Sayısı;M01;Ocak;20;Hibrit;PT;Yüzde;2018-01;0.01;;;;;;;;;;;;
TR;Türkiye;M;Aylık;U_MKTS;Motorlu Kara Taşıtları Sayısı;M01;Ocak;20;Hibrit;PT;Yüzde;2017-01;0;;;;;;;;;;;;
TR;Türkiye;M;Aylık;U_MKTS;Motorlu Kara Taşıtları Sayısı;M01;Ocak;20;Hibrit;PT;Yüzde;2016-01;0;;;;;;;;;;;;
TR;Türkiye;M;Aylık;U_MKTS;Motorlu Kara Taşıtları Sayısı;M01;Ocak;20;Hibrit;PT;Yüzde;2015-01;0;;;;;;;;;;;;
TR;Türkiye;M;Aylık;U_MKTS;Motorlu Kara Taşıtları Sayısı;M01;Ocak;20;Hibrit;PT;Yüzde;2014-01;0;;;;;;;;;;;;
TR;Türkiye;M;Aylık;U_MKTS;Motorlu Kara Taşıtları Sayısı;M01;Ocak;20;Hibrit;PT;Yüzde;2013-01;0;;;;;;;;;;;;
TR;Türkiye;M;Aylık;U_MKTS;Motorlu Kara Taşıtları Sayısı;M01;Ocak;20;Hibrit;PT;Yüzde;2012-01;0;;;;;;;;;;;;
TR;Türkiye;M;Aylık;U_MKTS;Motorlu Kara Taşıtları Sayısı;M01;Ocak;20;Hibrit;PN;Sayı;2026-01;720237;;;;;;;;;;;;
TR;Türkiye;M;Aylık;U_MKTS;Motorlu Kara Taşıtları Sayısı;M01;Ocak;20;Hibrit;PN;Sayı;2025-01;417394;;;;;;;;;;;;
TR;Türkiye;M;Aylık;U_MKTS;Motorlu Kara Taşıtları Sayısı;M01;Ocak;20;Hibrit;PN;Sayı;2024-01;235182;;;;;;;;;;;;
TR;Türkiye;M;Aylık;U_MKTS;Motorlu Kara Taşıtları Sayısı;M01;Ocak;20;Hibrit;PN;Sayı;2023-01;140639;;;;;;;;;;;;
TR;Türkiye;M;Aylık;U_MKTS;Motorlu Kara Taşıtları Sayısı;M01;Ocak;20;Hibrit;PN;Sayı;2022-01;90259;;;;;;;;;;;;
TR;Türkiye;M;Aylık;U_MKTS;Motorlu Kara Taşıtları Sayısı;M01;Ocak;20;Hibrit;PN;Sayı;2021-01;37367;;;;;;;;;;;;
TR;Türkiye;M;Aylık;U_MKTS;Motorlu Kara Taşıtları Sayısı;M01;Ocak;20;Hibrit;PN;Sayı;2020-01;15161;;;;;;;;;;;;
TR;Türkiye;M;Aylık;U_MKTS;Motorlu Kara Taşıtları Sayısı;M01;Ocak;20;Hibrit;PN;Sayı;2019-01;4762;;;;;;;;;;;;
TR;Türkiye;M;Aylık;U_MKTS;Motorlu Kara Taşıtları Sayısı;M01;Ocak;20;Hibrit;PN;Sayı;2018-01;966;;;;;;;;;;;;
TR;Türkiye;M;Aylık;U_MKTS;Motorlu Kara Taşıtları Sayısı;M01;Ocak;20;Hibrit;PN;Sayı;2017-01;544;;;;;;;;;;;;
TR;Türkiye;M;Aylık;U_MKTS;Motorlu Kara Taşıtları Sayısı;M01;Ocak;20;Hibrit;PN;Sayı;2016-01;330;;;;;;;;;;;;
TR;Türkiye;M;Aylık;U_MKTS;Motorlu Kara Taşıtları Sayısı;M01;Ocak;20;Hibrit;PN;Sayı;2015-01;119;;;;;;;;;;;;
TR;Türkiye;M;Aylık;U_MKTS;Motorlu Kara Taşıtları Sayısı;M01;Ocak;20;Hibrit;PN;Sayı;2014-01;83;;;;;;;;;;;;
TR;Türkiye;M;Aylık;U_MKTS;Motorlu Kara Taşıtları Sayısı;M01;Ocak;20;Hibrit;PN;Sayı;2013-01;58;;;;;;;;;;;;
TR;Türkiye;M;Aylık;U_MKTS;Motorlu Kara Taşıtları Sayısı;M01;Ocak;20;Hibrit;PN;Sayı;2012-01;24;;;;;;;;;;;;
TR;Türkiye;M;Aylık;U_MKTS;Motorlu Kara Taşıtları Sayısı;M01;Ocak;5;Elektrik;PT;Yüzde;2026-01;Şub.21;;;;;;;;;;;;
TR;Türkiye;M;Aylık;U_MKTS;Motorlu Kara Taşıtları Sayısı;M01;Ocak;5;Elektrik;PT;Yüzde;2025-01;1.Şub;;;;;;;;;;;;
TR;Türkiye;M;Aylık;U_MKTS;Motorlu Kara Taşıtları Sayısı;M01;Ocak;5;Elektrik;PT;Yüzde;2024-01;0.57;;;;;;;;;;;;
TR;Türkiye;M;Aylık;U_MKTS;Motorlu Kara Taşıtları Sayısı;M01;Ocak;5;Elektrik;PT;Yüzde;2023-01;0.11;;;;;;;;;;;;
TR;Türkiye;M;Aylık;U_MKTS;Motorlu Kara Taşıtları Sayısı;M01;Ocak;5;Elektrik;PT;Yüzde;2022-01;0.05;;;;;;;;;;;;
TR;Türkiye;M;Aylık;U_MKTS;Motorlu Kara Taşıtları Sayısı;M01;Ocak;5;Elektrik;PT;Yüzde;2021-01;0.02;;;;;;;;;;;;
TR;Türkiye;M;Aylık;U_MKTS;Motorlu Kara Taşıtları Sayısı;M01;Ocak;5;Elektrik;PT;Yüzde;2020-01;0.01;;;;;;;;;;;;
TR;Türkiye;M;Aylık;U_MKTS;Motorlu Kara Taşıtları Sayısı;M01;Ocak;5;Elektrik;PT;Yüzde;2019-01;0.01;;;;;;;;;;;;
TR;Türkiye;M;Aylık;U_MKTS;Motorlu Kara Taşıtları Sayısı;M01;Ocak;5;Elektrik;PT;Yüzde;2018-01;0.01;;;;;;;;;;;;
TR;Türkiye;M;Aylık;U_MKTS;Motorlu Kara Taşıtları Sayısı;M01;Ocak;5;Elektrik;PT;Yüzde;2017-01;0.01;;;;;;;;;;;;
TR;Türkiye;M;Aylık;U_MKTS;Motorlu Kara Taşıtları Sayısı;M01;Ocak;5;Elektrik;PT;Yüzde;2016-01;0.01;;;;;;;;;;;;
TR;Türkiye;M;Aylık;U_MKTS;Motorlu Kara Taşıtları Sayısı;M01;Ocak;5;Elektrik;PT;Yüzde;2015-01;0;;;;;;;;;;;;
TR;Türkiye;M;Aylık;U_MKTS;Motorlu Kara Taşıtları Sayısı;M01;Ocak;5;Elektrik;PT;Yüzde;2014-01;0;;;;;;;;;;;;
TR;Türkiye;M;Aylık;U_MKTS;Motorlu Kara Taşıtları Sayısı;M01;Ocak;5;Elektrik;PT;Yüzde;2013-01;0;;;;;;;;;;;;
TR;Türkiye;M;Aylık;U_MKTS;Motorlu Kara Taşıtları Sayısı;M01;Ocak;5;Elektrik;PT;Yüzde;2012-01;0;;;;;;;;;;;;
TR;Türkiye;M;Aylık;U_MKTS;Motorlu Kara Taşıtları Sayısı;M01;Ocak;5;Elektrik;PT;Yüzde;2011-01;0;;;;;;;;;;;;
TR;Türkiye;M;Aylık;U_MKTS;Motorlu Kara Taşıtları Sayısı;M01;Ocak;5;Elektrik;PN;Sayı;2026-01;385876;;;;;;;;;;;;
TR;Türkiye;M;Aylık;U_MKTS;Motorlu Kara Taşıtları Sayısı;M01;Ocak;5;Elektrik;PN;Sayı;2025-01;196141;;;;;;;;;;;;
TR;Türkiye;M;Aylık;U_MKTS;Motorlu Kara Taşıtları Sayısı;M01;Ocak;5;Elektrik;PN;Sayı;2024-01;87941;;;;;;;;;;;;
TR;Türkiye;M;Aylık;U_MKTS;Motorlu Kara Taşıtları Sayısı;M01;Ocak;5;Elektrik;PN;Sayı;2023-01;16233;;;;;;;;;;;;
TR;Türkiye;M;Aylık;U_MKTS;Motorlu Kara Taşıtları Sayısı;M01;Ocak;5;Elektrik;PN;Sayı;2022-01;6571;;;;;;;;;;;;
TR;Türkiye;M;Aylık;U_MKTS;Motorlu Kara Taşıtları Sayısı;M01;Ocak;5;Elektrik;PN;Sayı;2021-01;3132;;;;;;;;;;;;
TR;Türkiye;M;Aylık;U_MKTS;Motorlu Kara Taşıtları Sayısı;M01;Ocak;5;Elektrik;PN;Sayı;2020-01;1212;;;;;;;;;;;;
TR;Türkiye;M;Aylık;U_MKTS;Motorlu Kara Taşıtları Sayısı;M01;Ocak;5;Elektrik;PN;Sayı;2019-01;957;;;;;;;;;;;;
TR;Türkiye;M;Aylık;U_MKTS;Motorlu Kara Taşıtları Sayısı;M01;Ocak;5;Elektrik;PN;Sayı;2018-01;775;;;;;;;;;;;;
TR;Türkiye;M;Aylık;U_MKTS;Motorlu Kara Taşıtları Sayısı;M01;Ocak;5;Elektrik;PN;Sayı;2017-01;645;;;;;;;;;;;;
TR;Türkiye;M;Aylık;U_MKTS;Motorlu Kara Taşıtları Sayısı;M01;Ocak;5;Elektrik;PN;Sayı;2016-01;573;;;;;;;;;;;;
TR;Türkiye;M;Aylık;U_MKTS;Motorlu Kara Taşıtları Sayısı;M01;Ocak;5;Elektrik;PN;Sayı;2015-01;422;;;;;;;;;;;;
TR;Türkiye;M;Aylık;U_MKTS;Motorlu Kara Taşıtları Sayısı;M01;Ocak;5;Elektrik;PN;Sayı;2014-01;354;;;;;;;;;;;;
TR;Türkiye;M;Aylık;U_MKTS;Motorlu Kara Taşıtları Sayısı;M01;Ocak;5;Elektrik;PN;Sayı;2013-01;310;;;;;;;;;;;;
TR;Türkiye;M;Aylık;U_MKTS;Motorlu Kara Taşıtları Sayısı;M01;Ocak;5;Elektrik;PN;Sayı;2012-01;42;;;;;;;;;;;;
TR;Türkiye;M;Aylık;U_MKTS;Motorlu Kara Taşıtları Sayısı;M01;Ocak;5;Elektrik;PN;Sayı;2011-01;18;;;;;;;;;;;;
TR;Türkiye;M;Aylık;U_MKTS;Motorlu Kara Taşıtları Sayısı;M01;Ocak;_U;Bilinmeyen;PT;Yüzde;2026-01;0.2;;;;;;;;;;;;
TR;Türkiye;M;Aylık;U_MKTS;Motorlu Kara Taşıtları Sayısı;M01;Ocak;_U;Bilinmeyen;PT;Yüzde;2025-01;0.22;;;;;;;;;;;;
TR;Türkiye;M;Aylık;U_MKTS;Motorlu Kara Taşıtları Sayısı;M01;Ocak;_U;Bilinmeyen;PT;Yüzde;2024-01;0.23;;;;;;;;;;;;
TR;Türkiye;M;Aylık;U_MKTS;Motorlu Kara Taşıtları Sayısı;M01;Ocak;_U;Bilinmeyen;PT;Yüzde;2023-01;0.25;;;;;;;;;;;;
TR;Türkiye;M;Aylık;U_MKTS;Motorlu Kara Taşıtları Sayısı;M01;Ocak;_U;Bilinmeyen;PT;Yüzde;2022-01;0.26;;;;;;;;;;;;
TR;Türkiye;M;Aylık;U_MKTS;Motorlu Kara Taşıtları Sayısı;M01;Ocak;_U;Bilinmeyen;PT;Yüzde;2021-01;0.28;;;;;;;;;;;;
TR;Türkiye;M;Aylık;U_MKTS;Motorlu Kara Taşıtları Sayısı;M01;Ocak;_U;Bilinmeyen;PT;Yüzde;2020-01;0.29;;;;;;;;;;;;
TR;Türkiye;M;Aylık;U_MKTS;Motorlu Kara Taşıtları Sayısı;M01;Ocak;_U;Bilinmeyen;PT;Yüzde;2019-01;0.31;;;;;;;;;;;;
TR;Türkiye;M;Aylık;U_MKTS;Motorlu Kara Taşıtları Sayısı;M01;Ocak;_U;Bilinmeyen;PT;Yüzde;2018-01;0.34;;;;;;;;;;;;
TR;Türkiye;M;Aylık;U_MKTS;Motorlu Kara Taşıtları Sayısı;M01;Ocak;_U;Bilinmeyen;PT;Yüzde;2017-01;0.37;;;;;;;;;;;;
TR;Türkiye;M;Aylık;U_MKTS;Motorlu Kara Taşıtları Sayısı;M01;Ocak;_U;Bilinmeyen;PT;Yüzde;2016-01;0.4;;;;;;;;;;;;
TR;Türkiye;M;Aylık;U_MKTS;Motorlu Kara Taşıtları Sayısı;M01;Ocak;_U;Bilinmeyen;PT;Yüzde;2015-01;0.43;;;;;;;;;;;;
TR;Türkiye;M;Aylık;U_MKTS;Motorlu Kara Taşıtları Sayısı;M01;Ocak;_U;Bilinmeyen;PT;Yüzde;2014-01;0.48;;;;;;;;;;;;
TR;Türkiye;M;Aylık;U_MKTS;Motorlu Kara Taşıtları Sayısı;M01;Ocak;_U;Bilinmeyen;PT;Yüzde;2013-01;0.56;;;;;;;;;;;;
TR;Türkiye;M;Aylık;U_MKTS;Motorlu Kara Taşıtları Sayısı;M01;Ocak;_U;Bilinmeyen;PT;Yüzde;2012-01;0.74;;;;;;;;;;;;
TR;Türkiye;M;Aylık;U_MKTS;Motorlu Kara Taşıtları Sayısı;M01;Ocak;_U;Bilinmeyen;PT;Yüzde;2011-01;0.92;;;;;;;;;;;;
TR;Türkiye;M;Aylık;U_MKTS;Motorlu Kara Taşıtları Sayısı;M01;Ocak;_U;Bilinmeyen;PT;Yüzde;2010-01;Oca.16;;;;;;;;;;;;
TR;Türkiye;M;Aylık;U_MKTS;Motorlu Kara Taşıtları Sayısı;M01;Ocak;_U;Bilinmeyen;PT;Yüzde;2009-01;Oca.46;;;;;;;;;;;;
TR;Türkiye;M;Aylık;U_MKTS;Motorlu Kara Taşıtları Sayısı;M01;Ocak;_U;Bilinmeyen;PT;Yüzde;2008-01;Şub.53;;;;;;;;;;;;
TR;Türkiye;M;Aylık;U_MKTS;Motorlu Kara Taşıtları Sayısı;M01;Ocak;_U;Bilinmeyen;PT;Yüzde;2007-01;3.Ara;;;;;;;;;;;;
TR;Türkiye;M;Aylık;U_MKTS;Motorlu Kara Taşıtları Sayısı;M01;Ocak;_U;Bilinmeyen;PT;Yüzde;2006-01;Mar.94;;;;;;;;;;;;
TR;Türkiye;M;Aylık;U_MKTS;Motorlu Kara Taşıtları Sayısı;M01;Ocak;_U;Bilinmeyen;PT;Yüzde;2005-01;May.28;;;;;;;;;;;;
TR;Türkiye;M;Aylık;U_MKTS;Motorlu Kara Taşıtları Sayısı;M01;Ocak;_U;Bilinmeyen;PN;Sayı;2026-01;34972;;;;;;;;;;;;
TR;Türkiye;M;Aylık;U_MKTS;Motorlu Kara Taşıtları Sayısı;M01;Ocak;_U;Bilinmeyen;PN;Sayı;2025-01;35265;;;;;;;;;;;;
TR;Türkiye;M;Aylık;U_MKTS;Motorlu Kara Taşıtları Sayısı;M01;Ocak;_U;Bilinmeyen;PN;Sayı;2024-01;35374;;;;;;;;;;;;
TR;Türkiye;M;Aylık;U_MKTS;Motorlu Kara Taşıtları Sayısı;M01;Ocak;_U;Bilinmeyen;PN;Sayı;2023-01;35579;;;;;;;;;;;;
TR;Türkiye;M;Aylık;U_MKTS;Motorlu Kara Taşıtları Sayısı;M01;Ocak;_U;Bilinmeyen;PN;Sayı;2022-01;35833;;;;;;;;;;;;
TR;Türkiye;M;Aylık;U_MKTS;Motorlu Kara Taşıtları Sayısı;M01;Ocak;_U;Bilinmeyen;PN;Sayı;2021-01;36262;;;;;;;;;;;;
TR;Türkiye;M;Aylık;U_MKTS;Motorlu Kara Taşıtları Sayısı;M01;Ocak;_U;Bilinmeyen;PN;Sayı;2020-01;36466;;;;;;;;;;;;
TR;Türkiye;M;Aylık;U_MKTS;Motorlu Kara Taşıtları Sayısı;M01;Ocak;_U;Bilinmeyen;PN;Sayı;2019-01;38654;;;;;;;;;;;;
TR;Türkiye;M;Aylık;U_MKTS;Motorlu Kara Taşıtları Sayısı;M01;Ocak;_U;Bilinmeyen;PN;Sayı;2018-01;40637;;;;;;;;;;;;
TR;Türkiye;M;Aylık;U_MKTS;Motorlu Kara Taşıtları Sayısı;M01;Ocak;_U;Bilinmeyen;PN;Sayı;2017-01;41634;;;;;;;;;;;;
TR;Türkiye;M;Aylık;U_MKTS;Motorlu Kara Taşıtları Sayısı;M01;Ocak;_U;Bilinmeyen;PN;Sayı;2016-01;42631;;;;;;;;;;;;
TR;Türkiye;M;Aylık;U_MKTS;Motorlu Kara Taşıtları Sayısı;M01;Ocak;_U;Bilinmeyen;PN;Sayı;2015-01;42366;;;;;;;;;;;;
TR;Türkiye;M;Aylık;U_MKTS;Motorlu Kara Taşıtları Sayısı;M01;Ocak;_U;Bilinmeyen;PN;Sayı;2014-01;45098;;;;;;;;;;;;
TR;Türkiye;M;Aylık;U_MKTS;Motorlu Kara Taşıtları Sayısı;M01;Ocak;_U;Bilinmeyen;PN;Sayı;2013-01;48819;;;;;;;;;;;;
TR;Türkiye;M;Aylık;U_MKTS;Motorlu Kara Taşıtları Sayısı;M01;Ocak;_U;Bilinmeyen;PN;Sayı;2012-01;60929;;;;;;;;;;;;
TR;Türkiye;M;Aylık;U_MKTS;Motorlu Kara Taşıtları Sayısı;M01;Ocak;_U;Bilinmeyen;PN;Sayı;2011-01;70518;;;;;;;;;;;;
TR;Türkiye;M;Aylık;U_MKTS;Motorlu Kara Taşıtları Sayısı;M01;Ocak;_U;Bilinmeyen;PN;Sayı;2010-01;82542;;;;;;;;;;;;
TR;Türkiye;M;Aylık;U_MKTS;Motorlu Kara Taşıtları Sayısı;M01;Ocak;_U;Bilinmeyen;PN;Sayı;2009-01;99676;;;;;;;;;;;;
TR;Türkiye;M;Aylık;U_MKTS;Motorlu Kara Taşıtları Sayısı;M01;Ocak;_U;Bilinmeyen;PN;Sayı;2008-01;164851;;;;;;;;;;;;
TR;Türkiye;M;Aylık;U_MKTS;Motorlu Kara Taşıtları Sayısı;M01;Ocak;_U;Bilinmeyen;PN;Sayı;2007-01;192675;;;;;;;;;;;;
TR;Türkiye;M;Aylık;U_MKTS;Motorlu Kara Taşıtları Sayısı;M01;Ocak;_U;Bilinmeyen;PN;Sayı;2006-01;229859;;;;;;;;;;;;
TR;Türkiye;M;Aylık;U_MKTS;Motorlu Kara Taşıtları Sayısı;M01;Ocak;_U;Bilinmeyen;PN;Sayı;2005-01;286337;;;;;;;;;;;;
TR;Türkiye;M;Aylık;U_MKTS;Motorlu Kara Taşıtları Sayısı;M02;Şubat;_T;Toplam;PT;Yüzde;2026-02;100;;;;;;;;;;;;
TR;Türkiye;M;Aylık;U_MKTS;Motorlu Kara Taşıtları Sayısı;M02;Şubat;_T;Toplam;PT;Yüzde;2025-02;100;;;;;;;;;;;;
TR;Türkiye;M;Aylık;U_MKTS;Motorlu Kara Taşıtları Sayısı;M02;Şubat;_T;Toplam;PT;Yüzde;2024-02;100;;;;;;;;;;;;
TR;Türkiye;M;Aylık;U_MKTS;Motorlu Kara Taşıtları Sayısı;M02;Şubat;_T;Toplam;PT;Yüzde;2023-02;100;;;;;;;;;;;;
TR;Türkiye;M;Aylık;U_MKTS;Motorlu Kara Taşıtları Sayısı;M02;Şubat;_T;Toplam;PT;Yüzde;2022-02;100;;;;;;;;;;;;
TR;Türkiye;M;Aylık;U_MKTS;Motorlu Kara Taşıtları Sayısı;M02;Şubat;_T;Toplam;PT;Yüzde;2021-02;100;;;;;;;;;;;;
TR;Türkiye;M;Aylık;U_MKTS;Motorlu Kara Taşıtları Sayısı;M02;Şubat;_T;Toplam;PT;Yüzde;2020-02;100;;;;;;;;;;;;
TR;Türkiye;M;Aylık;U_MKTS;Motorlu Kara Taşıtları Sayısı;M02;Şubat;_T;Toplam;PT;Yüzde;2019-02;100;;;;;;;;;;;;
TR;Türkiye;M;Aylık;U_MKTS;Motorlu Kara Taşıtları Sayısı;M02;Şubat;_T;Toplam;PT;Yüzde;2018-02;100;;;;;;;;;;;;
TR;Türkiye;M;Aylık;U_MKTS;Motorlu Kara Taşıtları Sayısı;M02;Şubat;_T;Toplam;PT;Yüzde;2017-02;100;;;;;;;;;;;;
TR;Türkiye;M;Aylık;U_MKTS;Motorlu Kara Taşıtları Sayısı;M02;Şubat;_T;Toplam;PT;Yüzde;2016-02;100;;;;;;;;;;;;
TR;Türkiye;M;Aylık;U_MKTS;Motorlu Kara Taşıtları Sayısı;M02;Şubat;_T;Toplam;PT;Yüzde;2015-02;100;;;;;;;;;;;;
TR;Türkiye;M;Aylık;U_MKTS;Motorlu Kara Taşıtları Sayısı;M02;Şubat;_T;Toplam;PT;Yüzde;2014-02;100;;;;;;;;;;;;
TR;Türkiye;M;Aylık;U_MKTS;Motorlu Kara Taşıtları Sayısı;M02;Şubat;_T;Toplam;PT;Yüzde;2013-02;100;;;;;;;;;;;;
TR;Türkiye;M;Aylık;U_MKTS;Motorlu Kara Taşıtları Sayısı;M02;Şubat;_T;Toplam;PT;Yüzde;2012-02;100;;;;;;;;;;;;
TR;Türkiye;M;Aylık;U_MKTS;Motorlu Kara Taşıtları Sayısı;M02;Şubat;_T;Toplam;PT;Yüzde;2011-02;100;;;;;;;;;;;;
TR;Türkiye;M;Aylık;U_MKTS;Motorlu Kara Taşıtları Sayısı;M02;Şubat;_T;Toplam;PT;Yüzde;2010-02;100;;;;;;;;;;;;
TR;Türkiye;M;Aylık;U_MKTS;Motorlu Kara Taşıtları Sayısı;M02;Şubat;_T;Toplam;PT;Yüzde;2009-02;100;;;;;;;;;;;;
TR;Türkiye;M;Aylık;U_MKTS;Motorlu Kara Taşıtları Sayısı;M02;Şubat;_T;Toplam;PT;Yüzde;2008-02;100;;;;;;;;;;;;
TR;Türkiye;M;Aylık;U_MKTS;Motorlu Kara Taşıtları Sayısı;M02;Şubat;_T;Toplam;PT;Yüzde;2007-02;100;;;;;;;;;;;;
TR;Türkiye;M;Aylık;U_MKTS;Motorlu Kara Taşıtları Sayısı;M02;Şubat;_T;Toplam;PT;Yüzde;2006-02;100;;;;;;;;;;;;
TR;Türkiye;M;Aylık;U_MKTS;Motorlu Kara Taşıtları Sayısı;M02;Şubat;_T;Toplam;PT;Yüzde;2005-02;100;;;;;;;;;;;;
TR;Türkiye;M;Aylık;U_MKTS;Motorlu Kara Taşıtları Sayısı;M02;Şubat;_T;Toplam;PN;Sayı;2026-02;17523423;;;;;;;;;;;;
TR;Türkiye;M;Aylık;U_MKTS;Motorlu Kara Taşıtları Sayısı;M02;Şubat;_T;Toplam;PN;Sayı;2025-02;16405235;;;;;;;;;;;;
TR;Türkiye;M;Aylık;U_MKTS;Motorlu Kara Taşıtları Sayısı;M02;Şubat;_T;Toplam;PN;Sayı;2024-02;15410282;;;;;;;;;;;;
TR;Türkiye;M;Aylık;U_MKTS;Motorlu Kara Taşıtları Sayısı;M02;Şubat;_T;Toplam;PN;Sayı;2023-02;14398349;;;;;;;;;;;;
TR;Türkiye;M;Aylık;U_MKTS;Motorlu Kara Taşıtları Sayısı;M02;Şubat;_T;Toplam;PN;Sayı;2022-02;13781610;;;;;;;;;;;;
TR;Türkiye;M;Aylık;U_MKTS;Motorlu Kara Taşıtları Sayısı;M02;Şubat;_T;Toplam;PN;Sayı;2021-02;13214599;;;;;;;;;;;;
TR;Türkiye;M;Aylık;U_MKTS;Motorlu Kara Taşıtları Sayısı;M02;Şubat;_T;Toplam;PN;Sayı;2020-02;12598885;;;;;;;;;;;;
TR;Türkiye;M;Aylık;U_MKTS;Motorlu Kara Taşıtları Sayısı;M02;Şubat;_T;Toplam;PN;Sayı;2019-02;12445592;;;;;;;;;;;;
TR;Türkiye;M;Aylık;U_MKTS;Motorlu Kara Taşıtları Sayısı;M02;Şubat;_T;Toplam;PN;Sayı;2018-02;12141248;;;;;;;;;;;;
TR;Türkiye;M;Aylık;U_MKTS;Motorlu Kara Taşıtları Sayısı;M02;Şubat;_T;Toplam;PN;Sayı;2017-02;11438415;;;;;;;;;;;;
TR;Türkiye;M;Aylık;U_MKTS;Motorlu Kara Taşıtları Sayısı;M02;Şubat;_T;Toplam;PN;Sayı;2016-02;10694597;;;;;;;;;;;;
TR;Türkiye;M;Aylık;U_MKTS;Motorlu Kara Taşıtları Sayısı;M02;Şubat;_T;Toplam;PN;Sayı;2015-02;9981045;;;;;;;;;;;;
TR;Türkiye;M;Aylık;U_MKTS;Motorlu Kara Taşıtları Sayısı;M02;Şubat;_T;Toplam;PN;Sayı;2014-02;9393391;;;;;;;;;;;;
TR;Türkiye;M;Aylık;U_MKTS;Motorlu Kara Taşıtları Sayısı;M02;Şubat;_T;Toplam;PN;Sayı;2013-02;8753802;;;;;;;;;;;;
TR;Türkiye;M;Aylık;U_MKTS;Motorlu Kara Taşıtları Sayısı;M02;Şubat;_T;Toplam;PN;Sayı;2012-02;8211044;;;;;;;;;;;;
TR;Türkiye;M;Aylık;U_MKTS;Motorlu Kara Taşıtları Sayısı;M02;Şubat;_T;Toplam;PN;Sayı;2011-02;7667803;;;;;;;;;;;;
TR;Türkiye;M;Aylık;U_MKTS;Motorlu Kara Taşıtları Sayısı;M02;Şubat;_T;Toplam;PN;Sayı;2010-02;7158453;;;;;;;;;;;;
TR;Türkiye;M;Aylık;U_MKTS;Motorlu Kara Taşıtları Sayısı;M02;Şubat;_T;Toplam;PN;Sayı;2009-02;6838497;;;;;;;;;;;;
TR;Türkiye;M;Aylık;U_MKTS;Motorlu Kara Taşıtları Sayısı;M02;Şubat;_T;Toplam;PN;Sayı;2008-02;6541372;;;;;;;;;;;;
TR;Türkiye;M;Aylık;U_MKTS;Motorlu Kara Taşıtları Sayısı;M02;Şubat;_T;Toplam;PN;Sayı;2007-02;6189999;;;;;;;;;;;;
TR;Türkiye;M;Aylık;U_MKTS;Motorlu Kara Taşıtları Sayısı;M02;Şubat;_T;Toplam;PN;Sayı;2006-02;5851799;;;;;;;;;;;;
TR;Türkiye;M;Aylık;U_MKTS;Motorlu Kara Taşıtları Sayısı;M02;Şubat;_T;Toplam;PN;Sayı;2005-02;5436123;;;;;;;;;;;;
TR;Türkiye;M;Aylık;U_MKTS;Motorlu Kara Taşıtları Sayısı;M02;Şubat;1;Benzinli;PT;Yüzde;2026-02;30.99;;;;;;;;;;;;
TR;Türkiye;M;Aylık;U_MKTS;Motorlu Kara Taşıtları Sayısı;M02;Şubat;1;Benzinli;PT;Yüzde;2025-02;30.39;;;;;;;;;;;;
TR;Türkiye;M;Aylık;U_MKTS;Motorlu Kara Taşıtları Sayısı;M02;Şubat;1;Benzinli;PT;Yüzde;2024-02;29.Tem;;;;;;;;;;;;
TR;Türkiye;M;Aylık;U_MKTS;Motorlu Kara Taşıtları Sayısı;M02;Şubat;1;Benzinli;PT;Yüzde;2023-02;27.May;;;;;;;;;;;;
TR;Türkiye;M;Aylık;U_MKTS;Motorlu Kara Taşıtları Sayısı;M02;Şubat;1;Benzinli;PT;Yüzde;2022-02;25.71;;;;;;;;;;;;
TR;Türkiye;M;Aylık;U_MKTS;Motorlu Kara Taşıtları Sayısı;M02;Şubat;1;Benzinli;PT;Yüzde;2021-02;24.Haz;;;;;;;;;;;;
TR;Türkiye;M;Aylık;U_MKTS;Motorlu Kara Taşıtları Sayısı;M02;Şubat;1;Benzinli;PT;Yüzde;2020-02;24.14;;;;;;;;;;;;
TR;Türkiye;M;Aylık;U_MKTS;Motorlu Kara Taşıtları Sayısı;M02;Şubat;1;Benzinli;PT;Yüzde;2019-02;24.82;;;;;;;;;;;;
TR;Türkiye;M;Aylık;U_MKTS;Motorlu Kara Taşıtları Sayısı;M02;Şubat;1;Benzinli;PT;Yüzde;2018-02;25.77;;;;;;;;;;;;
TR;Türkiye;M;Aylık;U_MKTS;Motorlu Kara Taşıtları Sayısı;M02;Şubat;1;Benzinli;PT;Yüzde;2017-02;26.61;;;;;;;;;;;;
TR;Türkiye;M;Aylık;U_MKTS;Motorlu Kara Taşıtları Sayısı;M02;Şubat;1;Benzinli;PT;Yüzde;2016-02;27.47;;;;;;;;;;;;
TR;Türkiye;M;Aylık;U_MKTS;Motorlu Kara Taşıtları Sayısı;M02;Şubat;1;Benzinli;PT;Yüzde;2015-02;28.72;;;;;;;;;;;;
TR;Türkiye;M;Aylık;U_MKTS;Motorlu Kara Taşıtları Sayısı;M02;Şubat;1;Benzinli;PT;Yüzde;2014-02;30.76;;;;;;;;;;;;
TR;Türkiye;M;Aylık;U_MKTS;Motorlu Kara Taşıtları Sayısı;M02;Şubat;1;Benzinli;PT;Yüzde;2013-02;33.43;;;;;;;;;;;;
TR;Türkiye;M;Aylık;U_MKTS;Motorlu Kara Taşıtları Sayısı;M02;Şubat;1;Benzinli;PT;Yüzde;2012-02;36.84;;;;;;;;;;;;
TR;Türkiye;M;Aylık;U_MKTS;Motorlu Kara Taşıtları Sayısı;M02;Şubat;1;Benzinli;PT;Yüzde;2011-02;41.59;;;;;;;;;;;;
TR;Türkiye;M;Aylık;U_MKTS;Motorlu Kara Taşıtları Sayısı;M02;Şubat;1;Benzinli;PT;Yüzde;2010-02;46.7;;;;;;;;;;;;
TR;Türkiye;M;Aylık;U_MKTS;Motorlu Kara Taşıtları Sayısı;M02;Şubat;1;Benzinli;PT;Yüzde;2009-02;51.38;;;;;;;;;;;;
TR;Türkiye;M;Aylık;U_MKTS;Motorlu Kara Taşıtları Sayısı;M02;Şubat;1;Benzinli;PT;Yüzde;2008-02;56.55;;;;;;;;;;;;
TR;Türkiye;M;Aylık;U_MKTS;Motorlu Kara Taşıtları Sayısı;M02;Şubat;1;Benzinli;PT;Yüzde;2007-02;61.87;;;;;;;;;;;;
TR;Türkiye;M;Aylık;U_MKTS;Motorlu Kara Taşıtları Sayısı;M02;Şubat;1;Benzinli;PT;Yüzde;2006-02;66.61;;;;;;;;;;;;
TR;Türkiye;M;Aylık;U_MKTS;Motorlu Kara Taşıtları Sayısı;M02;Şubat;1;Benzinli;PT;Yüzde;2005-02;73.21;;;;;;;;;;;;
TR;Türkiye;M;Aylık;U_MKTS;Motorlu Kara Taşıtları Sayısı;M02;Şubat;1;Benzinli;PN;Sayı;2026-02;5430960;;;;;;;;;;;;
TR;Türkiye;M;Aylık;U_MKTS;Motorlu Kara Taşıtları Sayısı;M02;Şubat;1;Benzinli;PN;Sayı;2025-02;4986196;;;;;;;;;;;;
TR;Türkiye;M;Aylık;U_MKTS;Motorlu Kara Taşıtları Sayısı;M02;Şubat;1;Benzinli;PN;Sayı;2024-02;4479084;;;;;;;;;;;;
TR;Türkiye;M;Aylık;U_MKTS;Motorlu Kara Taşıtları Sayısı;M02;Şubat;1;Benzinli;PN;Sayı;2023-02;3894217;;;;;;;;;;;;
TR;Türkiye;M;Aylık;U_MKTS;Motorlu Kara Taşıtları Sayısı;M02;Şubat;1;Benzinli;PN;Sayı;2022-02;3543680;;;;;;;;;;;;
TR;Türkiye;M;Aylık;U_MKTS;Motorlu Kara Taşıtları Sayısı;M02;Şubat;1;Benzinli;PN;Sayı;2021-02;3250445;;;;;;;;;;;;
TR;Türkiye;M;Aylık;U_MKTS;Motorlu Kara Taşıtları Sayısı;M02;Şubat;1;Benzinli;PN;Sayı;2020-02;3041995;;;;;;;;;;;;
TR;Türkiye;M;Aylık;U_MKTS;Motorlu Kara Taşıtları Sayısı;M02;Şubat;1;Benzinli;PN;Sayı;2019-02;3089148;;;;;;;;;;;;
TR;Türkiye;M;Aylık;U_MKTS;Motorlu Kara Taşıtları Sayısı;M02;Şubat;1;Benzinli;PN;Sayı;2018-02;3128961;;;;;;;;;;;;
TR;Türkiye;M;Aylık;U_MKTS;Motorlu Kara Taşıtları Sayısı;M02;Şubat;1;Benzinli;PN;Sayı;2017-02;3043926;;;;;;;;;;;;
TR;Türkiye;M;Aylık;U_MKTS;Motorlu Kara Taşıtları Sayısı;M02;Şubat;1;Benzinli;PN;Sayı;2016-02;2938301;;;;;;;;;;;;
TR;Türkiye;M;Aylık;U_MKTS;Motorlu Kara Taşıtları Sayısı;M02;Şubat;1;Benzinli;PN;Sayı;2015-02;2866495;;;;;;;;;;;;
TR;Türkiye;M;Aylık;U_MKTS;Motorlu Kara Taşıtları Sayısı;M02;Şubat;1;Benzinli;PN;Sayı;2014-02;2889555;;;;;;;;;;;;
TR;Türkiye;M;Aylık;U_MKTS;Motorlu Kara Taşıtları Sayısı;M02;Şubat;1;Benzinli;PN;Sayı;2013-02;2926563;;;;;;;;;;;;
TR;Türkiye;M;Aylık;U_MKTS;Motorlu Kara Taşıtları Sayısı;M02;Şubat;1;Benzinli;PN;Sayı;2012-02;3024619;;;;;;;;;;;;
TR;Türkiye;M;Aylık;U_MKTS;Motorlu Kara Taşıtları Sayısı;M02;Şubat;1;Benzinli;PN;Sayı;2011-02;3188669;;;;;;;;;;;;
TR;Türkiye;M;Aylık;U_MKTS;Motorlu Kara Taşıtları Sayısı;M02;Şubat;1;Benzinli;PN;Sayı;2010-02;3342867;;;;;;;;;;;;
TR;Türkiye;M;Aylık;U_MKTS;Motorlu Kara Taşıtları Sayısı;M02;Şubat;1;Benzinli;PN;Sayı;2009-02;3513364;;;;;;;;;;;;
TR;Türkiye;M;Aylık;U_MKTS;Motorlu Kara Taşıtları Sayısı;M02;Şubat;1;Benzinli;PN;Sayı;2008-02;3699462;;;;;;;;;;;;
TR;Türkiye;M;Aylık;U_MKTS;Motorlu Kara Taşıtları Sayısı;M02;Şubat;1;Benzinli;PN;Sayı;2007-02;3829570;;;;;;;;;;;;
TR;Türkiye;M;Aylık;U_MKTS;Motorlu Kara Taşıtları Sayısı;M02;Şubat;1;Benzinli;PN;Sayı;2006-02;3897815;;;;;;;;;;;;
TR;Türkiye;M;Aylık;U_MKTS;Motorlu Kara Taşıtları Sayısı;M02;Şubat;1;Benzinli;PN;Sayı;2005-02;3979758;;;;;;;;;;;;
TR;Türkiye;M;Aylık;U_MKTS;Motorlu Kara Taşıtları Sayısı;M02;Şubat;2;Dizel;PT;Yüzde;2026-02;32.43;;;;;;;;;;;;
TR;Türkiye;M;Aylık;U_MKTS;Motorlu Kara Taşıtları Sayısı;M02;Şubat;2;Dizel;PT;Yüzde;2025-02;33.9;;;;;;;;;;;;
TR;Türkiye;M;Aylık;U_MKTS;Motorlu Kara Taşıtları Sayısı;M02;Şubat;2;Dizel;PT;Yüzde;2024-02;35.36;;;;;;;;;;;;
TR;Türkiye;M;Aylık;U_MKTS;Motorlu Kara Taşıtları Sayısı;M02;Şubat;2;Dizel;PT;Yüzde;2023-02;36.74;;;;;;;;;;;;
TR;Türkiye;M;Aylık;U_MKTS;Motorlu Kara Taşıtları Sayısı;M02;Şubat;2;Dizel;PT;Yüzde;2022-02;37.53;;;;;;;;;;;;
TR;Türkiye;M;Aylık;U_MKTS;Motorlu Kara Taşıtları Sayısı;M02;Şubat;2;Dizel;PT;Yüzde;2021-02;38.25;;;;;;;;;;;;
TR;Türkiye;M;Aylık;U_MKTS;Motorlu Kara Taşıtları Sayısı;M02;Şubat;2;Dizel;PT;Yüzde;2020-02;38.2;;;;;;;;;;;;
TR;Türkiye;M;Aylık;U_MKTS;Motorlu Kara Taşıtları Sayısı;M02;Şubat;2;Dizel;PT;Yüzde;2019-02;37.01;;;;;;;;;;;;
TR;Türkiye;M;Aylık;U_MKTS;Motorlu Kara Taşıtları Sayısı;M02;Şubat;2;Dizel;PT;Yüzde;2018-02;35.64;;;;;;;;;;;;
TR;Türkiye;M;Aylık;U_MKTS;Motorlu Kara Taşıtları Sayısı;M02;Şubat;2;Dizel;PT;Yüzde;2017-02;33.95;;;;;;;;;;;;
TR;Türkiye;M;Aylık;U_MKTS;Motorlu Kara Taşıtları Sayısı;M02;Şubat;2;Dizel;PT;Yüzde;2016-02;31.95;;;;;;;;;;;;
TR;Türkiye;M;Aylık;U_MKTS;Motorlu Kara Taşıtları Sayısı;M02;Şubat;2;Dizel;PT;Yüzde;2015-02;29.71;;;;;;;;;;;;
TR;Türkiye;M;Aylık;U_MKTS;Motorlu Kara Taşıtları Sayısı;M02;Şubat;2;Dizel;PT;Yüzde;2014-02;27.37;;;;;;;;;;;;
TR;Türkiye;M;Aylık;U_MKTS;Motorlu Kara Taşıtları Sayısı;M02;Şubat;2;Dizel;PT;Yüzde;2013-02;24.76;;;;;;;;;;;;
TR;Türkiye;M;Aylık;U_MKTS;Motorlu Kara Taşıtları Sayısı;M02;Şubat;2;Dizel;PT;Yüzde;2012-02;22.Şub;;;;;;;;;;;;
TR;Türkiye;M;Aylık;U_MKTS;Motorlu Kara Taşıtları Sayısı;M02;Şubat;2;Dizel;PT;Yüzde;2011-02;19.Şub;;;;;;;;;;;;
TR;Türkiye;M;Aylık;U_MKTS;Motorlu Kara Taşıtları Sayısı;M02;Şubat;2;Dizel;PT;Yüzde;2010-02;16.Nis;;;;;;;;;;;;
TR;Türkiye;M;Aylık;U_MKTS;Motorlu Kara Taşıtları Sayısı;M02;Şubat;2;Dizel;PT;Yüzde;2009-02;14.19;;;;;;;;;;;;
TR;Türkiye;M;Aylık;U_MKTS;Motorlu Kara Taşıtları Sayısı;M02;Şubat;2;Dizel;PT;Yüzde;2008-02;Ara.32;;;;;;;;;;;;
TR;Türkiye;M;Aylık;U_MKTS;Motorlu Kara Taşıtları Sayısı;M02;Şubat;2;Dizel;PT;Yüzde;2007-02;Eyl.87;;;;;;;;;;;;
TR;Türkiye;M;Aylık;U_MKTS;Motorlu Kara Taşıtları Sayısı;M02;Şubat;2;Dizel;PT;Yüzde;2006-02;Tem.41;;;;;;;;;;;;
TR;Türkiye;M;Aylık;U_MKTS;Motorlu Kara Taşıtları Sayısı;M02;Şubat;2;Dizel;PT;Yüzde;2005-02;Nis.84;;;;;;;;;;;;
TR;Türkiye;M;Aylık;U_MKTS;Motorlu Kara Taşıtları Sayısı;M02;Şubat;2;Dizel;PN;Sayı;2026-02;5682862;;;;;;;;;;;;
TR;Türkiye;M;Aylık;U_MKTS;Motorlu Kara Taşıtları Sayısı;M02;Şubat;2;Dizel;PN;Sayı;2025-02;5560588;;;;;;;;;;;;
TR;Türkiye;M;Aylık;U_MKTS;Motorlu Kara Taşıtları Sayısı;M02;Şubat;2;Dizel;PN;Sayı;2024-02;5449827;;;;;;;;;;;;
TR;Türkiye;M;Aylık;U_MKTS;Motorlu Kara Taşıtları Sayısı;M02;Şubat;2;Dizel;PN;Sayı;2023-02;5290598;;;;;;;;;;;;
TR;Türkiye;M;Aylık;U_MKTS;Motorlu Kara Taşıtları Sayısı;M02;Şubat;2;Dizel;PN;Sayı;2022-02;5171634;;;;;;;;;;;;
TR;Türkiye;M;Aylık;U_MKTS;Motorlu Kara Taşıtları Sayısı;M02;Şubat;2;Dizel;PN;Sayı;2021-02;5053990;;;;;;;;;;;;
TR;Türkiye;M;Aylık;U_MKTS;Motorlu Kara Taşıtları Sayısı;M02;Şubat;2;Dizel;PN;Sayı;2020-02;4813165;;;;;;;;;;;;
TR;Türkiye;M;Aylık;U_MKTS;Motorlu Kara Taşıtları Sayısı;M02;Şubat;2;Dizel;PN;Sayı;2019-02;4605739;;;;;;;;;;;;
TR;Türkiye;M;Aylık;U_MKTS;Motorlu Kara Taşıtları Sayısı;M02;Şubat;2;Dizel;PN;Sayı;2018-02;4327214;;;;;;;;;;;;
TR;Türkiye;M;Aylık;U_MKTS;Motorlu Kara Taşıtları Sayısı;M02;Şubat;2;Dizel;PN;Sayı;2017-02;3883193;;;;;;;;;;;;
TR;Türkiye;M;Aylık;U_MKTS;Motorlu Kara Taşıtları Sayısı;M02;Şubat;2;Dizel;PN;Sayı;2016-02;3417414;;;;;;;;;;;;
TR;Türkiye;M;Aylık;U_MKTS;Motorlu Kara Taşıtları Sayısı;M02;Şubat;2;Dizel;PN;Sayı;2015-02;2965393;;;;;;;;;;;;
TR;Türkiye;M;Aylık;U_MKTS;Motorlu Kara Taşıtları Sayısı;M02;Şubat;2;Dizel;PN;Sayı;2014-02;2571216;;;;;;;;;;;;
TR;Türkiye;M;Aylık;U_MKTS;Motorlu Kara Taşıtları Sayısı;M02;Şubat;2;Dizel;PN;Sayı;2013-02;2167434;;;;;;;;;;;;
TR;Türkiye;M;Aylık;U_MKTS;Motorlu Kara Taşıtları Sayısı;M02;Şubat;2;Dizel;PN;Sayı;2012-02;1822894;;;;;;;;;;;;
TR;Türkiye;M;Aylık;U_MKTS;Motorlu Kara Taşıtları Sayısı;M02;Şubat;2;Dizel;PN;Sayı;2011-02;1458632;;;;;;;;;;;;
TR;Türkiye;M;Aylık;U_MKTS;Motorlu Kara Taşıtları Sayısı;M02;Şubat;2;Dizel;PN;Sayı;2010-02;1147895;;;;;;;;;;;;
TR;Türkiye;M;Aylık;U_MKTS;Motorlu Kara Taşıtları Sayısı;M02;Şubat;2;Dizel;PN;Sayı;2009-02;970185;;;;;;;;;;;;
TR;Türkiye;M;Aylık;U_MKTS;Motorlu Kara Taşıtları Sayısı;M02;Şubat;2;Dizel;PN;Sayı;2008-02;805825;;;;;;;;;;;;
TR;Türkiye;M;Aylık;U_MKTS;Motorlu Kara Taşıtları Sayısı;M02;Şubat;2;Dizel;PN;Sayı;2007-02;610868;;;;;;;;;;;;
TR;Türkiye;M;Aylık;U_MKTS;Motorlu Kara Taşıtları Sayısı;M02;Şubat;2;Dizel;PN;Sayı;2006-02;433438;;;;;;;;;;;;
TR;Türkiye;M;Aylık;U_MKTS;Motorlu Kara Taşıtları Sayısı;M02;Şubat;2;Dizel;PN;Sayı;2005-02;263170;;;;;;;;;;;;
TR;Türkiye;M;Aylık;U_MKTS;Motorlu Kara Taşıtları Sayısı;M02;Şubat;6;LPG;PT;Yüzde;2026-02;29.89;;;;;;;;;;;;
TR;Türkiye;M;Aylık;U_MKTS;Motorlu Kara Taşıtları Sayısı;M02;Şubat;6;LPG;PT;Yüzde;2025-02;31.58;;;;;;;;;;;;
TR;Türkiye;M;Aylık;U_MKTS;Motorlu Kara Taşıtları Sayısı;M02;Şubat;6;LPG;PT;Yüzde;2024-02;33.14;;;;;;;;;;;;
TR;Türkiye;M;Aylık;U_MKTS;Motorlu Kara Taşıtları Sayısı;M02;Şubat;6;LPG;PT;Yüzde;2023-02;34.84;;;;;;;;;;;;
TR;Türkiye;M;Aylık;U_MKTS;Motorlu Kara Taşıtları Sayısı;M02;Şubat;6;LPG;PT;Yüzde;2022-02;35.77;;;;;;;;;;;;
TR;Türkiye;M;Aylık;U_MKTS;Motorlu Kara Taşıtları Sayısı;M02;Şubat;6;LPG;PT;Yüzde;2021-02;36.55;;;;;;;;;;;;
TR;Türkiye;M;Aylık;U_MKTS;Motorlu Kara Taşıtları Sayısı;M02;Şubat;6;LPG;PT;Yüzde;2020-02;37.22;;;;;;;;;;;;
TR;Türkiye;M;Aylık;U_MKTS;Motorlu Kara Taşıtları Sayısı;M02;Şubat;6;LPG;PT;Yüzde;2019-02;37.81;;;;;;;;;;;;
TR;Türkiye;M;Aylık;U_MKTS;Motorlu Kara Taşıtları Sayısı;M02;Şubat;6;LPG;PT;Yüzde;2018-02;38.24;;;;;;;;;;;;
TR;Türkiye;M;Aylık;U_MKTS;Motorlu Kara Taşıtları Sayısı;M02;Şubat;6;LPG;PT;Yüzde;2017-02;39.07;;;;;;;;;;;;
TR;Türkiye;M;Aylık;U_MKTS;Motorlu Kara Taşıtları Sayısı;M02;Şubat;6;LPG;PT;Yüzde;2016-02;40.16;;;;;;;;;;;;
TR;Türkiye;M;Aylık;U_MKTS;Motorlu Kara Taşıtları Sayısı;M02;Şubat;6;LPG;PT;Yüzde;2015-02;41.14;;;;;;;;;;;;
TR;Türkiye;M;Aylık;U_MKTS;Motorlu Kara Taşıtları Sayısı;M02;Şubat;6;LPG;PT;Yüzde;2014-02;41.38;;;;;;;;;;;;
TR;Türkiye;M;Aylık;U_MKTS;Motorlu Kara Taşıtları Sayısı;M02;Şubat;6;LPG;PT;Yüzde;2013-02;41.25;;;;;;;;;;;;
TR;Türkiye;M;Aylık;U_MKTS;Motorlu Kara Taşıtları Sayısı;M02;Şubat;6;LPG;PT;Yüzde;2012-02;40.25;;;;;;;;;;;;
TR;Türkiye;M;Aylık;U_MKTS;Motorlu Kara Taşıtları Sayısı;M02;Şubat;6;LPG;PT;Yüzde;2011-02;38.48;;;;;;;;;;;;
TR;Türkiye;M;Aylık;U_MKTS;Motorlu Kara Taşıtları Sayısı;M02;Şubat;6;LPG;PT;Yüzde;2010-02;36.12;;;;;;;;;;;;
TR;Türkiye;M;Aylık;U_MKTS;Motorlu Kara Taşıtları Sayısı;M02;Şubat;6;LPG;PT;Yüzde;2009-02;33;;;;;;;;;;;;
TR;Türkiye;M;Aylık;U_MKTS;Motorlu Kara Taşıtları Sayısı;M02;Şubat;6;LPG;PT;Yüzde;2008-02;28.63;;;;;;;;;;;;
TR;Türkiye;M;Aylık;U_MKTS;Motorlu Kara Taşıtları Sayısı;M02;Şubat;6;LPG;PT;Yüzde;2007-02;25.18;;;;;;;;;;;;
TR;Türkiye;M;Aylık;U_MKTS;Motorlu Kara Taşıtları Sayısı;M02;Şubat;6;LPG;PT;Yüzde;2006-02;22.Oca;;;;;;;;;;;;
TR;Türkiye;M;Aylık;U_MKTS;Motorlu Kara Taşıtları Sayısı;M02;Şubat;6;LPG;PT;Yüzde;2005-02;16.Ağu;;;;;;;;;;;;
TR;Türkiye;M;Aylık;U_MKTS;Motorlu Kara Taşıtları Sayısı;M02;Şubat;6;LPG;PN;Sayı;2026-02;5237795;;;;;;;;;;;;
TR;Türkiye;M;Aylık;U_MKTS;Motorlu Kara Taşıtları Sayısı;M02;Şubat;6;LPG;PN;Sayı;2025-02;5180683;;;;;;;;;;;;
TR;Türkiye;M;Aylık;U_MKTS;Motorlu Kara Taşıtları Sayısı;M02;Şubat;6;LPG;PN;Sayı;2024-02;5106861;;;;;;;;;;;;
TR;Türkiye;M;Aylık;U_MKTS;Motorlu Kara Taşıtları Sayısı;M02;Şubat;6;LPG;PN;Sayı;2023-02;5016152;;;;;;;;;;;;
TR;Türkiye;M;Aylık;U_MKTS;Motorlu Kara Taşıtları Sayısı;M02;Şubat;6;LPG;PN;Sayı;2022-02;4930076;;;;;;;;;;;;
TR;Türkiye;M;Aylık;U_MKTS;Motorlu Kara Taşıtları Sayısı;M02;Şubat;6;LPG;PN;Sayı;2021-02;4829632;;;;;;;;;;;;
TR;Türkiye;M;Aylık;U_MKTS;Motorlu Kara Taşıtları Sayısı;M02;Şubat;6;LPG;PN;Sayı;2020-02;4689549;;;;;;;;;;;;
TR;Türkiye;M;Aylık;U_MKTS;Motorlu Kara Taşıtları Sayısı;M02;Şubat;6;LPG;PN;Sayı;2019-02;4705970;;;;;;;;;;;;
TR;Türkiye;M;Aylık;U_MKTS;Motorlu Kara Taşıtları Sayısı;M02;Şubat;6;LPG;PN;Sayı;2018-02;4642683;;;;;;;;;;;;
TR;Türkiye;M;Aylık;U_MKTS;Motorlu Kara Taşıtları Sayısı;M02;Şubat;6;LPG;PN;Sayı;2017-02;4468528;;;;;;;;;;;;
TR;Türkiye;M;Aylık;U_MKTS;Motorlu Kara Taşıtları Sayısı;M02;Şubat;6;LPG;PN;Sayı;2016-02;4295408;;;;;;;;;;;;
TR;Türkiye;M;Aylık;U_MKTS;Motorlu Kara Taşıtları Sayısı;M02;Şubat;6;LPG;PN;Sayı;2015-02;4106345;;;;;;;;;;;;
TR;Türkiye;M;Aylık;U_MKTS;Motorlu Kara Taşıtları Sayısı;M02;Şubat;6;LPG;PN;Sayı;2014-02;3887269;;;;;;;;;;;;
TR;Türkiye;M;Aylık;U_MKTS;Motorlu Kara Taşıtları Sayısı;M02;Şubat;6;LPG;PN;Sayı;2013-02;3610867;;;;;;;;;;;;
TR;Türkiye;M;Aylık;U_MKTS;Motorlu Kara Taşıtları Sayısı;M02;Şubat;6;LPG;PN;Sayı;2012-02;3304986;;;;;;;;;;;;
TR;Türkiye;M;Aylık;U_MKTS;Motorlu Kara Taşıtları Sayısı;M02;Şubat;6;LPG;PN;Sayı;2011-02;2950556;;;;;;;;;;;;
TR;Türkiye;M;Aylık;U_MKTS;Motorlu Kara Taşıtları Sayısı;M02;Şubat;6;LPG;PN;Sayı;2010-02;2585740;;;;;;;;;;;;
TR;Türkiye;M;Aylık;U_MKTS;Motorlu Kara Taşıtları Sayısı;M02;Şubat;6;LPG;PN;Sayı;2009-02;2256509;;;;;;;;;;;;
TR;Türkiye;M;Aylık;U_MKTS;Motorlu Kara Taşıtları Sayısı;M02;Şubat;6;LPG;PN;Sayı;2008-02;1872652;;;;;;;;;;;;
TR;Türkiye;M;Aylık;U_MKTS;Motorlu Kara Taşıtları Sayısı;M02;Şubat;6;LPG;PN;Sayı;2007-02;1558431;;;;;;;;;;;;
TR;Türkiye;M;Aylık;U_MKTS;Motorlu Kara Taşıtları Sayısı;M02;Şubat;6;LPG;PN;Sayı;2006-02;1293306;;;;;;;;;;;;
TR;Türkiye;M;Aylık;U_MKTS;Motorlu Kara Taşıtları Sayısı;M02;Şubat;6;LPG;PN;Sayı;2005-02;913472;;;;;;;;;;;;
TR;Türkiye;M;Aylık;U_MKTS;Motorlu Kara Taşıtları Sayısı;M02;Şubat;20;Hibrit;PT;Yüzde;2026-02;Nis.23;;;;;;;;;;;;
TR;Türkiye;M;Aylık;U_MKTS;Motorlu Kara Taşıtları Sayısı;M02;Şubat;20;Hibrit;PT;Yüzde;2025-02;Şub.66;;;;;;;;;;;;
TR;Türkiye;M;Aylık;U_MKTS;Motorlu Kara Taşıtları Sayısı;M02;Şubat;20;Hibrit;PT;Yüzde;2024-02;1.Haz;;;;;;;;;;;;
TR;Türkiye;M;Aylık;U_MKTS;Motorlu Kara Taşıtları Sayısı;M02;Şubat;20;Hibrit;PT;Yüzde;2023-02;1;;;;;;;;;;;;
TR;Türkiye;M;Aylık;U_MKTS;Motorlu Kara Taşıtları Sayısı;M02;Şubat;20;Hibrit;PT;Yüzde;2022-02;0.68;;;;;;;;;;;;
TR;Türkiye;M;Aylık;U_MKTS;Motorlu Kara Taşıtları Sayısı;M02;Şubat;20;Hibrit;PT;Yüzde;2021-02;0.31;;;;;;;;;;;;
TR;Türkiye;M;Aylık;U_MKTS;Motorlu Kara Taşıtları Sayısı;M02;Şubat;20;Hibrit;PT;Yüzde;2020-02;0.13;;;;;;;;;;;;
TR;Türkiye;M;Aylık;U_MKTS;Motorlu Kara Taşıtları Sayısı;M02;Şubat;20;Hibrit;PT;Yüzde;2019-02;0.04;;;;;;;;;;;;
TR;Türkiye;M;Aylık;U_MKTS;Motorlu Kara Taşıtları Sayısı;M02;Şubat;20;Hibrit;PT;Yüzde;2018-02;0.01;;;;;;;;;;;;
TR;Türkiye;M;Aylık;U_MKTS;Motorlu Kara Taşıtları Sayısı;M02;Şubat;20;Hibrit;PT;Yüzde;2017-02;0;;;;;;;;;;;;
TR;Türkiye;M;Aylık;U_MKTS;Motorlu Kara Taşıtları Sayısı;M02;Şubat;20;Hibrit;PT;Yüzde;2016-02;0;;;;;;;;;;;;
TR;Türkiye;M;Aylık;U_MKTS;Motorlu Kara Taşıtları Sayısı;M02;Şubat;20;Hibrit;PT;Yüzde;2015-02;0;;;;;;;;;;;;
TR;Türkiye;M;Aylık;U_MKTS;Motorlu Kara Taşıtları Sayısı;M02;Şubat;20;Hibrit;PT;Yüzde;2014-02;0;;;;;;;;;;;;
TR;Türkiye;M;Aylık;U_MKTS;Motorlu Kara Taşıtları Sayısı;M02;Şubat;20;Hibrit;PT;Yüzde;2013-02;0;;;;;;;;;;;;
TR;Türkiye;M;Aylık;U_MKTS;Motorlu Kara Taşıtları Sayısı;M02;Şubat;20;Hibrit;PT;Yüzde;2012-02;0;;;;;;;;;;;;
TR;Türkiye;M;Aylık;U_MKTS;Motorlu Kara Taşıtları Sayısı;M02;Şubat;20;Hibrit;PN;Sayı;2026-02;741149;;;;;;;;;;;;
TR;Türkiye;M;Aylık;U_MKTS;Motorlu Kara Taşıtları Sayısı;M02;Şubat;20;Hibrit;PN;Sayı;2025-02;436486;;;;;;;;;;;;
TR;Türkiye;M;Aylık;U_MKTS;Motorlu Kara Taşıtları Sayısı;M02;Şubat;20;Hibrit;PN;Sayı;2024-02;246168;;;;;;;;;;;;
TR;Türkiye;M;Aylık;U_MKTS;Motorlu Kara Taşıtları Sayısı;M02;Şubat;20;Hibrit;PN;Sayı;2023-02;144477;;;;;;;;;;;;
TR;Türkiye;M;Aylık;U_MKTS;Motorlu Kara Taşıtları Sayısı;M02;Şubat;20;Hibrit;PN;Sayı;2022-02;93497;;;;;;;;;;;;
TR;Türkiye;M;Aylık;U_MKTS;Motorlu Kara Taşıtları Sayısı;M02;Şubat;20;Hibrit;PN;Sayı;2021-02;41097;;;;;;;;;;;;
TR;Türkiye;M;Aylık;U_MKTS;Motorlu Kara Taşıtları Sayısı;M02;Şubat;20;Hibrit;PN;Sayı;2020-02;16480;;;;;;;;;;;;
TR;Türkiye;M;Aylık;U_MKTS;Motorlu Kara Taşıtları Sayısı;M02;Şubat;20;Hibrit;PN;Sayı;2019-02;5165;;;;;;;;;;;;
TR;Türkiye;M;Aylık;U_MKTS;Motorlu Kara Taşıtları Sayısı;M02;Şubat;20;Hibrit;PN;Sayı;2018-02;1060;;;;;;;;;;;;
TR;Türkiye;M;Aylık;U_MKTS;Motorlu Kara Taşıtları Sayısı;M02;Şubat;20;Hibrit;PN;Sayı;2017-02;548;;;;;;;;;;;;
TR;Türkiye;M;Aylık;U_MKTS;Motorlu Kara Taşıtları Sayısı;M02;Şubat;20;Hibrit;PN;Sayı;2016-02;348;;;;;;;;;;;;
TR;Türkiye;M;Aylık;U_MKTS;Motorlu Kara Taşıtları Sayısı;M02;Şubat;20;Hibrit;PN;Sayı;2015-02;135;;;;;;;;;;;;
TR;Türkiye;M;Aylık;U_MKTS;Motorlu Kara Taşıtları Sayısı;M02;Şubat;20;Hibrit;PN;Sayı;2014-02;83;;;;;;;;;;;;
TR;Türkiye;M;Aylık;U_MKTS;Motorlu Kara Taşıtları Sayısı;M02;Şubat;20;Hibrit;PN;Sayı;2013-02;65;;;;;;;;;;;;
TR;Türkiye;M;Aylık;U_MKTS;Motorlu Kara Taşıtları Sayısı;M02;Şubat;20;Hibrit;PN;Sayı;2012-02;27;;;;;;;;;;;;
TR;Türkiye;M;Aylık;U_MKTS;Motorlu Kara Taşıtları Sayısı;M02;Şubat;5;Elektrik;PT;Yüzde;2026-02;Şub.26;;;;;;;;;;;;
TR;Türkiye;M;Aylık;U_MKTS;Motorlu Kara Taşıtları Sayısı;M02;Şubat;5;Elektrik;PT;Yüzde;2025-02;Oca.26;;;;;;;;;;;;
TR;Türkiye;M;Aylık;U_MKTS;Motorlu Kara Taşıtları Sayısı;M02;Şubat;5;Elektrik;PT;Yüzde;2024-02;0.6;;;;;;;;;;;;
TR;Türkiye;M;Aylık;U_MKTS;Motorlu Kara Taşıtları Sayısı;M02;Şubat;5;Elektrik;PT;Yüzde;2023-02;0.12;;;;;;;;;;;;
TR;Türkiye;M;Aylık;U_MKTS;Motorlu Kara Taşıtları Sayısı;M02;Şubat;5;Elektrik;PT;Yüzde;2022-02;0.05;;;;;;;;;;;;
TR;Türkiye;M;Aylık;U_MKTS;Motorlu Kara Taşıtları Sayısı;M02;Şubat;5;Elektrik;PT;Yüzde;2021-02;0.02;;;;;;;;;;;;
TR;Türkiye;M;Aylık;U_MKTS;Motorlu Kara Taşıtları Sayısı;M02;Şubat;5;Elektrik;PT;Yüzde;2020-02;0.01;;;;;;;;;;;;
TR;Türkiye;M;Aylık;U_MKTS;Motorlu Kara Taşıtları Sayısı;M02;Şubat;5;Elektrik;PT;Yüzde;2019-02;0.01;;;;;;;;;;;;
TR;Türkiye;M;Aylık;U_MKTS;Motorlu Kara Taşıtları Sayısı;M02;Şubat;5;Elektrik;PT;Yüzde;2018-02;0.01;;;;;;;;;;;;
TR;Türkiye;M;Aylık;U_MKTS;Motorlu Kara Taşıtları Sayısı;M02;Şubat;5;Elektrik;PT;Yüzde;2017-02;0.01;;;;;;;;;;;;
TR;Türkiye;M;Aylık;U_MKTS;Motorlu Kara Taşıtları Sayısı;M02;Şubat;5;Elektrik;PT;Yüzde;2016-02;0.01;;;;;;;;;;;;
TR;Türkiye;M;Aylık;U_MKTS;Motorlu Kara Taşıtları Sayısı;M02;Şubat;5;Elektrik;PT;Yüzde;2015-02;0;;;;;;;;;;;;
TR;Türkiye;M;Aylık;U_MKTS;Motorlu Kara Taşıtları Sayısı;M02;Şubat;5;Elektrik;PT;Yüzde;2014-02;0;;;;;;;;;;;;
TR;Türkiye;M;Aylık;U_MKTS;Motorlu Kara Taşıtları Sayısı;M02;Şubat;5;Elektrik;PT;Yüzde;2013-02;0;;;;;;;;;;;;
TR;Türkiye;M;Aylık;U_MKTS;Motorlu Kara Taşıtları Sayısı;M02;Şubat;5;Elektrik;PT;Yüzde;2012-02;0;;;;;;;;;;;;
TR;Türkiye;M;Aylık;U_MKTS;Motorlu Kara Taşıtları Sayısı;M02;Şubat;5;Elektrik;PT;Yüzde;2011-02;0;;;;;;;;;;;;
TR;Türkiye;M;Aylık;U_MKTS;Motorlu Kara Taşıtları Sayısı;M02;Şubat;5;Elektrik;PN;Sayı;2026-02;395697;;;;;;;;;;;;
TR;Türkiye;M;Aylık;U_MKTS;Motorlu Kara Taşıtları Sayısı;M02;Şubat;5;Elektrik;PN;Sayı;2025-02;206022;;;;;;;;;;;;
TR;Türkiye;M;Aylık;U_MKTS;Motorlu Kara Taşıtları Sayısı;M02;Şubat;5;Elektrik;PN;Sayı;2024-02;92989;;;;;;;;;;;;
TR;Türkiye;M;Aylık;U_MKTS;Motorlu Kara Taşıtları Sayısı;M02;Şubat;5;Elektrik;PN;Sayı;2023-02;17336;;;;;;;;;;;;
TR;Türkiye;M;Aylık;U_MKTS;Motorlu Kara Taşıtları Sayısı;M02;Şubat;5;Elektrik;PN;Sayı;2022-02;6910;;;;;;;;;;;;
TR;Türkiye;M;Aylık;U_MKTS;Motorlu Kara Taşıtları Sayısı;M02;Şubat;5;Elektrik;PN;Sayı;2021-02;3194;;;;;;;;;;;;
TR;Türkiye;M;Aylık;U_MKTS;Motorlu Kara Taşıtları Sayısı;M02;Şubat;5;Elektrik;PN;Sayı;2020-02;1269;;;;;;;;;;;;
TR;Türkiye;M;Aylık;U_MKTS;Motorlu Kara Taşıtları Sayısı;M02;Şubat;5;Elektrik;PN;Sayı;2019-02;965;;;;;;;;;;;;
TR;Türkiye;M;Aylık;U_MKTS;Motorlu Kara Taşıtları Sayısı;M02;Şubat;5;Elektrik;PN;Sayı;2018-02;785;;;;;;;;;;;;
TR;Türkiye;M;Aylık;U_MKTS;Motorlu Kara Taşıtları Sayısı;M02;Şubat;5;Elektrik;PN;Sayı;2017-02;647;;;;;;;;;;;;
TR;Türkiye;M;Aylık;U_MKTS;Motorlu Kara Taşıtları Sayısı;M02;Şubat;5;Elektrik;PN;Sayı;2016-02;577;;;;;;;;;;;;
TR;Türkiye;M;Aylık;U_MKTS;Motorlu Kara Taşıtları Sayısı;M02;Şubat;5;Elektrik;PN;Sayı;2015-02;426;;;;;;;;;;;;
TR;Türkiye;M;Aylık;U_MKTS;Motorlu Kara Taşıtları Sayısı;M02;Şubat;5;Elektrik;PN;Sayı;2014-02;355;;;;;;;;;;;;
TR;Türkiye;M;Aylık;U_MKTS;Motorlu Kara Taşıtları Sayısı;M02;Şubat;5;Elektrik;PN;Sayı;2013-02;320;;;;;;;;;;;;
TR;Türkiye;M;Aylık;U_MKTS;Motorlu Kara Taşıtları Sayısı;M02;Şubat;5;Elektrik;PN;Sayı;2012-02;52;;;;;;;;;;;;
TR;Türkiye;M;Aylık;U_MKTS;Motorlu Kara Taşıtları Sayısı;M02;Şubat;5;Elektrik;PN;Sayı;2011-02;18;;;;;;;;;;;;
TR;Türkiye;M;Aylık;U_MKTS;Motorlu Kara Taşıtları Sayısı;M02;Şubat;_U;Bilinmeyen;PT;Yüzde;2026-02;0.2;;;;;;;;;;;;
TR;Türkiye;M;Aylık;U_MKTS;Motorlu Kara Taşıtları Sayısı;M02;Şubat;_U;Bilinmeyen;PT;Yüzde;2025-02;0.21;;;;;;;;;;;;
TR;Türkiye;M;Aylık;U_MKTS;Motorlu Kara Taşıtları Sayısı;M02;Şubat;_U;Bilinmeyen;PT;Yüzde;2024-02;0.23;;;;;;;;;;;;
TR;Türkiye;M;Aylık;U_MKTS;Motorlu Kara Taşıtları Sayısı;M02;Şubat;_U;Bilinmeyen;PT;Yüzde;2023-02;0.25;;;;;;;;;;;;
TR;Türkiye;M;Aylık;U_MKTS;Motorlu Kara Taşıtları Sayısı;M02;Şubat;_U;Bilinmeyen;PT;Yüzde;2022-02;0.26;;;;;;;;;;;;
TR;Türkiye;M;Aylık;U_MKTS;Motorlu Kara Taşıtları Sayısı;M02;Şubat;_U;Bilinmeyen;PT;Yüzde;2021-02;0.27;;;;;;;;;;;;
TR;Türkiye;M;Aylık;U_MKTS;Motorlu Kara Taşıtları Sayısı;M02;Şubat;_U;Bilinmeyen;PT;Yüzde;2020-02;0.29;;;;;;;;;;;;
TR;Türkiye;M;Aylık;U_MKTS;Motorlu Kara Taşıtları Sayısı;M02;Şubat;_U;Bilinmeyen;PT;Yüzde;2019-02;0.31;;;;;;;;;;;;
TR;Türkiye;M;Aylık;U_MKTS;Motorlu Kara Taşıtları Sayısı;M02;Şubat;_U;Bilinmeyen;PT;Yüzde;2018-02;0.33;;;;;;;;;;;;
TR;Türkiye;M;Aylık;U_MKTS;Motorlu Kara Taşıtları Sayısı;M02;Şubat;_U;Bilinmeyen;PT;Yüzde;2017-02;0.36;;;;;;;;;;;;
TR;Türkiye;M;Aylık;U_MKTS;Motorlu Kara Taşıtları Sayısı;M02;Şubat;_U;Bilinmeyen;PT;Yüzde;2016-02;0.4;;;;;;;;;;;;
TR;Türkiye;M;Aylık;U_MKTS;Motorlu Kara Taşıtları Sayısı;M02;Şubat;_U;Bilinmeyen;PT;Yüzde;2015-02;0.42;;;;;;;;;;;;
TR;Türkiye;M;Aylık;U_MKTS;Motorlu Kara Taşıtları Sayısı;M02;Şubat;_U;Bilinmeyen;PT;Yüzde;2014-02;0.48;;;;;;;;;;;;
TR;Türkiye;M;Aylık;U_MKTS;Motorlu Kara Taşıtları Sayısı;M02;Şubat;_U;Bilinmeyen;PT;Yüzde;2013-02;0.55;;;;;;;;;;;;
TR;Türkiye;M;Aylık;U_MKTS;Motorlu Kara Taşıtları Sayısı;M02;Şubat;_U;Bilinmeyen;PT;Yüzde;2012-02;0.71;;;;;;;;;;;;
TR;Türkiye;M;Aylık;U_MKTS;Motorlu Kara Taşıtları Sayısı;M02;Şubat;_U;Bilinmeyen;PT;Yüzde;2011-02;0.91;;;;;;;;;;;;
TR;Türkiye;M;Aylık;U_MKTS;Motorlu Kara Taşıtları Sayısı;M02;Şubat;_U;Bilinmeyen;PT;Yüzde;2010-02;Oca.14;;;;;;;;;;;;
TR;Türkiye;M;Aylık;U_MKTS;Motorlu Kara Taşıtları Sayısı;M02;Şubat;_U;Bilinmeyen;PT;Yüzde;2009-02;Oca.44;;;;;;;;;;;;
TR;Türkiye;M;Aylık;U_MKTS;Motorlu Kara Taşıtları Sayısı;M02;Şubat;_U;Bilinmeyen;PT;Yüzde;2008-02;2.May;;;;;;;;;;;;
TR;Türkiye;M;Aylık;U_MKTS;Motorlu Kara Taşıtları Sayısı;M02;Şubat;_U;Bilinmeyen;PT;Yüzde;2007-02;3.Eyl;;;;;;;;;;;;
TR;Türkiye;M;Aylık;U_MKTS;Motorlu Kara Taşıtları Sayısı;M02;Şubat;_U;Bilinmeyen;PT;Yüzde;2006-02;Mar.88;;;;;;;;;;;;
TR;Türkiye;M;Aylık;U_MKTS;Motorlu Kara Taşıtları Sayısı;M02;Şubat;_U;Bilinmeyen;PT;Yüzde;2005-02;May.15;;;;;;;;;;;;
TR;Türkiye;M;Aylık;U_MKTS;Motorlu Kara Taşıtları Sayısı;M02;Şubat;_U;Bilinmeyen;PN;Sayı;2026-02;34960;;;;;;;;;;;;
TR;Türkiye;M;Aylık;U_MKTS;Motorlu Kara Taşıtları Sayısı;M02;Şubat;_U;Bilinmeyen;PN;Sayı;2025-02;35260;;;;;;;;;;;;
TR;Türkiye;M;Aylık;U_MKTS;Motorlu Kara Taşıtları Sayısı;M02;Şubat;_U;Bilinmeyen;PN;Sayı;2024-02;35353;;;;;;;;;;;;
TR;Türkiye;M;Aylık;U_MKTS;Motorlu Kara Taşıtları Sayısı;M02;Şubat;_U;Bilinmeyen;PN;Sayı;2023-02;35569;;;;;;;;;;;;
TR;Türkiye;M;Aylık;U_MKTS;Motorlu Kara Taşıtları Sayısı;M02;Şubat;_U;Bilinmeyen;PN;Sayı;2022-02;35813;;;;;;;;;;;;
TR;Türkiye;M;Aylık;U_MKTS;Motorlu Kara Taşıtları Sayısı;M02;Şubat;_U;Bilinmeyen;PN;Sayı;2021-02;36241;;;;;;;;;;;;
TR;Türkiye;M;Aylık;U_MKTS;Motorlu Kara Taşıtları Sayısı;M02;Şubat;_U;Bilinmeyen;PN;Sayı;2020-02;36427;;;;;;;;;;;;
TR;Türkiye;M;Aylık;U_MKTS;Motorlu Kara Taşıtları Sayısı;M02;Şubat;_U;Bilinmeyen;PN;Sayı;2019-02;38605;;;;;;;;;;;;
TR;Türkiye;M;Aylık;U_MKTS;Motorlu Kara Taşıtları Sayısı;M02;Şubat;_U;Bilinmeyen;PN;Sayı;2018-02;40545;;;;;;;;;;;;
TR;Türkiye;M;Aylık;U_MKTS;Motorlu Kara Taşıtları Sayısı;M02;Şubat;_U;Bilinmeyen;PN;Sayı;2017-02;41573;;;;;;;;;;;;
TR;Türkiye;M;Aylık;U_MKTS;Motorlu Kara Taşıtları Sayısı;M02;Şubat;_U;Bilinmeyen;PN;Sayı;2016-02;42549;;;;;;;;;;;;
TR;Türkiye;M;Aylık;U_MKTS;Motorlu Kara Taşıtları Sayısı;M02;Şubat;_U;Bilinmeyen;PN;Sayı;2015-02;42251;;;;;;;;;;;;
TR;Türkiye;M;Aylık;U_MKTS;Motorlu Kara Taşıtları Sayısı;M02;Şubat;_U;Bilinmeyen;PN;Sayı;2014-02;44913;;;;;;;;;;;;
TR;Türkiye;M;Aylık;U_MKTS;Motorlu Kara Taşıtları Sayısı;M02;Şubat;_U;Bilinmeyen;PN;Sayı;2013-02;48553;;;;;;;;;;;;
TR;Türkiye;M;Aylık;U_MKTS;Motorlu Kara Taşıtları Sayısı;M02;Şubat;_U;Bilinmeyen;PN;Sayı;2012-02;58466;;;;;;;;;;;;
TR;Türkiye;M;Aylık;U_MKTS;Motorlu Kara Taşıtları Sayısı;M02;Şubat;_U;Bilinmeyen;PN;Sayı;2011-02;69928;;;;;;;;;;;;
TR;Türkiye;M;Aylık;U_MKTS;Motorlu Kara Taşıtları Sayısı;M02;Şubat;_U;Bilinmeyen;PN;Sayı;2010-02;81951;;;;;;;;;;;;
TR;Türkiye;M;Aylık;U_MKTS;Motorlu Kara Taşıtları Sayısı;M02;Şubat;_U;Bilinmeyen;PN;Sayı;2009-02;98439;;;;;;;;;;;;
TR;Türkiye;M;Aylık;U_MKTS;Motorlu Kara Taşıtları Sayısı;M02;Şubat;_U;Bilinmeyen;PN;Sayı;2008-02;163433;;;;;;;;;;;;
TR;Türkiye;M;Aylık;U_MKTS;Motorlu Kara Taşıtları Sayısı;M02;Şubat;_U;Bilinmeyen;PN;Sayı;2007-02;191130;;;;;;;;;;;;
TR;Türkiye;M;Aylık;U_MKTS;Motorlu Kara Taşıtları Sayısı;M02;Şubat;_U;Bilinmeyen;PN;Sayı;2006-02;227240;;;;;;;;;;;;
TR;Türkiye;M;Aylık;U_MKTS;Motorlu Kara Taşıtları Sayısı;M02;Şubat;_U;Bilinmeyen;PN;Sayı;2005-02;279723;;;;;;;;;;;;
TR;Türkiye;M;Aylık;U_MKTS;Motorlu Kara Taşıtları Sayısı;M03;Mart;_T;Toplam;PT;Yüzde;2026-03;100;;;;;;;;;;;;
TR;Türkiye;M;Aylık;U_MKTS;Motorlu Kara Taşıtları Sayısı;M03;Mart;_T;Toplam;PT;Yüzde;2025-03;100;;;;;;;;;;;;
TR;Türkiye;M;Aylık;U_MKTS;Motorlu Kara Taşıtları Sayısı;M03;Mart;_T;Toplam;PT;Yüzde;2024-03;100;;;;;;;;;;;;
TR;Türkiye;M;Aylık;U_MKTS;Motorlu Kara Taşıtları Sayısı;M03;Mart;_T;Toplam;PT;Yüzde;2023-03;100;;;;;;;;;;;;
TR;Türkiye;M;Aylık;U_MKTS;Motorlu Kara Taşıtları Sayısı;M03;Mart;_T;Toplam;PT;Yüzde;2022-03;100;;;;;;;;;;;;
TR;Türkiye;M;Aylık;U_MKTS;Motorlu Kara Taşıtları Sayısı;M03;Mart;_T;Toplam;PT;Yüzde;2021-03;100;;;;;;;;;;;;
TR;Türkiye;M;Aylık;U_MKTS;Motorlu Kara Taşıtları Sayısı;M03;Mart;_T;Toplam;PT;Yüzde;2020-03;100;;;;;;;;;;;;
TR;Türkiye;M;Aylık;U_MKTS;Motorlu Kara Taşıtları Sayısı;M03;Mart;_T;Toplam;PT;Yüzde;2019-03;100;;;;;;;;;;;;
TR;Türkiye;M;Aylık;U_MKTS;Motorlu Kara Taşıtları Sayısı;M03;Mart;_T;Toplam;PT;Yüzde;2018-03;100;;;;;;;;;;;;
TR;Türkiye;M;Aylık;U_MKTS;Motorlu Kara Taşıtları Sayısı;M03;Mart;_T;Toplam;PT;Yüzde;2017-03;100;;;;;;;;;;;;
TR;Türkiye;M;Aylık;U_MKTS;Motorlu Kara Taşıtları Sayısı;M03;Mart;_T;Toplam;PT;Yüzde;2016-03;100;;;;;;;;;;;;
TR;Türkiye;M;Aylık;U_MKTS;Motorlu Kara Taşıtları Sayısı;M03;Mart;_T;Toplam;PT;Yüzde;2015-03;100;;;;;;;;;;;;
TR;Türkiye;M;Aylık;U_MKTS;Motorlu Kara Taşıtları Sayısı;M03;Mart;_T;Toplam;PT;Yüzde;2014-03;100;;;;;;;;;;;;
TR;Türkiye;M;Aylık;U_MKTS;Motorlu Kara Taşıtları Sayısı;M03;Mart;_T;Toplam;PT;Yüzde;2013-03;100;;;;;;;;;;;;
TR;Türkiye;M;Aylık;U_MKTS;Motorlu Kara Taşıtları Sayısı;M03;Mart;_T;Toplam;PT;Yüzde;2012-03;100;;;;;;;;;;;;
TR;Türkiye;M;Aylık;U_MKTS;Motorlu Kara Taşıtları Sayısı;M03;Mart;_T;Toplam;PT;Yüzde;2011-03;100;;;;;;;;;;;;
TR;Türkiye;M;Aylık;U_MKTS;Motorlu Kara Taşıtları Sayısı;M03;Mart;_T;Toplam;PT;Yüzde;2010-03;100;;;;;;;;;;;;
TR;Türkiye;M;Aylık;U_MKTS;Motorlu Kara Taşıtları Sayısı;M03;Mart;_T;Toplam;PT;Yüzde;2009-03;100;;;;;;;;;;;;
TR;Türkiye;M;Aylık;U_MKTS;Motorlu Kara Taşıtları Sayısı;M03;Mart;_T;Toplam;PT;Yüzde;2008-03;100;;;;;;;;;;;;
TR;Türkiye;M;Aylık;U_MKTS;Motorlu Kara Taşıtları Sayısı;M03;Mart;_T;Toplam;PT;Yüzde;2007-03;100;;;;;;;;;;;;
TR;Türkiye;M;Aylık;U_MKTS;Motorlu Kara Taşıtları Sayısı;M03;Mart;_T;Toplam;PT;Yüzde;2006-03;100;;;;;;;;;;;;
TR;Türkiye;M;Aylık;U_MKTS;Motorlu Kara Taşıtları Sayısı;M03;Mart;_T;Toplam;PT;Yüzde;2005-03;100;;;;;;;;;;;;
TR;Türkiye;M;Aylık;U_MKTS;Motorlu Kara Taşıtları Sayısı;M03;Mart;_T;Toplam;PN;Sayı;2026-03;17611509;;;;;;;;;;;;
TR;Türkiye;M;Aylık;U_MKTS;Motorlu Kara Taşıtları Sayısı;M03;Mart;_T;Toplam;PN;Sayı;2025-03;16499996;;;;;;;;;;;;
TR;Türkiye;M;Aylık;U_MKTS;Motorlu Kara Taşıtları Sayısı;M03;Mart;_T;Toplam;PN;Sayı;2024-03;15498386;;;;;;;;;;;;
TR;Türkiye;M;Aylık;U_MKTS;Motorlu Kara Taşıtları Sayısı;M03;Mart;_T;Toplam;PN;Sayı;2023-03;14475191;;;;;;;;;;;;
TR;Türkiye;M;Aylık;U_MKTS;Motorlu Kara Taşıtları Sayısı;M03;Mart;_T;Toplam;PN;Sayı;2022-03;13831096;;;;;;;;;;;;
TR;Türkiye;M;Aylık;U_MKTS;Motorlu Kara Taşıtları Sayısı;M03;Mart;_T;Toplam;PN;Sayı;2021-03;13293727;;;;;;;;;;;;
TR;Türkiye;M;Aylık;U_MKTS;Motorlu Kara Taşıtları Sayısı;M03;Mart;_T;Toplam;PN;Sayı;2020-03;12641630;;;;;;;;;;;;
TR;Türkiye;M;Aylık;U_MKTS;Motorlu Kara Taşıtları Sayısı;M03;Mart;_T;Toplam;PN;Sayı;2019-03;12457676;;;;;;;;;;;;
TR;Türkiye;M;Aylık;U_MKTS;Motorlu Kara Taşıtları Sayısı;M03;Mart;_T;Toplam;PN;Sayı;2018-03;12194330;;;;;;;;;;;;
TR;Türkiye;M;Aylık;U_MKTS;Motorlu Kara Taşıtları Sayısı;M03;Mart;_T;Toplam;PN;Sayı;2017-03;11493249;;;;;;;;;;;;
TR;Türkiye;M;Aylık;U_MKTS;Motorlu Kara Taşıtları Sayısı;M03;Mart;_T;Toplam;PN;Sayı;2016-03;10752863;;;;;;;;;;;;
TR;Türkiye;M;Aylık;U_MKTS;Motorlu Kara Taşıtları Sayısı;M03;Mart;_T;Toplam;PN;Sayı;2015-03;10040689;;;;;;;;;;;;
TR;Türkiye;M;Aylık;U_MKTS;Motorlu Kara Taşıtları Sayısı;M03;Mart;_T;Toplam;PN;Sayı;2014-03;9429687;;;;;;;;;;;;
TR;Türkiye;M;Aylık;U_MKTS;Motorlu Kara Taşıtları Sayısı;M03;Mart;_T;Toplam;PN;Sayı;2013-03;8802629;;;;;;;;;;;;
TR;Türkiye;M;Aylık;U_MKTS;Motorlu Kara Taşıtları Sayısı;M03;Mart;_T;Toplam;PN;Sayı;2012-03;8252817;;;;;;;;;;;;
TR;Türkiye;M;Aylık;U_MKTS;Motorlu Kara Taşıtları Sayısı;M03;Mart;_T;Toplam;PN;Sayı;2011-03;7716369;;;;;;;;;;;;
TR;Türkiye;M;Aylık;U_MKTS;Motorlu Kara Taşıtları Sayısı;M03;Mart;_T;Toplam;PN;Sayı;2010-03;7184668;;;;;;;;;;;;
TR;Türkiye;M;Aylık;U_MKTS;Motorlu Kara Taşıtları Sayısı;M03;Mart;_T;Toplam;PN;Sayı;2009-03;6872598;;;;;;;;;;;;
TR;Türkiye;M;Aylık;U_MKTS;Motorlu Kara Taşıtları Sayısı;M03;Mart;_T;Toplam;PN;Sayı;2008-03;6574068;;;;;;;;;;;;
TR;Türkiye;M;Aylık;U_MKTS;Motorlu Kara Taşıtları Sayısı;M03;Mart;_T;Toplam;PN;Sayı;2007-03;6213402;;;;;;;;;;;;
TR;Türkiye;M;Aylık;U_MKTS;Motorlu Kara Taşıtları Sayısı;M03;Mart;_T;Toplam;PN;Sayı;2006-03;5882575;;;;;;;;;;;;
TR;Türkiye;M;Aylık;U_MKTS;Motorlu Kara Taşıtları Sayısı;M03;Mart;_T;Toplam;PN;Sayı;2005-03;5452838;;;;;;;;;;;;
TR;Türkiye;M;Aylık;U_MKTS;Motorlu Kara Taşıtları Sayısı;M03;Mart;1;Benzinli;PT;Yüzde;2026-03;30.99;;;;;;;;;;;;
TR;Türkiye;M;Aylık;U_MKTS;Motorlu Kara Taşıtları Sayısı;M03;Mart;1;Benzinli;PT;Yüzde;2025-03;30.47;;;;;;;;;;;;
TR;Türkiye;M;Aylık;U_MKTS;Motorlu Kara Taşıtları Sayısı;M03;Mart;1;Benzinli;PT;Yüzde;2024-03;29.24;;;;;;;;;;;;
TR;Türkiye;M;Aylık;U_MKTS;Motorlu Kara Taşıtları Sayısı;M03;Mart;1;Benzinli;PT;Yüzde;2023-03;27.23;;;;;;;;;;;;
TR;Türkiye;M;Aylık;U_MKTS;Motorlu Kara Taşıtları Sayısı;M03;Mart;1;Benzinli;PT;Yüzde;2022-03;25.84;;;;;;;;;;;;
TR;Türkiye;M;Aylık;U_MKTS;Motorlu Kara Taşıtları Sayısı;M03;Mart;1;Benzinli;PT;Yüzde;2021-03;24.77;;;;;;;;;;;;
TR;Türkiye;M;Aylık;U_MKTS;Motorlu Kara Taşıtları Sayısı;M03;Mart;1;Benzinli;PT;Yüzde;2020-03;24.13;;;;;;;;;;;;
TR;Türkiye;M;Aylık;U_MKTS;Motorlu Kara Taşıtları Sayısı;M03;Mart;1;Benzinli;PT;Yüzde;2019-03;24.77;;;;;;;;;;;;
TR;Türkiye;M;Aylık;U_MKTS;Motorlu Kara Taşıtları Sayısı;M03;Mart;1;Benzinli;PT;Yüzde;2018-03;25.69;;;;;;;;;;;;
TR;Türkiye;M;Aylık;U_MKTS;Motorlu Kara Taşıtları Sayısı;M03;Mart;1;Benzinli;PT;Yüzde;2017-03;26.53;;;;;;;;;;;;
TR;Türkiye;M;Aylık;U_MKTS;Motorlu Kara Taşıtları Sayısı;M03;Mart;1;Benzinli;PT;Yüzde;2016-03;27.39;;;;;;;;;;;;
TR;Türkiye;M;Aylık;U_MKTS;Motorlu Kara Taşıtları Sayısı;M03;Mart;1;Benzinli;PT;Yüzde;2015-03;28.62;;;;;;;;;;;;
TR;Türkiye;M;Aylık;U_MKTS;Motorlu Kara Taşıtları Sayısı;M03;Mart;1;Benzinli;PT;Yüzde;2014-03;30.57;;;;;;;;;;;;
TR;Türkiye;M;Aylık;U_MKTS;Motorlu Kara Taşıtları Sayısı;M03;Mart;1;Benzinli;PT;Yüzde;2013-03;33.19;;;;;;;;;;;;
TR;Türkiye;M;Aylık;U_MKTS;Motorlu Kara Taşıtları Sayısı;M03;Mart;1;Benzinli;PT;Yüzde;2012-03;36.57;;;;;;;;;;;;
TR;Türkiye;M;Aylık;U_MKTS;Motorlu Kara Taşıtları Sayısı;M03;Mart;1;Benzinli;PT;Yüzde;2011-03;41.15;;;;;;;;;;;;
TR;Türkiye;M;Aylık;U_MKTS;Motorlu Kara Taşıtları Sayısı;M03;Mart;1;Benzinli;PT;Yüzde;2010-03;46.24;;;;;;;;;;;;
TR;Türkiye;M;Aylık;U_MKTS;Motorlu Kara Taşıtları Sayısı;M03;Mart;1;Benzinli;PT;Yüzde;2009-03;51.09;;;;;;;;;;;;
TR;Türkiye;M;Aylık;U_MKTS;Motorlu Kara Taşıtları Sayısı;M03;Mart;1;Benzinli;PT;Yüzde;2008-03;56.03;;;;;;;;;;;;
TR;Türkiye;M;Aylık;U_MKTS;Motorlu Kara Taşıtları Sayısı;M03;Mart;1;Benzinli;PT;Yüzde;2007-03;61.47;;;;;;;;;;;;
TR;Türkiye;M;Aylık;U_MKTS;Motorlu Kara Taşıtları Sayısı;M03;Mart;1;Benzinli;PT;Yüzde;2006-03;66.31;;;;;;;;;;;;
TR;Türkiye;M;Aylık;U_MKTS;Motorlu Kara Taşıtları Sayısı;M03;Mart;1;Benzinli;PT;Yüzde;2005-03;73.21;;;;;;;;;;;;
TR;Türkiye;M;Aylık;U_MKTS;Motorlu Kara Taşıtları Sayısı;M03;Mart;1;Benzinli;PN;Sayı;2026-03;5458545;;;;;;;;;;;;
TR;Türkiye;M;Aylık;U_MKTS;Motorlu Kara Taşıtları Sayısı;M03;Mart;1;Benzinli;PN;Sayı;2025-03;5028075;;;;;;;;;;;;
TR;Türkiye;M;Aylık;U_MKTS;Motorlu Kara Taşıtları Sayısı;M03;Mart;1;Benzinli;PN;Sayı;2024-03;4531009;;;;;;;;;;;;
TR;Türkiye;M;Aylık;U_MKTS;Motorlu Kara Taşıtları Sayısı;M03;Mart;1;Benzinli;PN;Sayı;2023-03;3940989;;;;;;;;;;;;
TR;Türkiye;M;Aylık;U_MKTS;Motorlu Kara Taşıtları Sayısı;M03;Mart;1;Benzinli;PN;Sayı;2022-03;3573715;;;;;;;;;;;;
TR;Türkiye;M;Aylık;U_MKTS;Motorlu Kara Taşıtları Sayısı;M03;Mart;1;Benzinli;PN;Sayı;2021-03;3293450;;;;;;;;;;;;
TR;Türkiye;M;Aylık;U_MKTS;Motorlu Kara Taşıtları Sayısı;M03;Mart;1;Benzinli;PN;Sayı;2020-03;3050594;;;;;;;;;;;;
TR;Türkiye;M;Aylık;U_MKTS;Motorlu Kara Taşıtları Sayısı;M03;Mart;1;Benzinli;PN;Sayı;2019-03;3086192;;;;;;;;;;;;
TR;Türkiye;M;Aylık;U_MKTS;Motorlu Kara Taşıtları Sayısı;M03;Mart;1;Benzinli;PN;Sayı;2018-03;3132697;;;;;;;;;;;;
TR;Türkiye;M;Aylık;U_MKTS;Motorlu Kara Taşıtları Sayısı;M03;Mart;1;Benzinli;PN;Sayı;2017-03;3049193;;;;;;;;;;;;
TR;Türkiye;M;Aylık;U_MKTS;Motorlu Kara Taşıtları Sayısı;M03;Mart;1;Benzinli;PN;Sayı;2016-03;2945518;;;;;;;;;;;;
TR;Türkiye;M;Aylık;U_MKTS;Motorlu Kara Taşıtları Sayısı;M03;Mart;1;Benzinli;PN;Sayı;2015-03;2873868;;;;;;;;;;;;
TR;Türkiye;M;Aylık;U_MKTS;Motorlu Kara Taşıtları Sayısı;M03;Mart;1;Benzinli;PN;Sayı;2014-03;2883077;;;;;;;;;;;;
TR;Türkiye;M;Aylık;U_MKTS;Motorlu Kara Taşıtları Sayısı;M03;Mart;1;Benzinli;PN;Sayı;2013-03;2921858;;;;;;;;;;;;
TR;Türkiye;M;Aylık;U_MKTS;Motorlu Kara Taşıtları Sayısı;M03;Mart;1;Benzinli;PN;Sayı;2012-03;3018066;;;;;;;;;;;;
TR;Türkiye;M;Aylık;U_MKTS;Motorlu Kara Taşıtları Sayısı;M03;Mart;1;Benzinli;PN;Sayı;2011-03;3174973;;;;;;;;;;;;
TR;Türkiye;M;Aylık;U_MKTS;Motorlu Kara Taşıtları Sayısı;M03;Mart;1;Benzinli;PN;Sayı;2010-03;3322092;;;;;;;;;;;;
TR;Türkiye;M;Aylık;U_MKTS;Motorlu Kara Taşıtları Sayısı;M03;Mart;1;Benzinli;PN;Sayı;2009-03;3511194;;;;;;;;;;;;
TR;Türkiye;M;Aylık;U_MKTS;Motorlu Kara Taşıtları Sayısı;M03;Mart;1;Benzinli;PN;Sayı;2008-03;3683215;;;;;;;;;;;;
TR;Türkiye;M;Aylık;U_MKTS;Motorlu Kara Taşıtları Sayısı;M03;Mart;1;Benzinli;PN;Sayı;2007-03;3819537;;;;;;;;;;;;
TR;Türkiye;M;Aylık;U_MKTS;Motorlu Kara Taşıtları Sayısı;M03;Mart;1;Benzinli;PN;Sayı;2006-03;3900675;;;;;;;;;;;;
TR;Türkiye;M;Aylık;U_MKTS;Motorlu Kara Taşıtları Sayısı;M03;Mart;1;Benzinli;PN;Sayı;2005-03;3992245;;;;;;;;;;;;
TR;Türkiye;M;Aylık;U_MKTS;Motorlu Kara Taşıtları Sayısı;M03;Mart;2;Dizel;PT;Yüzde;2026-03;32.35;;;;;;;;;;;;
TR;Türkiye;M;Aylık;U_MKTS;Motorlu Kara Taşıtları Sayısı;M03;Mart;2;Dizel;PT;Yüzde;2025-03;33.75;;;;;;;;;;;;
TR;Türkiye;M;Aylık;U_MKTS;Motorlu Kara Taşıtları Sayısı;M03;Mart;2;Dizel;PT;Yüzde;2024-03;35.24;;;;;;;;;;;;
TR;Türkiye;M;Aylık;U_MKTS;Motorlu Kara Taşıtları Sayısı;M03;Mart;2;Dizel;PT;Yüzde;2023-03;36.65;;;;;;;;;;;;
TR;Türkiye;M;Aylık;U_MKTS;Motorlu Kara Taşıtları Sayısı;M03;Mart;2;Dizel;PT;Yüzde;2022-03;37.45;;;;;;;;;;;;
TR;Türkiye;M;Aylık;U_MKTS;Motorlu Kara Taşıtları Sayısı;M03;Mart;2;Dizel;PT;Yüzde;2021-03;38.16;;;;;;;;;;;;
TR;Türkiye;M;Aylık;U_MKTS;Motorlu Kara Taşıtları Sayısı;M03;Mart;2;Dizel;PT;Yüzde;2020-03;38.23;;;;;;;;;;;;
TR;Türkiye;M;Aylık;U_MKTS;Motorlu Kara Taşıtları Sayısı;M03;Mart;2;Dizel;PT;Yüzde;2019-03;37.1;;;;;;;;;;;;
TR;Türkiye;M;Aylık;U_MKTS;Motorlu Kara Taşıtları Sayısı;M03;Mart;2;Dizel;PT;Yüzde;2018-03;35.76;;;;;;;;;;;;
TR;Türkiye;M;Aylık;U_MKTS;Motorlu Kara Taşıtları Sayısı;M03;Mart;2;Dizel;PT;Yüzde;2017-03;34.09;;;;;;;;;;;;
TR;Türkiye;M;Aylık;U_MKTS;Motorlu Kara Taşıtları Sayısı;M03;Mart;2;Dizel;PT;Yüzde;2016-03;32.13;;;;;;;;;;;;
TR;Türkiye;M;Aylık;U_MKTS;Motorlu Kara Taşıtları Sayısı;M03;Mart;2;Dizel;PT;Yüzde;2015-03;29.Eyl;;;;;;;;;;;;
TR;Türkiye;M;Aylık;U_MKTS;Motorlu Kara Taşıtları Sayısı;M03;Mart;2;Dizel;PT;Yüzde;2014-03;27.53;;;;;;;;;;;;
TR;Türkiye;M;Aylık;U_MKTS;Motorlu Kara Taşıtları Sayısı;M03;Mart;2;Dizel;PT;Yüzde;2013-03;24.97;;;;;;;;;;;;
TR;Türkiye;M;Aylık;U_MKTS;Motorlu Kara Taşıtları Sayısı;M03;Mart;2;Dizel;PT;Yüzde;2012-03;22.42;;;;;;;;;;;;
TR;Türkiye;M;Aylık;U_MKTS;Motorlu Kara Taşıtları Sayısı;M03;Mart;2;Dizel;PT;Yüzde;2011-03;19.31;;;;;;;;;;;;
TR;Türkiye;M;Aylık;U_MKTS;Motorlu Kara Taşıtları Sayısı;M03;Mart;2;Dizel;PT;Yüzde;2010-03;16.19;;;;;;;;;;;;
TR;Türkiye;M;Aylık;U_MKTS;Motorlu Kara Taşıtları Sayısı;M03;Mart;2;Dizel;PT;Yüzde;2009-03;14.34;;;;;;;;;;;;
TR;Türkiye;M;Aylık;U_MKTS;Motorlu Kara Taşıtları Sayısı;M03;Mart;2;Dizel;PT;Yüzde;2008-03;Ara.54;;;;;;;;;;;;
TR;Türkiye;M;Aylık;U_MKTS;Motorlu Kara Taşıtları Sayısı;M03;Mart;2;Dizel;PT;Yüzde;2007-03;10.Mar;;;;;;;;;;;;
TR;Türkiye;M;Aylık;U_MKTS;Motorlu Kara Taşıtları Sayısı;M03;Mart;2;Dizel;PT;Yüzde;2006-03;Tem.63;;;;;;;;;;;;
TR;Türkiye;M;Aylık;U_MKTS;Motorlu Kara Taşıtları Sayısı;M03;Mart;2;Dizel;PT;Yüzde;2005-03;Nis.91;;;;;;;;;;;;
TR;Türkiye;M;Aylık;U_MKTS;Motorlu Kara Taşıtları Sayısı;M03;Mart;2;Dizel;PN;Sayı;2026-03;5697447;;;;;;;;;;;;
TR;Türkiye;M;Aylık;U_MKTS;Motorlu Kara Taşıtları Sayısı;M03;Mart;2;Dizel;PN;Sayı;2025-03;5568012;;;;;;;;;;;;
TR;Türkiye;M;Aylık;U_MKTS;Motorlu Kara Taşıtları Sayısı;M03;Mart;2;Dizel;PN;Sayı;2024-03;5461198;;;;;;;;;;;;
TR;Türkiye;M;Aylık;U_MKTS;Motorlu Kara Taşıtları Sayısı;M03;Mart;2;Dizel;PN;Sayı;2023-03;5305711;;;;;;;;;;;;
TR;Türkiye;M;Aylık;U_MKTS;Motorlu Kara Taşıtları Sayısı;M03;Mart;2;Dizel;PN;Sayı;2022-03;5179696;;;;;;;;;;;;
TR;Türkiye;M;Aylık;U_MKTS;Motorlu Kara Taşıtları Sayısı;M03;Mart;2;Dizel;PN;Sayı;2021-03;5072274;;;;;;;;;;;;
TR;Türkiye;M;Aylık;U_MKTS;Motorlu Kara Taşıtları Sayısı;M03;Mart;2;Dizel;PN;Sayı;2020-03;4833238;;;;;;;;;;;;
TR;Türkiye;M;Aylık;U_MKTS;Motorlu Kara Taşıtları Sayısı;M03;Mart;2;Dizel;PN;Sayı;2019-03;4621993;;;;;;;;;;;;
TR;Türkiye;M;Aylık;U_MKTS;Motorlu Kara Taşıtları Sayısı;M03;Mart;2;Dizel;PN;Sayı;2018-03;4361118;;;;;;;;;;;;
TR;Türkiye;M;Aylık;U_MKTS;Motorlu Kara Taşıtları Sayısı;M03;Mart;2;Dizel;PN;Sayı;2017-03;3917696;;;;;;;;;;;;
TR;Türkiye;M;Aylık;U_MKTS;Motorlu Kara Taşıtları Sayısı;M03;Mart;2;Dizel;PN;Sayı;2016-03;3454600;;;;;;;;;;;;
TR;Türkiye;M;Aylık;U_MKTS;Motorlu Kara Taşıtları Sayısı;M03;Mart;2;Dizel;PN;Sayı;2015-03;3002063;;;;;;;;;;;;
TR;Türkiye;M;Aylık;U_MKTS;Motorlu Kara Taşıtları Sayısı;M03;Mart;2;Dizel;PN;Sayı;2014-03;2596444;;;;;;;;;;;;
TR;Türkiye;M;Aylık;U_MKTS;Motorlu Kara Taşıtları Sayısı;M03;Mart;2;Dizel;PN;Sayı;2013-03;2198440;;;;;;;;;;;;
TR;Türkiye;M;Aylık;U_MKTS;Motorlu Kara Taşıtları Sayısı;M03;Mart;2;Dizel;PN;Sayı;2012-03;1850298;;;;;;;;;;;;
TR;Türkiye;M;Aylık;U_MKTS;Motorlu Kara Taşıtları Sayısı;M03;Mart;2;Dizel;PN;Sayı;2011-03;1490188;;;;;;;;;;;;
TR;Türkiye;M;Aylık;U_MKTS;Motorlu Kara Taşıtları Sayısı;M03;Mart;2;Dizel;PN;Sayı;2010-03;1163475;;;;;;;;;;;;
TR;Türkiye;M;Aylık;U_MKTS;Motorlu Kara Taşıtları Sayısı;M03;Mart;2;Dizel;PN;Sayı;2009-03;985822;;;;;;;;;;;;
TR;Türkiye;M;Aylık;U_MKTS;Motorlu Kara Taşıtları Sayısı;M03;Mart;2;Dizel;PN;Sayı;2008-03;824605;;;;;;;;;;;;
TR;Türkiye;M;Aylık;U_MKTS;Motorlu Kara Taşıtları Sayısı;M03;Mart;2;Dizel;PN;Sayı;2007-03;622979;;;;;;;;;;;;
TR;Türkiye;M;Aylık;U_MKTS;Motorlu Kara Taşıtları Sayısı;M03;Mart;2;Dizel;PN;Sayı;2006-03;448975;;;;;;;;;;;;
TR;Türkiye;M;Aylık;U_MKTS;Motorlu Kara Taşıtları Sayısı;M03;Mart;2;Dizel;PN;Sayı;2005-03;267728;;;;;;;;;;;;
TR;Türkiye;M;Aylık;U_MKTS;Motorlu Kara Taşıtları Sayısı;M03;Mart;6;LPG;PT;Yüzde;2026-03;29.76;;;;;;;;;;;;
TR;Türkiye;M;Aylık;U_MKTS;Motorlu Kara Taşıtları Sayısı;M03;Mart;6;LPG;PT;Yüzde;2025-03;31.42;;;;;;;;;;;;
TR;Türkiye;M;Aylık;U_MKTS;Motorlu Kara Taşıtları Sayısı;M03;Mart;6;LPG;PT;Yüzde;2024-03;32.99;;;;;;;;;;;;
TR;Türkiye;M;Aylık;U_MKTS;Motorlu Kara Taşıtları Sayısı;M03;Mart;6;LPG;PT;Yüzde;2023-03;34.69;;;;;;;;;;;;
TR;Türkiye;M;Aylık;U_MKTS;Motorlu Kara Taşıtları Sayısı;M03;Mart;6;LPG;PT;Yüzde;2022-03;35.69;;;;;;;;;;;;
TR;Türkiye;M;Aylık;U_MKTS;Motorlu Kara Taşıtları Sayısı;M03;Mart;6;LPG;PT;Yüzde;2021-03;36.42;;;;;;;;;;;;
TR;Türkiye;M;Aylık;U_MKTS;Motorlu Kara Taşıtları Sayısı;M03;Mart;6;LPG;PT;Yüzde;2020-03;37.2;;;;;;;;;;;;
TR;Türkiye;M;Aylık;U_MKTS;Motorlu Kara Taşıtları Sayısı;M03;Mart;6;LPG;PT;Yüzde;2019-03;37.76;;;;;;;;;;;;
TR;Türkiye;M;Aylık;U_MKTS;Motorlu Kara Taşıtları Sayısı;M03;Mart;6;LPG;PT;Yüzde;2018-03;38.2;;;;;;;;;;;;
TR;Türkiye;M;Aylık;U_MKTS;Motorlu Kara Taşıtları Sayısı;M03;Mart;6;LPG;PT;Yüzde;2017-03;39.01;;;;;;;;;;;;
TR;Türkiye;M;Aylık;U_MKTS;Motorlu Kara Taşıtları Sayısı;M03;Mart;6;LPG;PT;Yüzde;2016-03;40.08;;;;;;;;;;;;
TR;Türkiye;M;Aylık;U_MKTS;Motorlu Kara Taşıtları Sayısı;M03;Mart;6;LPG;PT;Yüzde;2015-03;41.05;;;;;;;;;;;;
TR;Türkiye;M;Aylık;U_MKTS;Motorlu Kara Taşıtları Sayısı;M03;Mart;6;LPG;PT;Yüzde;2014-03;41.41;;;;;;;;;;;;
TR;Türkiye;M;Aylık;U_MKTS;Motorlu Kara Taşıtları Sayısı;M03;Mart;6;LPG;PT;Yüzde;2013-03;41.28;;;;;;;;;;;;
TR;Türkiye;M;Aylık;U_MKTS;Motorlu Kara Taşıtları Sayısı;M03;Mart;6;LPG;PT;Yüzde;2012-03;40.35;;;;;;;;;;;;
TR;Türkiye;M;Aylık;U_MKTS;Motorlu Kara Taşıtları Sayısı;M03;Mart;6;LPG;PT;Yüzde;2011-03;38.65;;;;;;;;;;;;
TR;Türkiye;M;Aylık;U_MKTS;Motorlu Kara Taşıtları Sayısı;M03;Mart;6;LPG;PT;Yüzde;2010-03;36.44;;;;;;;;;;;;
TR;Türkiye;M;Aylık;U_MKTS;Motorlu Kara Taşıtları Sayısı;M03;Mart;6;LPG;PT;Yüzde;2009-03;33.15;;;;;;;;;;;;
TR;Türkiye;M;Aylık;U_MKTS;Motorlu Kara Taşıtları Sayısı;M03;Mart;6;LPG;PT;Yüzde;2008-03;28.98;;;;;;;;;;;;
TR;Türkiye;M;Aylık;U_MKTS;Motorlu Kara Taşıtları Sayısı;M03;Mart;6;LPG;PT;Yüzde;2007-03;25.47;;;;;;;;;;;;
TR;Türkiye;M;Aylık;U_MKTS;Motorlu Kara Taşıtları Sayısı;M03;Mart;6;LPG;PT;Yüzde;2006-03;22.25;;;;;;;;;;;;
TR;Türkiye;M;Aylık;U_MKTS;Motorlu Kara Taşıtları Sayısı;M03;Mart;6;LPG;PT;Yüzde;2005-03;16.75;;;;;;;;;;;;
TR;Türkiye;M;Aylık;U_MKTS;Motorlu Kara Taşıtları Sayısı;M03;Mart;6;LPG;PN;Sayı;2026-03;5241479;;;;;;;;;;;;
TR;Türkiye;M;Aylık;U_MKTS;Motorlu Kara Taşıtları Sayısı;M03;Mart;6;LPG;PN;Sayı;2025-03;5184993;;;;;;;;;;;;
TR;Türkiye;M;Aylık;U_MKTS;Motorlu Kara Taşıtları Sayısı;M03;Mart;6;LPG;PN;Sayı;2024-03;5113424;;;;;;;;;;;;
TR;Türkiye;M;Aylık;U_MKTS;Motorlu Kara Taşıtları Sayısı;M03;Mart;6;LPG;PN;Sayı;2023-03;5021418;;;;;;;;;;;;
TR;Türkiye;M;Aylık;U_MKTS;Motorlu Kara Taşıtları Sayısı;M03;Mart;6;LPG;PN;Sayı;2022-03;4935674;;;;;;;;;;;;
TR;Türkiye;M;Aylık;U_MKTS;Motorlu Kara Taşıtları Sayısı;M03;Mart;6;LPG;PN;Sayı;2021-03;4840950;;;;;;;;;;;;
TR;Türkiye;M;Aylık;U_MKTS;Motorlu Kara Taşıtları Sayısı;M03;Mart;6;LPG;PN;Sayı;2020-03;4702086;;;;;;;;;;;;
TR;Türkiye;M;Aylık;U_MKTS;Motorlu Kara Taşıtları Sayısı;M03;Mart;6;LPG;PN;Sayı;2019-03;4703790;;;;;;;;;;;;
TR;Türkiye;M;Aylık;U_MKTS;Motorlu Kara Taşıtları Sayısı;M03;Mart;6;LPG;PN;Sayı;2018-03;4657974;;;;;;;;;;;;
TR;Türkiye;M;Aylık;U_MKTS;Motorlu Kara Taşıtları Sayısı;M03;Mart;6;LPG;PN;Sayı;2017-03;4483642;;;;;;;;;;;;
TR;Türkiye;M;Aylık;U_MKTS;Motorlu Kara Taşıtları Sayısı;M03;Mart;6;LPG;PN;Sayı;2016-03;4309363;;;;;;;;;;;;
TR;Türkiye;M;Aylık;U_MKTS;Motorlu Kara Taşıtları Sayısı;M03;Mart;6;LPG;PN;Sayı;2015-03;4122029;;;;;;;;;;;;
TR;Türkiye;M;Aylık;U_MKTS;Motorlu Kara Taşıtları Sayısı;M03;Mart;6;LPG;PN;Sayı;2014-03;3904953;;;;;;;;;;;;
TR;Türkiye;M;Aylık;U_MKTS;Motorlu Kara Taşıtları Sayısı;M03;Mart;6;LPG;PN;Sayı;2013-03;3633734;;;;;;;;;;;;
TR;Türkiye;M;Aylık;U_MKTS;Motorlu Kara Taşıtları Sayısı;M03;Mart;6;LPG;PN;Sayı;2012-03;3329903;;;;;;;;;;;;
TR;Türkiye;M;Aylık;U_MKTS;Motorlu Kara Taşıtları Sayısı;M03;Mart;6;LPG;PN;Sayı;2011-03;2982088;;;;;;;;;;;;
TR;Türkiye;M;Aylık;U_MKTS;Motorlu Kara Taşıtları Sayısı;M03;Mart;6;LPG;PN;Sayı;2010-03;2618284;;;;;;;;;;;;
TR;Türkiye;M;Aylık;U_MKTS;Motorlu Kara Taşıtları Sayısı;M03;Mart;6;LPG;PN;Sayı;2009-03;2278304;;;;;;;;;;;;
TR;Türkiye;M;Aylık;U_MKTS;Motorlu Kara Taşıtları Sayısı;M03;Mart;6;LPG;PN;Sayı;2008-03;1905356;;;;;;;;;;;;
TR;Türkiye;M;Aylık;U_MKTS;Motorlu Kara Taşıtları Sayısı;M03;Mart;6;LPG;PN;Sayı;2007-03;1582465;;;;;;;;;;;;
TR;Türkiye;M;Aylık;U_MKTS;Motorlu Kara Taşıtları Sayısı;M03;Mart;6;LPG;PN;Sayı;2006-03;1308919;;;;;;;;;;;;
TR;Türkiye;M;Aylık;U_MKTS;Motorlu Kara Taşıtları Sayısı;M03;Mart;6;LPG;PN;Sayı;2005-03;913381;;;;;;;;;;;;
TR;Türkiye;M;Aylık;U_MKTS;Motorlu Kara Taşıtları Sayısı;M03;Mart;20;Hibrit;PT;Yüzde;2026-03;Nis.38;;;;;;;;;;;;
TR;Türkiye;M;Aylık;U_MKTS;Motorlu Kara Taşıtları Sayısı;M03;Mart;20;Hibrit;PT;Yüzde;2025-03;Şub.82;;;;;;;;;;;;
TR;Türkiye;M;Aylık;U_MKTS;Motorlu Kara Taşıtları Sayısı;M03;Mart;20;Hibrit;PT;Yüzde;2024-03;Oca.66;;;;;;;;;;;;
TR;Türkiye;M;Aylık;U_MKTS;Motorlu Kara Taşıtları Sayısı;M03;Mart;20;Hibrit;PT;Yüzde;2023-03;1.May;;;;;;;;;;;;
TR;Türkiye;M;Aylık;U_MKTS;Motorlu Kara Taşıtları Sayısı;M03;Mart;20;Hibrit;PT;Yüzde;2022-03;0.71;;;;;;;;;;;;
TR;Türkiye;M;Aylık;U_MKTS;Motorlu Kara Taşıtları Sayısı;M03;Mart;20;Hibrit;PT;Yüzde;2021-03;0.36;;;;;;;;;;;;
TR;Türkiye;M;Aylık;U_MKTS;Motorlu Kara Taşıtları Sayısı;M03;Mart;20;Hibrit;PT;Yüzde;2020-03;0.14;;;;;;;;;;;;
TR;Türkiye;M;Aylık;U_MKTS;Motorlu Kara Taşıtları Sayısı;M03;Mart;20;Hibrit;PT;Yüzde;2019-03;0.05;;;;;;;;;;;;
TR;Türkiye;M;Aylık;U_MKTS;Motorlu Kara Taşıtları Sayısı;M03;Mart;20;Hibrit;PT;Yüzde;2018-03;0.01;;;;;;;;;;;;
TR;Türkiye;M;Aylık;U_MKTS;Motorlu Kara Taşıtları Sayısı;M03;Mart;20;Hibrit;PT;Yüzde;2017-03;0;;;;;;;;;;;;
TR;Türkiye;M;Aylık;U_MKTS;Motorlu Kara Taşıtları Sayısı;M03;Mart;20;Hibrit;PT;Yüzde;2016-03;0;;;;;;;;;;;;
TR;Türkiye;M;Aylık;U_MKTS;Motorlu Kara Taşıtları Sayısı;M03;Mart;20;Hibrit;PT;Yüzde;2015-03;0;;;;;;;;;;;;
TR;Türkiye;M;Aylık;U_MKTS;Motorlu Kara Taşıtları Sayısı;M03;Mart;20;Hibrit;PT;Yüzde;2014-03;0;;;;;;;;;;;;
TR;Türkiye;M;Aylık;U_MKTS;Motorlu Kara Taşıtları Sayısı;M03;Mart;20;Hibrit;PT;Yüzde;2013-03;0;;;;;;;;;;;;
TR;Türkiye;M;Aylık;U_MKTS;Motorlu Kara Taşıtları Sayısı;M03;Mart;20;Hibrit;PT;Yüzde;2012-03;0;;;;;;;;;;;;
TR;Türkiye;M;Aylık;U_MKTS;Motorlu Kara Taşıtları Sayısı;M03;Mart;20;Hibrit;PN;Sayı;2026-03;770773;;;;;;;;;;;;
TR;Türkiye;M;Aylık;U_MKTS;Motorlu Kara Taşıtları Sayısı;M03;Mart;20;Hibrit;PN;Sayı;2025-03;465427;;;;;;;;;;;;
TR;Türkiye;M;Aylık;U_MKTS;Motorlu Kara Taşıtları Sayısı;M03;Mart;20;Hibrit;PN;Sayı;2024-03;257650;;;;;;;;;;;;
TR;Türkiye;M;Aylık;U_MKTS;Motorlu Kara Taşıtları Sayısı;M03;Mart;20;Hibrit;PN;Sayı;2023-03;152123;;;;;;;;;;;;
TR;Türkiye;M;Aylık;U_MKTS;Motorlu Kara Taşıtları Sayısı;M03;Mart;20;Hibrit;PN;Sayı;2022-03;98623;;;;;;;;;;;;
TR;Türkiye;M;Aylık;U_MKTS;Motorlu Kara Taşıtları Sayısı;M03;Mart;20;Hibrit;PN;Sayı;2021-03;47410;;;;;;;;;;;;
TR;Türkiye;M;Aylık;U_MKTS;Motorlu Kara Taşıtları Sayısı;M03;Mart;20;Hibrit;PN;Sayı;2020-03;17979;;;;;;;;;;;;
TR;Türkiye;M;Aylık;U_MKTS;Motorlu Kara Taşıtları Sayısı;M03;Mart;20;Hibrit;PN;Sayı;2019-03;6152;;;;;;;;;;;;
TR;Türkiye;M;Aylık;U_MKTS;Motorlu Kara Taşıtları Sayısı;M03;Mart;20;Hibrit;PN;Sayı;2018-03;1338;;;;;;;;;;;;
TR;Türkiye;M;Aylık;U_MKTS;Motorlu Kara Taşıtları Sayısı;M03;Mart;20;Hibrit;PN;Sayı;2017-03;564;;;;;;;;;;;;
TR;Türkiye;M;Aylık;U_MKTS;Motorlu Kara Taşıtları Sayısı;M03;Mart;20;Hibrit;PN;Sayı;2016-03;365;;;;;;;;;;;;
TR;Türkiye;M;Aylık;U_MKTS;Motorlu Kara Taşıtları Sayısı;M03;Mart;20;Hibrit;PN;Sayı;2015-03;158;;;;;;;;;;;;
TR;Türkiye;M;Aylık;U_MKTS;Motorlu Kara Taşıtları Sayısı;M03;Mart;20;Hibrit;PN;Sayı;2014-03;84;;;;;;;;;;;;
TR;Türkiye;M;Aylık;U_MKTS;Motorlu Kara Taşıtları Sayısı;M03;Mart;20;Hibrit;PN;Sayı;2013-03;69;;;;;;;;;;;;
TR;Türkiye;M;Aylık;U_MKTS;Motorlu Kara Taşıtları Sayısı;M03;Mart;20;Hibrit;PN;Sayı;2012-03;29;;;;;;;;;;;;
TR;Türkiye;M;Aylık;U_MKTS;Motorlu Kara Taşıtları Sayısı;M03;Mart;5;Elektrik;PT;Yüzde;2026-03;Şub.32;;;;;;;;;;;;
TR;Türkiye;M;Aylık;U_MKTS;Motorlu Kara Taşıtları Sayısı;M03;Mart;5;Elektrik;PT;Yüzde;2025-03;Oca.32;;;;;;;;;;;;
TR;Türkiye;M;Aylık;U_MKTS;Motorlu Kara Taşıtları Sayısı;M03;Mart;5;Elektrik;PT;Yüzde;2024-03;0.64;;;;;;;;;;;;
TR;Türkiye;M;Aylık;U_MKTS;Motorlu Kara Taşıtları Sayısı;M03;Mart;5;Elektrik;PT;Yüzde;2023-03;0.13;;;;;;;;;;;;
TR;Türkiye;M;Aylık;U_MKTS;Motorlu Kara Taşıtları Sayısı;M03;Mart;5;Elektrik;PT;Yüzde;2022-03;0.05;;;;;;;;;;;;
TR;Türkiye;M;Aylık;U_MKTS;Motorlu Kara Taşıtları Sayısı;M03;Mart;5;Elektrik;PT;Yüzde;2021-03;0.03;;;;;;;;;;;;
TR;Türkiye;M;Aylık;U_MKTS;Motorlu Kara Taşıtları Sayısı;M03;Mart;5;Elektrik;PT;Yüzde;2020-03;0.01;;;;;;;;;;;;
TR;Türkiye;M;Aylık;U_MKTS;Motorlu Kara Taşıtları Sayısı;M03;Mart;5;Elektrik;PT;Yüzde;2019-03;0.01;;;;;;;;;;;;
TR;Türkiye;M;Aylık;U_MKTS;Motorlu Kara Taşıtları Sayısı;M03;Mart;5;Elektrik;PT;Yüzde;2018-03;0.01;;;;;;;;;;;;
TR;Türkiye;M;Aylık;U_MKTS;Motorlu Kara Taşıtları Sayısı;M03;Mart;5;Elektrik;PT;Yüzde;2017-03;0.01;;;;;;;;;;;;
TR;Türkiye;M;Aylık;U_MKTS;Motorlu Kara Taşıtları Sayısı;M03;Mart;5;Elektrik;PT;Yüzde;2016-03;0.01;;;;;;;;;;;;
TR;Türkiye;M;Aylık;U_MKTS;Motorlu Kara Taşıtları Sayısı;M03;Mart;5;Elektrik;PT;Yüzde;2015-03;0;;;;;;;;;;;;
TR;Türkiye;M;Aylık;U_MKTS;Motorlu Kara Taşıtları Sayısı;M03;Mart;5;Elektrik;PT;Yüzde;2014-03;0;;;;;;;;;;;;
TR;Türkiye;M;Aylık;U_MKTS;Motorlu Kara Taşıtları Sayısı;M03;Mart;5;Elektrik;PT;Yüzde;2013-03;0;;;;;;;;;;;;
TR;Türkiye;M;Aylık;U_MKTS;Motorlu Kara Taşıtları Sayısı;M03;Mart;5;Elektrik;PT;Yüzde;2012-03;0;;;;;;;;;;;;
TR;Türkiye;M;Aylık;U_MKTS;Motorlu Kara Taşıtları Sayısı;M03;Mart;5;Elektrik;PT;Yüzde;2011-03;0;;;;;;;;;;;;
TR;Türkiye;M;Aylık;U_MKTS;Motorlu Kara Taşıtları Sayısı;M03;Mart;5;Elektrik;PN;Sayı;2026-03;408314;;;;;;;;;;;;
TR;Türkiye;M;Aylık;U_MKTS;Motorlu Kara Taşıtları Sayısı;M03;Mart;5;Elektrik;PN;Sayı;2025-03;218238;;;;;;;;;;;;
TR;Türkiye;M;Aylık;U_MKTS;Motorlu Kara Taşıtları Sayısı;M03;Mart;5;Elektrik;PN;Sayı;2024-03;99759;;;;;;;;;;;;
TR;Türkiye;M;Aylık;U_MKTS;Motorlu Kara Taşıtları Sayısı;M03;Mart;5;Elektrik;PN;Sayı;2023-03;19395;;;;;;;;;;;;
TR;Türkiye;M;Aylık;U_MKTS;Motorlu Kara Taşıtları Sayısı;M03;Mart;5;Elektrik;PN;Sayı;2022-03;7603;;;;;;;;;;;;
TR;Türkiye;M;Aylık;U_MKTS;Motorlu Kara Taşıtları Sayısı;M03;Mart;5;Elektrik;PN;Sayı;2021-03;3427;;;;;;;;;;;;
TR;Türkiye;M;Aylık;U_MKTS;Motorlu Kara Taşıtları Sayısı;M03;Mart;5;Elektrik;PN;Sayı;2020-03;1320;;;;;;;;;;;;
TR;Türkiye;M;Aylık;U_MKTS;Motorlu Kara Taşıtları Sayısı;M03;Mart;5;Elektrik;PN;Sayı;2019-03;993;;;;;;;;;;;;
TR;Türkiye;M;Aylık;U_MKTS;Motorlu Kara Taşıtları Sayısı;M03;Mart;5;Elektrik;PN;Sayı;2018-03;801;;;;;;;;;;;;
TR;Türkiye;M;Aylık;U_MKTS;Motorlu Kara Taşıtları Sayısı;M03;Mart;5;Elektrik;PN;Sayı;2017-03;649;;;;;;;;;;;;
TR;Türkiye;M;Aylık;U_MKTS;Motorlu Kara Taşıtları Sayısı;M03;Mart;5;Elektrik;PN;Sayı;2016-03;584;;;;;;;;;;;;
TR;Türkiye;M;Aylık;U_MKTS;Motorlu Kara Taşıtları Sayısı;M03;Mart;5;Elektrik;PN;Sayı;2015-03;439;;;;;;;;;;;;
TR;Türkiye;M;Aylık;U_MKTS;Motorlu Kara Taşıtları Sayısı;M03;Mart;5;Elektrik;PN;Sayı;2014-03;356;;;;;;;;;;;;
TR;Türkiye;M;Aylık;U_MKTS;Motorlu Kara Taşıtları Sayısı;M03;Mart;5;Elektrik;PN;Sayı;2013-03;328;;;;;;;;;;;;
TR;Türkiye;M;Aylık;U_MKTS;Motorlu Kara Taşıtları Sayısı;M03;Mart;5;Elektrik;PN;Sayı;2012-03;48;;;;;;;;;;;;
TR;Türkiye;M;Aylık;U_MKTS;Motorlu Kara Taşıtları Sayısı;M03;Mart;5;Elektrik;PN;Sayı;2011-03;19;;;;;;;;;;;;
TR;Türkiye;M;Aylık;U_MKTS;Motorlu Kara Taşıtları Sayısı;M03;Mart;_U;Bilinmeyen;PT;Yüzde;2026-03;0.2;;;;;;;;;;;;
TR;Türkiye;M;Aylık;U_MKTS;Motorlu Kara Taşıtları Sayısı;M03;Mart;_U;Bilinmeyen;PT;Yüzde;2025-03;0.21;;;;;;;;;;;;
TR;Türkiye;M;Aylık;U_MKTS;Motorlu Kara Taşıtları Sayısı;M03;Mart;_U;Bilinmeyen;PT;Yüzde;2024-03;0.23;;;;;;;;;;;;
TR;Türkiye;M;Aylık;U_MKTS;Motorlu Kara Taşıtları Sayısı;M03;Mart;_U;Bilinmeyen;PT;Yüzde;2023-03;0.25;;;;;;;;;;;;
TR;Türkiye;M;Aylık;U_MKTS;Motorlu Kara Taşıtları Sayısı;M03;Mart;_U;Bilinmeyen;PT;Yüzde;2022-03;0.26;;;;;;;;;;;;
TR;Türkiye;M;Aylık;U_MKTS;Motorlu Kara Taşıtları Sayısı;M03;Mart;_U;Bilinmeyen;PT;Yüzde;2021-03;0.27;;;;;;;;;;;;
TR;Türkiye;M;Aylık;U_MKTS;Motorlu Kara Taşıtları Sayısı;M03;Mart;_U;Bilinmeyen;PT;Yüzde;2020-03;0.29;;;;;;;;;;;;
TR;Türkiye;M;Aylık;U_MKTS;Motorlu Kara Taşıtları Sayısı;M03;Mart;_U;Bilinmeyen;PT;Yüzde;2019-03;0.31;;;;;;;;;;;;
TR;Türkiye;M;Aylık;U_MKTS;Motorlu Kara Taşıtları Sayısı;M03;Mart;_U;Bilinmeyen;PT;Yüzde;2018-03;0.33;;;;;;;;;;;;
TR;Türkiye;M;Aylık;U_MKTS;Motorlu Kara Taşıtları Sayısı;M03;Mart;_U;Bilinmeyen;PT;Yüzde;2017-03;0.36;;;;;;;;;;;;
TR;Türkiye;M;Aylık;U_MKTS;Motorlu Kara Taşıtları Sayısı;M03;Mart;_U;Bilinmeyen;PT;Yüzde;2016-03;0.39;;;;;;;;;;;;
TR;Türkiye;M;Aylık;U_MKTS;Motorlu Kara Taşıtları Sayısı;M03;Mart;_U;Bilinmeyen;PT;Yüzde;2015-03;0.42;;;;;;;;;;;;
TR;Türkiye;M;Aylık;U_MKTS;Motorlu Kara Taşıtları Sayısı;M03;Mart;_U;Bilinmeyen;PT;Yüzde;2014-03;0.47;;;;;;;;;;;;
TR;Türkiye;M;Aylık;U_MKTS;Motorlu Kara Taşıtları Sayısı;M03;Mart;_U;Bilinmeyen;PT;Yüzde;2013-03;0.55;;;;;;;;;;;;
TR;Türkiye;M;Aylık;U_MKTS;Motorlu Kara Taşıtları Sayısı;M03;Mart;_U;Bilinmeyen;PT;Yüzde;2012-03;0.66;;;;;;;;;;;;
TR;Türkiye;M;Aylık;U_MKTS;Motorlu Kara Taşıtları Sayısı;M03;Mart;_U;Bilinmeyen;PT;Yüzde;2011-03;0.9;;;;;;;;;;;;
TR;Türkiye;M;Aylık;U_MKTS;Motorlu Kara Taşıtları Sayısı;M03;Mart;_U;Bilinmeyen;PT;Yüzde;2010-03;1.Ara;;;;;;;;;;;;
TR;Türkiye;M;Aylık;U_MKTS;Motorlu Kara Taşıtları Sayısı;M03;Mart;_U;Bilinmeyen;PT;Yüzde;2009-03;Oca.42;;;;;;;;;;;;
TR;Türkiye;M;Aylık;U_MKTS;Motorlu Kara Taşıtları Sayısı;M03;Mart;_U;Bilinmeyen;PT;Yüzde;2008-03;Şub.45;;;;;;;;;;;;
TR;Türkiye;M;Aylık;U_MKTS;Motorlu Kara Taşıtları Sayısı;M03;Mart;_U;Bilinmeyen;PT;Yüzde;2007-03;3.Mar;;;;;;;;;;;;
TR;Türkiye;M;Aylık;U_MKTS;Motorlu Kara Taşıtları Sayısı;M03;Mart;_U;Bilinmeyen;PT;Yüzde;2006-03;Mar.81;;;;;;;;;;;;
TR;Türkiye;M;Aylık;U_MKTS;Motorlu Kara Taşıtları Sayısı;M03;Mart;_U;Bilinmeyen;PT;Yüzde;2005-03;May.13;;;;;;;;;;;;
TR;Türkiye;M;Aylık;U_MKTS;Motorlu Kara Taşıtları Sayısı;M03;Mart;_U;Bilinmeyen;PN;Sayı;2026-03;34951;;;;;;;;;;;;
TR;Türkiye;M;Aylık;U_MKTS;Motorlu Kara Taşıtları Sayısı;M03;Mart;_U;Bilinmeyen;PN;Sayı;2025-03;35251;;;;;;;;;;;;
TR;Türkiye;M;Aylık;U_MKTS;Motorlu Kara Taşıtları Sayısı;M03;Mart;_U;Bilinmeyen;PN;Sayı;2024-03;35346;;;;;;;;;;;;
TR;Türkiye;M;Aylık;U_MKTS;Motorlu Kara Taşıtları Sayısı;M03;Mart;_U;Bilinmeyen;PN;Sayı;2023-03;35555;;;;;;;;;;;;
TR;Türkiye;M;Aylık;U_MKTS;Motorlu Kara Taşıtları Sayısı;M03;Mart;_U;Bilinmeyen;PN;Sayı;2022-03;35785;;;;;;;;;;;;
TR;Türkiye;M;Aylık;U_MKTS;Motorlu Kara Taşıtları Sayısı;M03;Mart;_U;Bilinmeyen;PN;Sayı;2021-03;36216;;;;;;;;;;;;
TR;Türkiye;M;Aylık;U_MKTS;Motorlu Kara Taşıtları Sayısı;M03;Mart;_U;Bilinmeyen;PN;Sayı;2020-03;36413;;;;;;;;;;;;
TR;Türkiye;M;Aylık;U_MKTS;Motorlu Kara Taşıtları Sayısı;M03;Mart;_U;Bilinmeyen;PN;Sayı;2019-03;38556;;;;;;;;;;;;
TR;Türkiye;M;Aylık;U_MKTS;Motorlu Kara Taşıtları Sayısı;M03;Mart;_U;Bilinmeyen;PN;Sayı;2018-03;40402;;;;;;;;;;;;
TR;Türkiye;M;Aylık;U_MKTS;Motorlu Kara Taşıtları Sayısı;M03;Mart;_U;Bilinmeyen;PN;Sayı;2017-03;41505;;;;;;;;;;;;
TR;Türkiye;M;Aylık;U_MKTS;Motorlu Kara Taşıtları Sayısı;M03;Mart;_U;Bilinmeyen;PN;Sayı;2016-03;42433;;;;;;;;;;;;
TR;Türkiye;M;Aylık;U_MKTS;Motorlu Kara Taşıtları Sayısı;M03;Mart;_U;Bilinmeyen;PN;Sayı;2015-03;42132;;;;;;;;;;;;
TR;Türkiye;M;Aylık;U_MKTS;Motorlu Kara Taşıtları Sayısı;M03;Mart;_U;Bilinmeyen;PN;Sayı;2014-03;44773;;;;;;;;;;;;
TR;Türkiye;M;Aylık;U_MKTS;Motorlu Kara Taşıtları Sayısı;M03;Mart;_U;Bilinmeyen;PN;Sayı;2013-03;48200;;;;;;;;;;;;
TR;Türkiye;M;Aylık;U_MKTS;Motorlu Kara Taşıtları Sayısı;M03;Mart;_U;Bilinmeyen;PN;Sayı;2012-03;54473;;;;;;;;;;;;
TR;Türkiye;M;Aylık;U_MKTS;Motorlu Kara Taşıtları Sayısı;M03;Mart;_U;Bilinmeyen;PN;Sayı;2011-03;69101;;;;;;;;;;;;
TR;Türkiye;M;Aylık;U_MKTS;Motorlu Kara Taşıtları Sayısı;M03;Mart;_U;Bilinmeyen;PN;Sayı;2010-03;80817;;;;;;;;;;;;
TR;Türkiye;M;Aylık;U_MKTS;Motorlu Kara Taşıtları Sayısı;M03;Mart;_U;Bilinmeyen;PN;Sayı;2009-03;97278;;;;;;;;;;;;
TR;Türkiye;M;Aylık;U_MKTS;Motorlu Kara Taşıtları Sayısı;M03;Mart;_U;Bilinmeyen;PN;Sayı;2008-03;160892;;;;;;;;;;;;
TR;Türkiye;M;Aylık;U_MKTS;Motorlu Kara Taşıtları Sayısı;M03;Mart;_U;Bilinmeyen;PN;Sayı;2007-03;188421;;;;;;;;;;;;
TR;Türkiye;M;Aylık;U_MKTS;Motorlu Kara Taşıtları Sayısı;M03;Mart;_U;Bilinmeyen;PN;Sayı;2006-03;224006;;;;;;;;;;;;
TR;Türkiye;M;Aylık;U_MKTS;Motorlu Kara Taşıtları Sayısı;M03;Mart;_U;Bilinmeyen;PN;Sayı;2005-03;279484;;;;;;;;;;;;
TR;Türkiye;M;Aylık;U_MKTS;Motorlu Kara Taşıtları Sayısı;M04;Nisan;_T;Toplam;PT;Yüzde;2025-04;100;;;;;;;;;;;;
TR;Türkiye;M;Aylık;U_MKTS;Motorlu Kara Taşıtları Sayısı;M04;Nisan;_T;Toplam;PT;Yüzde;2024-04;100;;;;;;;;;;;;
TR;Türkiye;M;Aylık;U_MKTS;Motorlu Kara Taşıtları Sayısı;M04;Nisan;_T;Toplam;PT;Yüzde;2023-04;100;;;;;;;;;;;;
TR;Türkiye;M;Aylık;U_MKTS;Motorlu Kara Taşıtları Sayısı;M04;Nisan;_T;Toplam;PT;Yüzde;2022-04;100;;;;;;;;;;;;
TR;Türkiye;M;Aylık;U_MKTS;Motorlu Kara Taşıtları Sayısı;M04;Nisan;_T;Toplam;PT;Yüzde;2021-04;100;;;;;;;;;;;;
TR;Türkiye;M;Aylık;U_MKTS;Motorlu Kara Taşıtları Sayısı;M04;Nisan;_T;Toplam;PT;Yüzde;2020-04;100;;;;;;;;;;;;
TR;Türkiye;M;Aylık;U_MKTS;Motorlu Kara Taşıtları Sayısı;M04;Nisan;_T;Toplam;PT;Yüzde;2019-04;100;;;;;;;;;;;;
TR;Türkiye;M;Aylık;U_MKTS;Motorlu Kara Taşıtları Sayısı;M04;Nisan;_T;Toplam;PT;Yüzde;2018-04;100;;;;;;;;;;;;
TR;Türkiye;M;Aylık;U_MKTS;Motorlu Kara Taşıtları Sayısı;M04;Nisan;_T;Toplam;PT;Yüzde;2017-04;100;;;;;;;;;;;;
TR;Türkiye;M;Aylık;U_MKTS;Motorlu Kara Taşıtları Sayısı;M04;Nisan;_T;Toplam;PT;Yüzde;2016-04;100;;;;;;;;;;;;
TR;Türkiye;M;Aylık;U_MKTS;Motorlu Kara Taşıtları Sayısı;M04;Nisan;_T;Toplam;PT;Yüzde;2015-04;100;;;;;;;;;;;;
TR;Türkiye;M;Aylık;U_MKTS;Motorlu Kara Taşıtları Sayısı;M04;Nisan;_T;Toplam;PT;Yüzde;2014-04;100;;;;;;;;;;;;
TR;Türkiye;M;Aylık;U_MKTS;Motorlu Kara Taşıtları Sayısı;M04;Nisan;_T;Toplam;PT;Yüzde;2013-04;100;;;;;;;;;;;;
TR;Türkiye;M;Aylık;U_MKTS;Motorlu Kara Taşıtları Sayısı;M04;Nisan;_T;Toplam;PT;Yüzde;2012-04;100;;;;;;;;;;;;
TR;Türkiye;M;Aylık;U_MKTS;Motorlu Kara Taşıtları Sayısı;M04;Nisan;_T;Toplam;PT;Yüzde;2011-04;100;;;;;;;;;;;;
TR;Türkiye;M;Aylık;U_MKTS;Motorlu Kara Taşıtları Sayısı;M04;Nisan;_T;Toplam;PT;Yüzde;2010-04;100;;;;;;;;;;;;
TR;Türkiye;M;Aylık;U_MKTS;Motorlu Kara Taşıtları Sayısı;M04;Nisan;_T;Toplam;PT;Yüzde;2009-04;100;;;;;;;;;;;;
TR;Türkiye;M;Aylık;U_MKTS;Motorlu Kara Taşıtları Sayısı;M04;Nisan;_T;Toplam;PT;Yüzde;2008-04;100;;;;;;;;;;;;
TR;Türkiye;M;Aylık;U_MKTS;Motorlu Kara Taşıtları Sayısı;M04;Nisan;_T;Toplam;PT;Yüzde;2007-04;100;;;;;;;;;;;;
TR;Türkiye;M;Aylık;U_MKTS;Motorlu Kara Taşıtları Sayısı;M04;Nisan;_T;Toplam;PT;Yüzde;2006-04;100;;;;;;;;;;;;
TR;Türkiye;M;Aylık;U_MKTS;Motorlu Kara Taşıtları Sayısı;M04;Nisan;_T;Toplam;PT;Yüzde;2005-04;100;;;;;;;;;;;;
TR;Türkiye;M;Aylık;U_MKTS;Motorlu Kara Taşıtları Sayısı;M04;Nisan;_T;Toplam;PN;Sayı;2025-04;16580427;;;;;;;;;;;;
TR;Türkiye;M;Aylık;U_MKTS;Motorlu Kara Taşıtları Sayısı;M04;Nisan;_T;Toplam;PN;Sayı;2024-04;15562640;;;;;;;;;;;;
TR;Türkiye;M;Aylık;U_MKTS;Motorlu Kara Taşıtları Sayısı;M04;Nisan;_T;Toplam;PN;Sayı;2023-04;14542904;;;;;;;;;;;;
TR;Türkiye;M;Aylık;U_MKTS;Motorlu Kara Taşıtları Sayısı;M04;Nisan;_T;Toplam;PN;Sayı;2022-04;13882587;;;;;;;;;;;;
TR;Türkiye;M;Aylık;U_MKTS;Motorlu Kara Taşıtları Sayısı;M04;Nisan;_T;Toplam;PN;Sayı;2021-04;13349017;;;;;;;;;;;;
TR;Türkiye;M;Aylık;U_MKTS;Motorlu Kara Taşıtları Sayısı;M04;Nisan;_T;Toplam;PN;Sayı;2020-04;12661025;;;;;;;;;;;;
TR;Türkiye;M;Aylık;U_MKTS;Motorlu Kara Taşıtları Sayısı;M04;Nisan;_T;Toplam;PN;Sayı;2019-04;12475682;;;;;;;;;;;;
TR;Türkiye;M;Aylık;U_MKTS;Motorlu Kara Taşıtları Sayısı;M04;Nisan;_T;Toplam;PN;Sayı;2018-04;12248784;;;;;;;;;;;;
TR;Türkiye;M;Aylık;U_MKTS;Motorlu Kara Taşıtları Sayısı;M04;Nisan;_T;Toplam;PN;Sayı;2017-04;11546634;;;;;;;;;;;;
TR;Türkiye;M;Aylık;U_MKTS;Motorlu Kara Taşıtları Sayısı;M04;Nisan;_T;Toplam;PN;Sayı;2016-04;10816043;;;;;;;;;;;;
TR;Türkiye;M;Aylık;U_MKTS;Motorlu Kara Taşıtları Sayısı;M04;Nisan;_T;Toplam;PN;Sayı;2015-04;10110443;;;;;;;;;;;;
TR;Türkiye;M;Aylık;U_MKTS;Motorlu Kara Taşıtları Sayısı;M04;Nisan;_T;Toplam;PN;Sayı;2014-04;9471083;;;;;;;;;;;;
TR;Türkiye;M;Aylık;U_MKTS;Motorlu Kara Taşıtları Sayısı;M04;Nisan;_T;Toplam;PN;Sayı;2013-04;8855801;;;;;;;;;;;;
TR;Türkiye;M;Aylık;U_MKTS;Motorlu Kara Taşıtları Sayısı;M04;Nisan;_T;Toplam;PN;Sayı;2012-04;8293640;;;;;;;;;;;;
TR;Türkiye;M;Aylık;U_MKTS;Motorlu Kara Taşıtları Sayısı;M04;Nisan;_T;Toplam;PN;Sayı;2011-04;7763064;;;;;;;;;;;;
TR;Türkiye;M;Aylık;U_MKTS;Motorlu Kara Taşıtları Sayısı;M04;Nisan;_T;Toplam;PN;Sayı;2010-04;7221465;;;;;;;;;;;;
TR;Türkiye;M;Aylık;U_MKTS;Motorlu Kara Taşıtları Sayısı;M04;Nisan;_T;Toplam;PN;Sayı;2009-04;6903727;;;;;;;;;;;;
TR;Türkiye;M;Aylık;U_MKTS;Motorlu Kara Taşıtları Sayısı;M04;Nisan;_T;Toplam;PN;Sayı;2008-04;6606862;;;;;;;;;;;;
TR;Türkiye;M;Aylık;U_MKTS;Motorlu Kara Taşıtları Sayısı;M04;Nisan;_T;Toplam;PN;Sayı;2007-04;6236903;;;;;;;;;;;;
TR;Türkiye;M;Aylık;U_MKTS;Motorlu Kara Taşıtları Sayısı;M04;Nisan;_T;Toplam;PN;Sayı;2006-04;5914886;;;;;;;;;;;;
TR;Türkiye;M;Aylık;U_MKTS;Motorlu Kara Taşıtları Sayısı;M04;Nisan;_T;Toplam;PN;Sayı;2005-04;5486456;;;;;;;;;;;;
TR;Türkiye;M;Aylık;U_MKTS;Motorlu Kara Taşıtları Sayısı;M04;Nisan;1;Benzinli;PT;Yüzde;2025-04;30.52;;;;;;;;;;;;
TR;Türkiye;M;Aylık;U_MKTS;Motorlu Kara Taşıtları Sayısı;M04;Nisan;1;Benzinli;PT;Yüzde;2024-04;29.34;;;;;;;;;;;;
TR;Türkiye;M;Aylık;U_MKTS;Motorlu Kara Taşıtları Sayısı;M04;Nisan;1;Benzinli;PT;Yüzde;2023-04;27.37;;;;;;;;;;;;
TR;Türkiye;M;Aylık;U_MKTS;Motorlu Kara Taşıtları Sayısı;M04;Nisan;1;Benzinli;PT;Yüzde;2022-04;25.97;;;;;;;;;;;;
TR;Türkiye;M;Aylık;U_MKTS;Motorlu Kara Taşıtları Sayısı;M04;Nisan;1;Benzinli;PT;Yüzde;2021-04;24.86;;;;;;;;;;;;
TR;Türkiye;M;Aylık;U_MKTS;Motorlu Kara Taşıtları Sayısı;M04;Nisan;1;Benzinli;PT;Yüzde;2020-04;24.13;;;;;;;;;;;;
TR;Türkiye;M;Aylık;U_MKTS;Motorlu Kara Taşıtları Sayısı;M04;Nisan;1;Benzinli;PT;Yüzde;2019-04;24.Tem;;;;;;;;;;;;
TR;Türkiye;M;Aylık;U_MKTS;Motorlu Kara Taşıtları Sayısı;M04;Nisan;1;Benzinli;PT;Yüzde;2018-04;25.Haz;;;;;;;;;;;;
TR;Türkiye;M;Aylık;U_MKTS;Motorlu Kara Taşıtları Sayısı;M04;Nisan;1;Benzinli;PT;Yüzde;2017-04;26.45;;;;;;;;;;;;
TR;Türkiye;M;Aylık;U_MKTS;Motorlu Kara Taşıtları Sayısı;M04;Nisan;1;Benzinli;PT;Yüzde;2016-04;27.31;;;;;;;;;;;;
TR;Türkiye;M;Aylık;U_MKTS;Motorlu Kara Taşıtları Sayısı;M04;Nisan;1;Benzinli;PT;Yüzde;2015-04;28.53;;;;;;;;;;;;
TR;Türkiye;M;Aylık;U_MKTS;Motorlu Kara Taşıtları Sayısı;M04;Nisan;1;Benzinli;PT;Yüzde;2014-04;30.38;;;;;;;;;;;;
TR;Türkiye;M;Aylık;U_MKTS;Motorlu Kara Taşıtları Sayısı;M04;Nisan;1;Benzinli;PT;Yüzde;2013-04;32.95;;;;;;;;;;;;
TR;Türkiye;M;Aylık;U_MKTS;Motorlu Kara Taşıtları Sayısı;M04;Nisan;1;Benzinli;PT;Yüzde;2012-04;36.26;;;;;;;;;;;;
TR;Türkiye;M;Aylık;U_MKTS;Motorlu Kara Taşıtları Sayısı;M04;Nisan;1;Benzinli;PT;Yüzde;2011-04;40.68;;;;;;;;;;;;
TR;Türkiye;M;Aylık;U_MKTS;Motorlu Kara Taşıtları Sayısı;M04;Nisan;1;Benzinli;PT;Yüzde;2010-04;45.71;;;;;;;;;;;;
TR;Türkiye;M;Aylık;U_MKTS;Motorlu Kara Taşıtları Sayısı;M04;Nisan;1;Benzinli;PT;Yüzde;2009-04;50.77;;;;;;;;;;;;
TR;Türkiye;M;Aylık;U_MKTS;Motorlu Kara Taşıtları Sayısı;M04;Nisan;1;Benzinli;PT;Yüzde;2008-04;55.51;;;;;;;;;;;;
TR;Türkiye;M;Aylık;U_MKTS;Motorlu Kara Taşıtları Sayısı;M04;Nisan;1;Benzinli;PT;Yüzde;2007-04;61.07;;;;;;;;;;;;
TR;Türkiye;M;Aylık;U_MKTS;Motorlu Kara Taşıtları Sayısı;M04;Nisan;1;Benzinli;PT;Yüzde;2006-04;65.97;;;;;;;;;;;;
TR;Türkiye;M;Aylık;U_MKTS;Motorlu Kara Taşıtları Sayısı;M04;Nisan;1;Benzinli;PT;Yüzde;2005-04;71.76;;;;;;;;;;;;
TR;Türkiye;M;Aylık;U_MKTS;Motorlu Kara Taşıtları Sayısı;M04;Nisan;1;Benzinli;PN;Sayı;2025-04;5060387;;;;;;;;;;;;
TR;Türkiye;M;Aylık;U_MKTS;Motorlu Kara Taşıtları Sayısı;M04;Nisan;1;Benzinli;PN;Sayı;2024-04;4566069;;;;;;;;;;;;
TR;Türkiye;M;Aylık;U_MKTS;Motorlu Kara Taşıtları Sayısı;M04;Nisan;1;Benzinli;PN;Sayı;2023-04;3980037;;;;;;;;;;;;
TR;Türkiye;M;Aylık;U_MKTS;Motorlu Kara Taşıtları Sayısı;M04;Nisan;1;Benzinli;PN;Sayı;2022-04;3604993;;;;;;;;;;;;
TR;Türkiye;M;Aylık;U_MKTS;Motorlu Kara Taşıtları Sayısı;M04;Nisan;1;Benzinli;PN;Sayı;2021-04;3319123;;;;;;;;;;;;
TR;Türkiye;M;Aylık;U_MKTS;Motorlu Kara Taşıtları Sayısı;M04;Nisan;1;Benzinli;PN;Sayı;2020-04;3054713;;;;;;;;;;;;
TR;Türkiye;M;Aylık;U_MKTS;Motorlu Kara Taşıtları Sayısı;M04;Nisan;1;Benzinli;PN;Sayı;2019-04;3081642;;;;;;;;;;;;
TR;Türkiye;M;Aylık;U_MKTS;Motorlu Kara Taşıtları Sayısı;M04;Nisan;1;Benzinli;PN;Sayı;2018-04;3135595;;;;;;;;;;;;
TR;Türkiye;M;Aylık;U_MKTS;Motorlu Kara Taşıtları Sayısı;M04;Nisan;1;Benzinli;PN;Sayı;2017-04;3053854;;;;;;;;;;;;
TR;Türkiye;M;Aylık;U_MKTS;Motorlu Kara Taşıtları Sayısı;M04;Nisan;1;Benzinli;PN;Sayı;2016-04;2953369;;;;;;;;;;;;
TR;Türkiye;M;Aylık;U_MKTS;Motorlu Kara Taşıtları Sayısı;M04;Nisan;1;Benzinli;PN;Sayı;2015-04;2884685;;;;;;;;;;;;
TR;Türkiye;M;Aylık;U_MKTS;Motorlu Kara Taşıtları Sayısı;M04;Nisan;1;Benzinli;PN;Sayı;2014-04;2877332;;;;;;;;;;;;
TR;Türkiye;M;Aylık;U_MKTS;Motorlu Kara Taşıtları Sayısı;M04;Nisan;1;Benzinli;PN;Sayı;2013-04;2917574;;;;;;;;;;;;
TR;Türkiye;M;Aylık;U_MKTS;Motorlu Kara Taşıtları Sayısı;M04;Nisan;1;Benzinli;PN;Sayı;2012-04;3007610;;;;;;;;;;;;
TR;Türkiye;M;Aylık;U_MKTS;Motorlu Kara Taşıtları Sayısı;M04;Nisan;1;Benzinli;PN;Sayı;2011-04;3158147;;;;;;;;;;;;
TR;Türkiye;M;Aylık;U_MKTS;Motorlu Kara Taşıtları Sayısı;M04;Nisan;1;Benzinli;PN;Sayı;2010-04;3300705;;;;;;;;;;;;
TR;Türkiye;M;Aylık;U_MKTS;Motorlu Kara Taşıtları Sayısı;M04;Nisan;1;Benzinli;PN;Sayı;2009-04;3505100;;;;;;;;;;;;
TR;Türkiye;M;Aylık;U_MKTS;Motorlu Kara Taşıtları Sayısı;M04;Nisan;1;Benzinli;PN;Sayı;2008-04;3667258;;;;;;;;;;;;
TR;Türkiye;M;Aylık;U_MKTS;Motorlu Kara Taşıtları Sayısı;M04;Nisan;1;Benzinli;PN;Sayı;2007-04;3808994;;;;;;;;;;;;
TR;Türkiye;M;Aylık;U_MKTS;Motorlu Kara Taşıtları Sayısı;M04;Nisan;1;Benzinli;PN;Sayı;2006-04;3902079;;;;;;;;;;;;
TR;Türkiye;M;Aylık;U_MKTS;Motorlu Kara Taşıtları Sayısı;M04;Nisan;1;Benzinli;PN;Sayı;2005-04;3936981;;;;;;;;;;;;
TR;Türkiye;M;Aylık;U_MKTS;Motorlu Kara Taşıtları Sayısı;M04;Nisan;2;Dizel;PT;Yüzde;2025-04;33.63;;;;;;;;;;;;
TR;Türkiye;M;Aylık;U_MKTS;Motorlu Kara Taşıtları Sayısı;M04;Nisan;2;Dizel;PT;Yüzde;2024-04;35.14;;;;;;;;;;;;
TR;Türkiye;M;Aylık;U_MKTS;Motorlu Kara Taşıtları Sayısı;M04;Nisan;2;Dizel;PT;Yüzde;2023-04;36.59;;;;;;;;;;;;
TR;Türkiye;M;Aylık;U_MKTS;Motorlu Kara Taşıtları Sayısı;M04;Nisan;2;Dizel;PT;Yüzde;2022-04;37.38;;;;;;;;;;;;
TR;Türkiye;M;Aylık;U_MKTS;Motorlu Kara Taşıtları Sayısı;M04;Nisan;2;Dizel;PT;Yüzde;2021-04;38.1;;;;;;;;;;;;
TR;Türkiye;M;Aylık;U_MKTS;Motorlu Kara Taşıtları Sayısı;M04;Nisan;2;Dizel;PT;Yüzde;2020-04;38.25;;;;;;;;;;;;
TR;Türkiye;M;Aylık;U_MKTS;Motorlu Kara Taşıtları Sayısı;M04;Nisan;2;Dizel;PT;Yüzde;2019-04;37.18;;;;;;;;;;;;
TR;Türkiye;M;Aylık;U_MKTS;Motorlu Kara Taşıtları Sayısı;M04;Nisan;2;Dizel;PT;Yüzde;2018-04;35.89;;;;;;;;;;;;
TR;Türkiye;M;Aylık;U_MKTS;Motorlu Kara Taşıtları Sayısı;M04;Nisan;2;Dizel;PT;Yüzde;2017-04;34.22;;;;;;;;;;;;
TR;Türkiye;M;Aylık;U_MKTS;Motorlu Kara Taşıtları Sayısı;M04;Nisan;2;Dizel;PT;Yüzde;2016-04;32.32;;;;;;;;;;;;
TR;Türkiye;M;Aylık;U_MKTS;Motorlu Kara Taşıtları Sayısı;M04;Nisan;2;Dizel;PT;Yüzde;2015-04;30.Eyl;;;;;;;;;;;;
TR;Türkiye;M;Aylık;U_MKTS;Motorlu Kara Taşıtları Sayısı;M04;Nisan;2;Dizel;PT;Yüzde;2014-04;27.72;;;;;;;;;;;;
TR;Türkiye;M;Aylık;U_MKTS;Motorlu Kara Taşıtları Sayısı;M04;Nisan;2;Dizel;PT;Yüzde;2013-04;25.Şub;;;;;;;;;;;;
TR;Türkiye;M;Aylık;U_MKTS;Motorlu Kara Taşıtları Sayısı;M04;Nisan;2;Dizel;PT;Yüzde;2012-04;22.62;;;;;;;;;;;;
TR;Türkiye;M;Aylık;U_MKTS;Motorlu Kara Taşıtları Sayısı;M04;Nisan;2;Dizel;PT;Yüzde;2011-04;19.59;;;;;;;;;;;;
TR;Türkiye;M;Aylık;U_MKTS;Motorlu Kara Taşıtları Sayısı;M04;Nisan;2;Dizel;PT;Yüzde;2010-04;16.41;;;;;;;;;;;;
TR;Türkiye;M;Aylık;U_MKTS;Motorlu Kara Taşıtları Sayısı;M04;Nisan;2;Dizel;PT;Yüzde;2009-04;14.51;;;;;;;;;;;;
TR;Türkiye;M;Aylık;U_MKTS;Motorlu Kara Taşıtları Sayısı;M04;Nisan;2;Dizel;PT;Yüzde;2008-04;Ara.76;;;;;;;;;;;;
TR;Türkiye;M;Aylık;U_MKTS;Motorlu Kara Taşıtları Sayısı;M04;Nisan;2;Dizel;PT;Yüzde;2007-04;Eki.19;;;;;;;;;;;;
TR;Türkiye;M;Aylık;U_MKTS;Motorlu Kara Taşıtları Sayısı;M04;Nisan;2;Dizel;PT;Yüzde;2006-04;Tem.86;;;;;;;;;;;;
TR;Türkiye;M;Aylık;U_MKTS;Motorlu Kara Taşıtları Sayısı;M04;Nisan;2;Dizel;PT;Yüzde;2005-04;5.Tem;;;;;;;;;;;;
TR;Türkiye;M;Aylık;U_MKTS;Motorlu Kara Taşıtları Sayısı;M04;Nisan;2;Dizel;PN;Sayı;2025-04;5575961;;;;;;;;;;;;
TR;Türkiye;M;Aylık;U_MKTS;Motorlu Kara Taşıtları Sayısı;M04;Nisan;2;Dizel;PN;Sayı;2024-04;5469121;;;;;;;;;;;;
TR;Türkiye;M;Aylık;U_MKTS;Motorlu Kara Taşıtları Sayısı;M04;Nisan;2;Dizel;PN;Sayı;2023-04;5320768;;;;;;;;;;;;
TR;Türkiye;M;Aylık;U_MKTS;Motorlu Kara Taşıtları Sayısı;M04;Nisan;2;Dizel;PN;Sayı;2022-04;5188839;;;;;;;;;;;;
TR;Türkiye;M;Aylık;U_MKTS;Motorlu Kara Taşıtları Sayısı;M04;Nisan;2;Dizel;PN;Sayı;2021-04;5085617;;;;;;;;;;;;
TR;Türkiye;M;Aylık;U_MKTS;Motorlu Kara Taşıtları Sayısı;M04;Nisan;2;Dizel;PN;Sayı;2020-04;4842827;;;;;;;;;;;;
TR;Türkiye;M;Aylık;U_MKTS;Motorlu Kara Taşıtları Sayısı;M04;Nisan;2;Dizel;PN;Sayı;2019-04;4638810;;;;;;;;;;;;
TR;Türkiye;M;Aylık;U_MKTS;Motorlu Kara Taşıtları Sayısı;M04;Nisan;2;Dizel;PN;Sayı;2018-04;4396268;;;;;;;;;;;;
TR;Türkiye;M;Aylık;U_MKTS;Motorlu Kara Taşıtları Sayısı;M04;Nisan;2;Dizel;PN;Sayı;2017-04;3951651;;;;;;;;;;;;
TR;Türkiye;M;Aylık;U_MKTS;Motorlu Kara Taşıtları Sayısı;M04;Nisan;2;Dizel;PN;Sayı;2016-04;3496250;;;;;;;;;;;;
TR;Türkiye;M;Aylık;U_MKTS;Motorlu Kara Taşıtları Sayısı;M04;Nisan;2;Dizel;PN;Sayı;2015-04;3042638;;;;;;;;;;;;
TR;Türkiye;M;Aylık;U_MKTS;Motorlu Kara Taşıtları Sayısı;M04;Nisan;2;Dizel;PN;Sayı;2014-04;2625261;;;;;;;;;;;;
TR;Türkiye;M;Aylık;U_MKTS;Motorlu Kara Taşıtları Sayısı;M04;Nisan;2;Dizel;PN;Sayı;2013-04;2231769;;;;;;;;;;;;
TR;Türkiye;M;Aylık;U_MKTS;Motorlu Kara Taşıtları Sayısı;M04;Nisan;2;Dizel;PN;Sayı;2012-04;1876227;;;;;;;;;;;;
TR;Türkiye;M;Aylık;U_MKTS;Motorlu Kara Taşıtları Sayısı;M04;Nisan;2;Dizel;PN;Sayı;2011-04;1520927;;;;;;;;;;;;
TR;Türkiye;M;Aylık;U_MKTS;Motorlu Kara Taşıtları Sayısı;M04;Nisan;2;Dizel;PN;Sayı;2010-04;1185096;;;;;;;;;;;;
TR;Türkiye;M;Aylık;U_MKTS;Motorlu Kara Taşıtları Sayısı;M04;Nisan;2;Dizel;PN;Sayı;2009-04;1001994;;;;;;;;;;;;
TR;Türkiye;M;Aylık;U_MKTS;Motorlu Kara Taşıtları Sayısı;M04;Nisan;2;Dizel;PN;Sayı;2008-04;842769;;;;;;;;;;;;
TR;Türkiye;M;Aylık;U_MKTS;Motorlu Kara Taşıtları Sayısı;M04;Nisan;2;Dizel;PN;Sayı;2007-04;635231;;;;;;;;;;;;
TR;Türkiye;M;Aylık;U_MKTS;Motorlu Kara Taşıtları Sayısı;M04;Nisan;2;Dizel;PN;Sayı;2006-04;465003;;;;;;;;;;;;
TR;Türkiye;M;Aylık;U_MKTS;Motorlu Kara Taşıtları Sayısı;M04;Nisan;2;Dizel;PN;Sayı;2005-04;278152;;;;;;;;;;;;
TR;Türkiye;M;Aylık;U_MKTS;Motorlu Kara Taşıtları Sayısı;M04;Nisan;6;LPG;PT;Yüzde;2025-04;31.Mar;;;;;;;;;;;;
TR;Türkiye;M;Aylık;U_MKTS;Motorlu Kara Taşıtları Sayısı;M04;Nisan;6;LPG;PT;Yüzde;2024-04;32.89;;;;;;;;;;;;
TR;Türkiye;M;Aylık;U_MKTS;Motorlu Kara Taşıtları Sayısı;M04;Nisan;6;LPG;PT;Yüzde;2023-04;34.56;;;;;;;;;;;;
TR;Türkiye;M;Aylık;U_MKTS;Motorlu Kara Taşıtları Sayısı;M04;Nisan;6;LPG;PT;Yüzde;2022-04;35.59;;;;;;;;;;;;
TR;Türkiye;M;Aylık;U_MKTS;Motorlu Kara Taşıtları Sayısı;M04;Nisan;6;LPG;PT;Yüzde;2021-04;36.35;;;;;;;;;;;;
TR;Türkiye;M;Aylık;U_MKTS;Motorlu Kara Taşıtları Sayısı;M04;Nisan;6;LPG;PT;Yüzde;2020-04;37.18;;;;;;;;;;;;
TR;Türkiye;M;Aylık;U_MKTS;Motorlu Kara Taşıtları Sayısı;M04;Nisan;6;LPG;PT;Yüzde;2019-04;37.74;;;;;;;;;;;;
TR;Türkiye;M;Aylık;U_MKTS;Motorlu Kara Taşıtları Sayısı;M04;Nisan;6;LPG;PT;Yüzde;2018-04;38.16;;;;;;;;;;;;
TR;Türkiye;M;Aylık;U_MKTS;Motorlu Kara Taşıtları Sayısı;M04;Nisan;6;LPG;PT;Yüzde;2017-04;38.96;;;;;;;;;;;;
TR;Türkiye;M;Aylık;U_MKTS;Motorlu Kara Taşıtları Sayısı;M04;Nisan;6;LPG;PT;Yüzde;2016-04;39.97;;;;;;;;;;;;
TR;Türkiye;M;Aylık;U_MKTS;Motorlu Kara Taşıtları Sayısı;M04;Nisan;6;LPG;PT;Yüzde;2015-04;40.94;;;;;;;;;;;;
TR;Türkiye;M;Aylık;U_MKTS;Motorlu Kara Taşıtları Sayısı;M04;Nisan;6;LPG;PT;Yüzde;2014-04;41.43;;;;;;;;;;;;
TR;Türkiye;M;Aylık;U_MKTS;Motorlu Kara Taşıtları Sayısı;M04;Nisan;6;LPG;PT;Yüzde;2013-04;41.31;;;;;;;;;;;;
TR;Türkiye;M;Aylık;U_MKTS;Motorlu Kara Taşıtları Sayısı;M04;Nisan;6;LPG;PT;Yüzde;2012-04;40.48;;;;;;;;;;;;
TR;Türkiye;M;Aylık;U_MKTS;Motorlu Kara Taşıtları Sayısı;M04;Nisan;6;LPG;PT;Yüzde;2011-04;38.85;;;;;;;;;;;;
TR;Türkiye;M;Aylık;U_MKTS;Motorlu Kara Taşıtları Sayısı;M04;Nisan;6;LPG;PT;Yüzde;2010-04;36.78;;;;;;;;;;;;
TR;Türkiye;M;Aylık;U_MKTS;Motorlu Kara Taşıtları Sayısı;M04;Nisan;6;LPG;PT;Yüzde;2009-04;33.34;;;;;;;;;;;;
TR;Türkiye;M;Aylık;U_MKTS;Motorlu Kara Taşıtları Sayısı;M04;Nisan;6;LPG;PT;Yüzde;2008-04;29.34;;;;;;;;;;;;
TR;Türkiye;M;Aylık;U_MKTS;Motorlu Kara Taşıtları Sayısı;M04;Nisan;6;LPG;PT;Yüzde;2007-04;25.76;;;;;;;;;;;;
TR;Türkiye;M;Aylık;U_MKTS;Motorlu Kara Taşıtları Sayısı;M04;Nisan;6;LPG;PT;Yüzde;2006-04;22.43;;;;;;;;;;;;
TR;Türkiye;M;Aylık;U_MKTS;Motorlu Kara Taşıtları Sayısı;M04;Nisan;6;LPG;PT;Yüzde;2005-04;18.19;;;;;;;;;;;;
TR;Türkiye;M;Aylık;U_MKTS;Motorlu Kara Taşıtları Sayısı;M04;Nisan;6;LPG;PN;Sayı;2025-04;5189544;;;;;;;;;;;;
TR;Türkiye;M;Aylık;U_MKTS;Motorlu Kara Taşıtları Sayısı;M04;Nisan;6;LPG;PN;Sayı;2024-04;5119013;;;;;;;;;;;;
TR;Türkiye;M;Aylık;U_MKTS;Motorlu Kara Taşıtları Sayısı;M04;Nisan;6;LPG;PN;Sayı;2023-04;5026202;;;;;;;;;;;;
TR;Türkiye;M;Aylık;U_MKTS;Motorlu Kara Taşıtları Sayısı;M04;Nisan;6;LPG;PN;Sayı;2022-04;4941046;;;;;;;;;;;;
TR;Türkiye;M;Aylık;U_MKTS;Motorlu Kara Taşıtları Sayısı;M04;Nisan;6;LPG;PN;Sayı;2021-04;4851798;;;;;;;;;;;;
TR;Türkiye;M;Aylık;U_MKTS;Motorlu Kara Taşıtları Sayısı;M04;Nisan;6;LPG;PN;Sayı;2020-04;4707291;;;;;;;;;;;;
TR;Türkiye;M;Aylık;U_MKTS;Motorlu Kara Taşıtları Sayısı;M04;Nisan;6;LPG;PN;Sayı;2019-04;4708815;;;;;;;;;;;;
TR;Türkiye;M;Aylık;U_MKTS;Motorlu Kara Taşıtları Sayısı;M04;Nisan;6;LPG;PN;Sayı;2018-04;4674117;;;;;;;;;;;;
TR;Türkiye;M;Aylık;U_MKTS;Motorlu Kara Taşıtları Sayısı;M04;Nisan;6;LPG;PN;Sayı;2017-04;4498433;;;;;;;;;;;;
TR;Türkiye;M;Aylık;U_MKTS;Motorlu Kara Taşıtları Sayısı;M04;Nisan;6;LPG;PN;Sayı;2016-04;4323081;;;;;;;;;;;;
TR;Türkiye;M;Aylık;U_MKTS;Motorlu Kara Taşıtları Sayısı;M04;Nisan;6;LPG;PN;Sayı;2015-04;4138720;;;;;;;;;;;;
TR;Türkiye;M;Aylık;U_MKTS;Motorlu Kara Taşıtları Sayısı;M04;Nisan;6;LPG;PN;Sayı;2014-04;3923449;;;;;;;;;;;;
TR;Türkiye;M;Aylık;U_MKTS;Motorlu Kara Taşıtları Sayısı;M04;Nisan;6;LPG;PN;Sayı;2013-04;3658202;;;;;;;;;;;;
TR;Türkiye;M;Aylık;U_MKTS;Motorlu Kara Taşıtları Sayısı;M04;Nisan;6;LPG;PN;Sayı;2012-04;3356855;;;;;;;;;;;;
TR;Türkiye;M;Aylık;U_MKTS;Motorlu Kara Taşıtları Sayısı;M04;Nisan;6;LPG;PN;Sayı;2011-04;3015944;;;;;;;;;;;;
TR;Türkiye;M;Aylık;U_MKTS;Motorlu Kara Taşıtları Sayısı;M04;Nisan;6;LPG;PN;Sayı;2010-04;2656021;;;;;;;;;;;;
TR;Türkiye;M;Aylık;U_MKTS;Motorlu Kara Taşıtları Sayısı;M04;Nisan;6;LPG;PN;Sayı;2009-04;2301388;;;;;;;;;;;;
TR;Türkiye;M;Aylık;U_MKTS;Motorlu Kara Taşıtları Sayısı;M04;Nisan;6;LPG;PN;Sayı;2008-04;1938312;;;;;;;;;;;;
TR;Türkiye;M;Aylık;U_MKTS;Motorlu Kara Taşıtları Sayısı;M04;Nisan;6;LPG;PN;Sayı;2007-04;1606596;;;;;;;;;;;;
TR;Türkiye;M;Aylık;U_MKTS;Motorlu Kara Taşıtları Sayısı;M04;Nisan;6;LPG;PN;Sayı;2006-04;1326877;;;;;;;;;;;;
TR;Türkiye;M;Aylık;U_MKTS;Motorlu Kara Taşıtları Sayısı;M04;Nisan;6;LPG;PN;Sayı;2005-04;998077;;;;;;;;;;;;
TR;Türkiye;M;Aylık;U_MKTS;Motorlu Kara Taşıtları Sayısı;M04;Nisan;20;Hibrit;PT;Yüzde;2025-04;Şub.95;;;;;;;;;;;;
TR;Türkiye;M;Aylık;U_MKTS;Motorlu Kara Taşıtları Sayısı;M04;Nisan;20;Hibrit;PT;Yüzde;2024-04;Oca.72;;;;;;;;;;;;
TR;Türkiye;M;Aylık;U_MKTS;Motorlu Kara Taşıtları Sayısı;M04;Nisan;20;Hibrit;PT;Yüzde;2023-04;1.Eyl;;;;;;;;;;;;
TR;Türkiye;M;Aylık;U_MKTS;Motorlu Kara Taşıtları Sayısı;M04;Nisan;20;Hibrit;PT;Yüzde;2022-04;0.75;;;;;;;;;;;;
TR;Türkiye;M;Aylık;U_MKTS;Motorlu Kara Taşıtları Sayısı;M04;Nisan;20;Hibrit;PT;Yüzde;2021-04;0.39;;;;;;;;;;;;
TR;Türkiye;M;Aylık;U_MKTS;Motorlu Kara Taşıtları Sayısı;M04;Nisan;20;Hibrit;PT;Yüzde;2020-04;0.15;;;;;;;;;;;;
TR;Türkiye;M;Aylık;U_MKTS;Motorlu Kara Taşıtları Sayısı;M04;Nisan;20;Hibrit;PT;Yüzde;2019-04;0.06;;;;;;;;;;;;
TR;Türkiye;M;Aylık;U_MKTS;Motorlu Kara Taşıtları Sayısı;M04;Nisan;20;Hibrit;PT;Yüzde;2018-04;0.01;;;;;;;;;;;;
TR;Türkiye;M;Aylık;U_MKTS;Motorlu Kara Taşıtları Sayısı;M04;Nisan;20;Hibrit;PT;Yüzde;2017-04;0.01;;;;;;;;;;;;
TR;Türkiye;M;Aylık;U_MKTS;Motorlu Kara Taşıtları Sayısı;M04;Nisan;20;Hibrit;PT;Yüzde;2016-04;0;;;;;;;;;;;;
TR;Türkiye;M;Aylık;U_MKTS;Motorlu Kara Taşıtları Sayısı;M04;Nisan;20;Hibrit;PT;Yüzde;2015-04;0;;;;;;;;;;;;
TR;Türkiye;M;Aylık;U_MKTS;Motorlu Kara Taşıtları Sayısı;M04;Nisan;20;Hibrit;PT;Yüzde;2014-04;0;;;;;;;;;;;;
TR;Türkiye;M;Aylık;U_MKTS;Motorlu Kara Taşıtları Sayısı;M04;Nisan;20;Hibrit;PT;Yüzde;2013-04;0;;;;;;;;;;;;
TR;Türkiye;M;Aylık;U_MKTS;Motorlu Kara Taşıtları Sayısı;M04;Nisan;20;Hibrit;PT;Yüzde;2012-04;0;;;;;;;;;;;;
TR;Türkiye;M;Aylık;U_MKTS;Motorlu Kara Taşıtları Sayısı;M04;Nisan;20;Hibrit;PN;Sayı;2025-04;489881;;;;;;;;;;;;
TR;Türkiye;M;Aylık;U_MKTS;Motorlu Kara Taşıtları Sayısı;M04;Nisan;20;Hibrit;PN;Sayı;2024-04;267495;;;;;;;;;;;;
TR;Türkiye;M;Aylık;U_MKTS;Motorlu Kara Taşıtları Sayısı;M04;Nisan;20;Hibrit;PN;Sayı;2023-04;159136;;;;;;;;;;;;
TR;Türkiye;M;Aylık;U_MKTS;Motorlu Kara Taşıtları Sayısı;M04;Nisan;20;Hibrit;PN;Sayı;2022-04;103949;;;;;;;;;;;;
TR;Türkiye;M;Aylık;U_MKTS;Motorlu Kara Taşıtları Sayısı;M04;Nisan;20;Hibrit;PN;Sayı;2021-04;52688;;;;;;;;;;;;
TR;Türkiye;M;Aylık;U_MKTS;Motorlu Kara Taşıtları Sayısı;M04;Nisan;20;Hibrit;PN;Sayı;2020-04;18444;;;;;;;;;;;;
TR;Türkiye;M;Aylık;U_MKTS;Motorlu Kara Taşıtları Sayısı;M04;Nisan;20;Hibrit;PN;Sayı;2019-04;6896;;;;;;;;;;;;
TR;Türkiye;M;Aylık;U_MKTS;Motorlu Kara Taşıtları Sayısı;M04;Nisan;20;Hibrit;PN;Sayı;2018-04;1646;;;;;;;;;;;;
TR;Türkiye;M;Aylık;U_MKTS;Motorlu Kara Taşıtları Sayısı;M04;Nisan;20;Hibrit;PN;Sayı;2017-04;578;;;;;;;;;;;;
TR;Türkiye;M;Aylık;U_MKTS;Motorlu Kara Taşıtları Sayısı;M04;Nisan;20;Hibrit;PN;Sayı;2016-04;389;;;;;;;;;;;;
TR;Türkiye;M;Aylık;U_MKTS;Motorlu Kara Taşıtları Sayısı;M04;Nisan;20;Hibrit;PN;Sayı;2015-04;194;;;;;;;;;;;;
TR;Türkiye;M;Aylık;U_MKTS;Motorlu Kara Taşıtları Sayısı;M04;Nisan;20;Hibrit;PN;Sayı;2014-04;85;;;;;;;;;;;;
TR;Türkiye;M;Aylık;U_MKTS;Motorlu Kara Taşıtları Sayısı;M04;Nisan;20;Hibrit;PN;Sayı;2013-04;73;;;;;;;;;;;;
TR;Türkiye;M;Aylık;U_MKTS;Motorlu Kara Taşıtları Sayısı;M04;Nisan;20;Hibrit;PN;Sayı;2012-04;33;;;;;;;;;;;;
TR;Türkiye;M;Aylık;U_MKTS;Motorlu Kara Taşıtları Sayısı;M04;Nisan;5;Elektrik;PT;Yüzde;2025-04;Oca.38;;;;;;;;;;;;
TR;Türkiye;M;Aylık;U_MKTS;Motorlu Kara Taşıtları Sayısı;M04;Nisan;5;Elektrik;PT;Yüzde;2024-04;0.68;;;;;;;;;;;;
TR;Türkiye;M;Aylık;U_MKTS;Motorlu Kara Taşıtları Sayısı;M04;Nisan;5;Elektrik;PT;Yüzde;2023-04;0.15;;;;;;;;;;;;
TR;Türkiye;M;Aylık;U_MKTS;Motorlu Kara Taşıtları Sayısı;M04;Nisan;5;Elektrik;PT;Yüzde;2022-04;0.06;;;;;;;;;;;;
TR;Türkiye;M;Aylık;U_MKTS;Motorlu Kara Taşıtları Sayısı;M04;Nisan;5;Elektrik;PT;Yüzde;2021-04;0.03;;;;;;;;;;;;
TR;Türkiye;M;Aylık;U_MKTS;Motorlu Kara Taşıtları Sayısı;M04;Nisan;5;Elektrik;PT;Yüzde;2020-04;0.01;;;;;;;;;;;;
TR;Türkiye;M;Aylık;U_MKTS;Motorlu Kara Taşıtları Sayısı;M04;Nisan;5;Elektrik;PT;Yüzde;2019-04;0.01;;;;;;;;;;;;
TR;Türkiye;M;Aylık;U_MKTS;Motorlu Kara Taşıtları Sayısı;M04;Nisan;5;Elektrik;PT;Yüzde;2018-04;0.01;;;;;;;;;;;;
TR;Türkiye;M;Aylık;U_MKTS;Motorlu Kara Taşıtları Sayısı;M04;Nisan;5;Elektrik;PT;Yüzde;2017-04;0.01;;;;;;;;;;;;
TR;Türkiye;M;Aylık;U_MKTS;Motorlu Kara Taşıtları Sayısı;M04;Nisan;5;Elektrik;PT;Yüzde;2016-04;0.01;;;;;;;;;;;;
TR;Türkiye;M;Aylık;U_MKTS;Motorlu Kara Taşıtları Sayısı;M04;Nisan;5;Elektrik;PT;Yüzde;2015-04;0;;;;;;;;;;;;
TR;Türkiye;M;Aylık;U_MKTS;Motorlu Kara Taşıtları Sayısı;M04;Nisan;5;Elektrik;PT;Yüzde;2014-04;0;;;;;;;;;;;;
TR;Türkiye;M;Aylık;U_MKTS;Motorlu Kara Taşıtları Sayısı;M04;Nisan;5;Elektrik;PT;Yüzde;2013-04;0;;;;;;;;;;;;
TR;Türkiye;M;Aylık;U_MKTS;Motorlu Kara Taşıtları Sayısı;M04;Nisan;5;Elektrik;PT;Yüzde;2012-04;0;;;;;;;;;;;;
TR;Türkiye;M;Aylık;U_MKTS;Motorlu Kara Taşıtları Sayısı;M04;Nisan;5;Elektrik;PT;Yüzde;2011-04;0;;;;;;;;;;;;
TR;Türkiye;M;Aylık;U_MKTS;Motorlu Kara Taşıtları Sayısı;M04;Nisan;5;Elektrik;PN;Sayı;2025-04;229397;;;;;;;;;;;;
TR;Türkiye;M;Aylık;U_MKTS;Motorlu Kara Taşıtları Sayısı;M04;Nisan;5;Elektrik;PN;Sayı;2024-04;105603;;;;;;;;;;;;
TR;Türkiye;M;Aylık;U_MKTS;Motorlu Kara Taşıtları Sayısı;M04;Nisan;5;Elektrik;PN;Sayı;2023-04;21220;;;;;;;;;;;;
TR;Türkiye;M;Aylık;U_MKTS;Motorlu Kara Taşıtları Sayısı;M04;Nisan;5;Elektrik;PN;Sayı;2022-04;7996;;;;;;;;;;;;
TR;Türkiye;M;Aylık;U_MKTS;Motorlu Kara Taşıtları Sayısı;M04;Nisan;5;Elektrik;PN;Sayı;2021-04;3599;;;;;;;;;;;;
TR;Türkiye;M;Aylık;U_MKTS;Motorlu Kara Taşıtları Sayısı;M04;Nisan;5;Elektrik;PN;Sayı;2020-04;1343;;;;;;;;;;;;
TR;Türkiye;M;Aylık;U_MKTS;Motorlu Kara Taşıtları Sayısı;M04;Nisan;5;Elektrik;PN;Sayı;2019-04;1007;;;;;;;;;;;;
TR;Türkiye;M;Aylık;U_MKTS;Motorlu Kara Taşıtları Sayısı;M04;Nisan;5;Elektrik;PN;Sayı;2018-04;850;;;;;;;;;;;;
TR;Türkiye;M;Aylık;U_MKTS;Motorlu Kara Taşıtları Sayısı;M04;Nisan;5;Elektrik;PN;Sayı;2017-04;655;;;;;;;;;;;;
TR;Türkiye;M;Aylık;U_MKTS;Motorlu Kara Taşıtları Sayısı;M04;Nisan;5;Elektrik;PN;Sayı;2016-04;588;;;;;;;;;;;;
TR;Türkiye;M;Aylık;U_MKTS;Motorlu Kara Taşıtları Sayısı;M04;Nisan;5;Elektrik;PN;Sayı;2015-04;448;;;;;;;;;;;;
TR;Türkiye;M;Aylık;U_MKTS;Motorlu Kara Taşıtları Sayısı;M04;Nisan;5;Elektrik;PN;Sayı;2014-04;359;;;;;;;;;;;;
TR;Türkiye;M;Aylık;U_MKTS;Motorlu Kara Taşıtları Sayısı;M04;Nisan;5;Elektrik;PN;Sayı;2013-04;331;;;;;;;;;;;;
TR;Türkiye;M;Aylık;U_MKTS;Motorlu Kara Taşıtları Sayısı;M04;Nisan;5;Elektrik;PN;Sayı;2012-04;63;;;;;;;;;;;;
TR;Türkiye;M;Aylık;U_MKTS;Motorlu Kara Taşıtları Sayısı;M04;Nisan;5;Elektrik;PN;Sayı;2011-04;23;;;;;;;;;;;;
TR;Türkiye;M;Aylık;U_MKTS;Motorlu Kara Taşıtları Sayısı;M04;Nisan;_U;Bilinmeyen;PT;Yüzde;2025-04;0.21;;;;;;;;;;;;
TR;Türkiye;M;Aylık;U_MKTS;Motorlu Kara Taşıtları Sayısı;M04;Nisan;_U;Bilinmeyen;PT;Yüzde;2024-04;0.23;;;;;;;;;;;;
TR;Türkiye;M;Aylık;U_MKTS;Motorlu Kara Taşıtları Sayısı;M04;Nisan;_U;Bilinmeyen;PT;Yüzde;2023-04;0.24;;;;;;;;;;;;
TR;Türkiye;M;Aylık;U_MKTS;Motorlu Kara Taşıtları Sayısı;M04;Nisan;_U;Bilinmeyen;PT;Yüzde;2022-04;0.26;;;;;;;;;;;;
TR;Türkiye;M;Aylık;U_MKTS;Motorlu Kara Taşıtları Sayısı;M04;Nisan;_U;Bilinmeyen;PT;Yüzde;2021-04;0.27;;;;;;;;;;;;
TR;Türkiye;M;Aylık;U_MKTS;Motorlu Kara Taşıtları Sayısı;M04;Nisan;_U;Bilinmeyen;PT;Yüzde;2020-04;0.29;;;;;;;;;;;;
TR;Türkiye;M;Aylık;U_MKTS;Motorlu Kara Taşıtları Sayısı;M04;Nisan;_U;Bilinmeyen;PT;Yüzde;2019-04;0.31;;;;;;;;;;;;
TR;Türkiye;M;Aylık;U_MKTS;Motorlu Kara Taşıtları Sayısı;M04;Nisan;_U;Bilinmeyen;PT;Yüzde;2018-04;0.33;;;;;;;;;;;;
TR;Türkiye;M;Aylık;U_MKTS;Motorlu Kara Taşıtları Sayısı;M04;Nisan;_U;Bilinmeyen;PT;Yüzde;2017-04;0.36;;;;;;;;;;;;
TR;Türkiye;M;Aylık;U_MKTS;Motorlu Kara Taşıtları Sayısı;M04;Nisan;_U;Bilinmeyen;PT;Yüzde;2016-04;0.39;;;;;;;;;;;;
TR;Türkiye;M;Aylık;U_MKTS;Motorlu Kara Taşıtları Sayısı;M04;Nisan;_U;Bilinmeyen;PT;Yüzde;2015-04;0.43;;;;;;;;;;;;
TR;Türkiye;M;Aylık;U_MKTS;Motorlu Kara Taşıtları Sayısı;M04;Nisan;_U;Bilinmeyen;PT;Yüzde;2014-04;0.47;;;;;;;;;;;;
TR;Türkiye;M;Aylık;U_MKTS;Motorlu Kara Taşıtları Sayısı;M04;Nisan;_U;Bilinmeyen;PT;Yüzde;2013-04;0.54;;;;;;;;;;;;
TR;Türkiye;M;Aylık;U_MKTS;Motorlu Kara Taşıtları Sayısı;M04;Nisan;_U;Bilinmeyen;PT;Yüzde;2012-04;0.64;;;;;;;;;;;;
TR;Türkiye;M;Aylık;U_MKTS;Motorlu Kara Taşıtları Sayısı;M04;Nisan;_U;Bilinmeyen;PT;Yüzde;2011-04;0.88;;;;;;;;;;;;
TR;Türkiye;M;Aylık;U_MKTS;Motorlu Kara Taşıtları Sayısı;M04;Nisan;_U;Bilinmeyen;PT;Yüzde;2010-04;1.Oca;;;;;;;;;;;;
TR;Türkiye;M;Aylık;U_MKTS;Motorlu Kara Taşıtları Sayısı;M04;Nisan;_U;Bilinmeyen;PT;Yüzde;2009-04;Oca.38;;;;;;;;;;;;
TR;Türkiye;M;Aylık;U_MKTS;Motorlu Kara Taşıtları Sayısı;M04;Nisan;_U;Bilinmeyen;PT;Yüzde;2008-04;2.Nis;;;;;;;;;;;;
TR;Türkiye;M;Aylık;U_MKTS;Motorlu Kara Taşıtları Sayısı;M04;Nisan;_U;Bilinmeyen;PT;Yüzde;2007-04;Şub.98;;;;;;;;;;;;
TR;Türkiye;M;Aylık;U_MKTS;Motorlu Kara Taşıtları Sayısı;M04;Nisan;_U;Bilinmeyen;PT;Yüzde;2006-04;Mar.74;;;;;;;;;;;;
TR;Türkiye;M;Aylık;U_MKTS;Motorlu Kara Taşıtları Sayısı;M04;Nisan;_U;Bilinmeyen;PT;Yüzde;2005-04;Nis.98;;;;;;;;;;;;
TR;Türkiye;M;Aylık;U_MKTS;Motorlu Kara Taşıtları Sayısı;M04;Nisan;_U;Bilinmeyen;PN;Sayı;2025-04;35257;;;;;;;;;;;;
TR;Türkiye;M;Aylık;U_MKTS;Motorlu Kara Taşıtları Sayısı;M04;Nisan;_U;Bilinmeyen;PN;Sayı;2024-04;35339;;;;;;;;;;;;
TR;Türkiye;M;Aylık;U_MKTS;Motorlu Kara Taşıtları Sayısı;M04;Nisan;_U;Bilinmeyen;PN;Sayı;2023-04;35541;;;;;;;;;;;;
TR;Türkiye;M;Aylık;U_MKTS;Motorlu Kara Taşıtları Sayısı;M04;Nisan;_U;Bilinmeyen;PN;Sayı;2022-04;35764;;;;;;;;;;;;
TR;Türkiye;M;Aylık;U_MKTS;Motorlu Kara Taşıtları Sayısı;M04;Nisan;_U;Bilinmeyen;PN;Sayı;2021-04;36192;;;;;;;;;;;;
TR;Türkiye;M;Aylık;U_MKTS;Motorlu Kara Taşıtları Sayısı;M04;Nisan;_U;Bilinmeyen;PN;Sayı;2020-04;36407;;;;;;;;;;;;
TR;Türkiye;M;Aylık;U_MKTS;Motorlu Kara Taşıtları Sayısı;M04;Nisan;_U;Bilinmeyen;PN;Sayı;2019-04;38512;;;;;;;;;;;;
TR;Türkiye;M;Aylık;U_MKTS;Motorlu Kara Taşıtları Sayısı;M04;Nisan;_U;Bilinmeyen;PN;Sayı;2018-04;40308;;;;;;;;;;;;
TR;Türkiye;M;Aylık;U_MKTS;Motorlu Kara Taşıtları Sayısı;M04;Nisan;_U;Bilinmeyen;PN;Sayı;2017-04;41463;;;;;;;;;;;;
TR;Türkiye;M;Aylık;U_MKTS;Motorlu Kara Taşıtları Sayısı;M04;Nisan;_U;Bilinmeyen;PN;Sayı;2016-04;42366;;;;;;;;;;;;
TR;Türkiye;M;Aylık;U_MKTS;Motorlu Kara Taşıtları Sayısı;M04;Nisan;_U;Bilinmeyen;PN;Sayı;2015-04;43758;;;;;;;;;;;;
TR;Türkiye;M;Aylık;U_MKTS;Motorlu Kara Taşıtları Sayısı;M04;Nisan;_U;Bilinmeyen;PN;Sayı;2014-04;44597;;;;;;;;;;;;
TR;Türkiye;M;Aylık;U_MKTS;Motorlu Kara Taşıtları Sayısı;M04;Nisan;_U;Bilinmeyen;PN;Sayı;2013-04;47852;;;;;;;;;;;;
TR;Türkiye;M;Aylık;U_MKTS;Motorlu Kara Taşıtları Sayısı;M04;Nisan;_U;Bilinmeyen;PN;Sayı;2012-04;52852;;;;;;;;;;;;
TR;Türkiye;M;Aylık;U_MKTS;Motorlu Kara Taşıtları Sayısı;M04;Nisan;_U;Bilinmeyen;PN;Sayı;2011-04;68023;;;;;;;;;;;;
TR;Türkiye;M;Aylık;U_MKTS;Motorlu Kara Taşıtları Sayısı;M04;Nisan;_U;Bilinmeyen;PN;Sayı;2010-04;79643;;;;;;;;;;;;
TR;Türkiye;M;Aylık;U_MKTS;Motorlu Kara Taşıtları Sayısı;M04;Nisan;_U;Bilinmeyen;PN;Sayı;2009-04;95245;;;;;;;;;;;;
TR;Türkiye;M;Aylık;U_MKTS;Motorlu Kara Taşıtları Sayısı;M04;Nisan;_U;Bilinmeyen;PN;Sayı;2008-04;158523;;;;;;;;;;;;
TR;Türkiye;M;Aylık;U_MKTS;Motorlu Kara Taşıtları Sayısı;M04;Nisan;_U;Bilinmeyen;PN;Sayı;2007-04;186082;;;;;;;;;;;;
TR;Türkiye;M;Aylık;U_MKTS;Motorlu Kara Taşıtları Sayısı;M04;Nisan;_U;Bilinmeyen;PN;Sayı;2006-04;220927;;;;;;;;;;;;
TR;Türkiye;M;Aylık;U_MKTS;Motorlu Kara Taşıtları Sayısı;M04;Nisan;_U;Bilinmeyen;PN;Sayı;2005-04;273246;;;;;;;;;;;;
TR;Türkiye;M;Aylık;U_MKTS;Motorlu Kara Taşıtları Sayısı;M05;Mayıs;_T;Toplam;PT;Yüzde;2025-05;100;;;;;;;;;;;;
TR;Türkiye;M;Aylık;U_MKTS;Motorlu Kara Taşıtları Sayısı;M05;Mayıs;_T;Toplam;PT;Yüzde;2024-05;100;;;;;;;;;;;;
TR;Türkiye;M;Aylık;U_MKTS;Motorlu Kara Taşıtları Sayısı;M05;Mayıs;_T;Toplam;PT;Yüzde;2023-05;100;;;;;;;;;;;;
TR;Türkiye;M;Aylık;U_MKTS;Motorlu Kara Taşıtları Sayısı;M05;Mayıs;_T;Toplam;PT;Yüzde;2022-05;100;;;;;;;;;;;;
TR;Türkiye;M;Aylık;U_MKTS;Motorlu Kara Taşıtları Sayısı;M05;Mayıs;_T;Toplam;PT;Yüzde;2021-05;100;;;;;;;;;;;;
TR;Türkiye;M;Aylık;U_MKTS;Motorlu Kara Taşıtları Sayısı;M05;Mayıs;_T;Toplam;PT;Yüzde;2020-05;100;;;;;;;;;;;;
TR;Türkiye;M;Aylık;U_MKTS;Motorlu Kara Taşıtları Sayısı;M05;Mayıs;_T;Toplam;PT;Yüzde;2019-05;100;;;;;;;;;;;;
TR;Türkiye;M;Aylık;U_MKTS;Motorlu Kara Taşıtları Sayısı;M05;Mayıs;_T;Toplam;PT;Yüzde;2018-05;100;;;;;;;;;;;;
TR;Türkiye;M;Aylık;U_MKTS;Motorlu Kara Taşıtları Sayısı;M05;Mayıs;_T;Toplam;PT;Yüzde;2017-05;100;;;;;;;;;;;;
TR;Türkiye;M;Aylık;U_MKTS;Motorlu Kara Taşıtları Sayısı;M05;Mayıs;_T;Toplam;PT;Yüzde;2016-05;100;;;;;;;;;;;;
TR;Türkiye;M;Aylık;U_MKTS;Motorlu Kara Taşıtları Sayısı;M05;Mayıs;_T;Toplam;PT;Yüzde;2015-05;100;;;;;;;;;;;;
TR;Türkiye;M;Aylık;U_MKTS;Motorlu Kara Taşıtları Sayısı;M05;Mayıs;_T;Toplam;PT;Yüzde;2014-05;100;;;;;;;;;;;;
TR;Türkiye;M;Aylık;U_MKTS;Motorlu Kara Taşıtları Sayısı;M05;Mayıs;_T;Toplam;PT;Yüzde;2013-05;100;;;;;;;;;;;;
TR;Türkiye;M;Aylık;U_MKTS;Motorlu Kara Taşıtları Sayısı;M05;Mayıs;_T;Toplam;PT;Yüzde;2012-05;100;;;;;;;;;;;;
TR;Türkiye;M;Aylık;U_MKTS;Motorlu Kara Taşıtları Sayısı;M05;Mayıs;_T;Toplam;PT;Yüzde;2011-05;100;;;;;;;;;;;;
TR;Türkiye;M;Aylık;U_MKTS;Motorlu Kara Taşıtları Sayısı;M05;Mayıs;_T;Toplam;PT;Yüzde;2010-05;100;;;;;;;;;;;;
TR;Türkiye;M;Aylık;U_MKTS;Motorlu Kara Taşıtları Sayısı;M05;Mayıs;_T;Toplam;PT;Yüzde;2009-05;100;;;;;;;;;;;;
TR;Türkiye;M;Aylık;U_MKTS;Motorlu Kara Taşıtları Sayısı;M05;Mayıs;_T;Toplam;PT;Yüzde;2008-05;100;;;;;;;;;;;;
TR;Türkiye;M;Aylık;U_MKTS;Motorlu Kara Taşıtları Sayısı;M05;Mayıs;_T;Toplam;PT;Yüzde;2007-05;100;;;;;;;;;;;;
TR;Türkiye;M;Aylık;U_MKTS;Motorlu Kara Taşıtları Sayısı;M05;Mayıs;_T;Toplam;PT;Yüzde;2006-05;100;;;;;;;;;;;;
TR;Türkiye;M;Aylık;U_MKTS;Motorlu Kara Taşıtları Sayısı;M05;Mayıs;_T;Toplam;PT;Yüzde;2005-05;100;;;;;;;;;;;;
TR;Türkiye;M;Aylık;U_MKTS;Motorlu Kara Taşıtları Sayısı;M05;Mayıs;_T;Toplam;PN;Sayı;2025-05;16667473;;;;;;;;;;;;
TR;Türkiye;M;Aylık;U_MKTS;Motorlu Kara Taşıtları Sayısı;M05;Mayıs;_T;Toplam;PN;Sayı;2024-05;15651542;;;;;;;;;;;;
TR;Türkiye;M;Aylık;U_MKTS;Motorlu Kara Taşıtları Sayısı;M05;Mayıs;_T;Toplam;PN;Sayı;2023-05;14630136;;;;;;;;;;;;
TR;Türkiye;M;Aylık;U_MKTS;Motorlu Kara Taşıtları Sayısı;M05;Mayıs;_T;Toplam;PN;Sayı;2022-05;13928842;;;;;;;;;;;;
TR;Türkiye;M;Aylık;U_MKTS;Motorlu Kara Taşıtları Sayısı;M05;Mayıs;_T;Toplam;PN;Sayı;2021-05;13387183;;;;;;;;;;;;
TR;Türkiye;M;Aylık;U_MKTS;Motorlu Kara Taşıtları Sayısı;M05;Mayıs;_T;Toplam;PN;Sayı;2020-05;12683707;;;;;;;;;;;;
TR;Türkiye;M;Aylık;U_MKTS;Motorlu Kara Taşıtları Sayısı;M05;Mayıs;_T;Toplam;PN;Sayı;2019-05;12482475;;;;;;;;;;;;
TR;Türkiye;M;Aylık;U_MKTS;Motorlu Kara Taşıtları Sayısı;M05;Mayıs;_T;Toplam;PN;Sayı;2018-05;12303046;;;;;;;;;;;;
TR;Türkiye;M;Aylık;U_MKTS;Motorlu Kara Taşıtları Sayısı;M05;Mayıs;_T;Toplam;PN;Sayı;2017-05;11609703;;;;;;;;;;;;
TR;Türkiye;M;Aylık;U_MKTS;Motorlu Kara Taşıtları Sayısı;M05;Mayıs;_T;Toplam;PN;Sayı;2016-05;10885629;;;;;;;;;;;;
TR;Türkiye;M;Aylık;U_MKTS;Motorlu Kara Taşıtları Sayısı;M05;Mayıs;_T;Toplam;PN;Sayı;2015-05;10171414;;;;;;;;;;;;
TR;Türkiye;M;Aylık;U_MKTS;Motorlu Kara Taşıtları Sayısı;M05;Mayıs;_T;Toplam;PN;Sayı;2014-05;9514881;;;;;;;;;;;;
TR;Türkiye;M;Aylık;U_MKTS;Motorlu Kara Taşıtları Sayısı;M05;Mayıs;_T;Toplam;PN;Sayı;2013-05;8927701;;;;;;;;;;;;
TR;Türkiye;M;Aylık;U_MKTS;Motorlu Kara Taşıtları Sayısı;M05;Mayıs;_T;Toplam;PN;Sayı;2012-05;8342805;;;;;;;;;;;;
TR;Türkiye;M;Aylık;U_MKTS;Motorlu Kara Taşıtları Sayısı;M05;Mayıs;_T;Toplam;PN;Sayı;2011-05;7815311;;;;;;;;;;;;
TR;Türkiye;M;Aylık;U_MKTS;Motorlu Kara Taşıtları Sayısı;M05;Mayıs;_T;Toplam;PN;Sayı;2010-05;7254782;;;;;;;;;;;;
TR;Türkiye;M;Aylık;U_MKTS;Motorlu Kara Taşıtları Sayısı;M05;Mayıs;_T;Toplam;PN;Sayı;2009-05;6934439;;;;;;;;;;;;
TR;Türkiye;M;Aylık;U_MKTS;Motorlu Kara Taşıtları Sayısı;M05;Mayıs;_T;Toplam;PN;Sayı;2008-05;6636380;;;;;;;;;;;;
TR;Türkiye;M;Aylık;U_MKTS;Motorlu Kara Taşıtları Sayısı;M05;Mayıs;_T;Toplam;PN;Sayı;2007-05;6263191;;;;;;;;;;;;
TR;Türkiye;M;Aylık;U_MKTS;Motorlu Kara Taşıtları Sayısı;M05;Mayıs;_T;Toplam;PN;Sayı;2006-05;5963431;;;;;;;;;;;;
TR;Türkiye;M;Aylık;U_MKTS;Motorlu Kara Taşıtları Sayısı;M05;Mayıs;_T;Toplam;PN;Sayı;2005-05;5518519;;;;;;;;;;;;
TR;Türkiye;M;Aylık;U_MKTS;Motorlu Kara Taşıtları Sayısı;M05;Mayıs;1;Benzinli;PT;Yüzde;2025-05;30.57;;;;;;;;;;;;
TR;Türkiye;M;Aylık;U_MKTS;Motorlu Kara Taşıtları Sayısı;M05;Mayıs;1;Benzinli;PT;Yüzde;2024-05;29.May;;;;;;;;;;;;
TR;Türkiye;M;Aylık;U_MKTS;Motorlu Kara Taşıtları Sayısı;M05;Mayıs;1;Benzinli;PT;Yüzde;2023-05;27.58;;;;;;;;;;;;
TR;Türkiye;M;Aylık;U_MKTS;Motorlu Kara Taşıtları Sayısı;M05;Mayıs;1;Benzinli;PT;Yüzde;2022-05;26.Eyl;;;;;;;;;;;;
TR;Türkiye;M;Aylık;U_MKTS;Motorlu Kara Taşıtları Sayısı;M05;Mayıs;1;Benzinli;PT;Yüzde;2021-05;24.93;;;;;;;;;;;;
TR;Türkiye;M;Aylık;U_MKTS;Motorlu Kara Taşıtları Sayısı;M05;Mayıs;1;Benzinli;PT;Yüzde;2020-05;24.14;;;;;;;;;;;;
TR;Türkiye;M;Aylık;U_MKTS;Motorlu Kara Taşıtları Sayısı;M05;Mayıs;1;Benzinli;PT;Yüzde;2019-05;24.61;;;;;;;;;;;;
TR;Türkiye;M;Aylık;U_MKTS;Motorlu Kara Taşıtları Sayısı;M05;Mayıs;1;Benzinli;PT;Yüzde;2018-05;25.53;;;;;;;;;;;;
TR;Türkiye;M;Aylık;U_MKTS;Motorlu Kara Taşıtları Sayısı;M05;Mayıs;1;Benzinli;PT;Yüzde;2017-05;26.37;;;;;;;;;;;;
TR;Türkiye;M;Aylık;U_MKTS;Motorlu Kara Taşıtları Sayısı;M05;Mayıs;1;Benzinli;PT;Yüzde;2016-05;27.23;;;;;;;;;;;;
TR;Türkiye;M;Aylık;U_MKTS;Motorlu Kara Taşıtları Sayısı;M05;Mayıs;1;Benzinli;PT;Yüzde;2015-05;28.42;;;;;;;;;;;;
TR;Türkiye;M;Aylık;U_MKTS;Motorlu Kara Taşıtları Sayısı;M05;Mayıs;1;Benzinli;PT;Yüzde;2014-05;30.18;;;;;;;;;;;;
TR;Türkiye;M;Aylık;U_MKTS;Motorlu Kara Taşıtları Sayısı;M05;Mayıs;1;Benzinli;PT;Yüzde;2013-05;32.64;;;;;;;;;;;;
TR;Türkiye;M;Aylık;U_MKTS;Motorlu Kara Taşıtları Sayısı;M05;Mayıs;1;Benzinli;PT;Yüzde;2012-05;35.91;;;;;;;;;;;;
TR;Türkiye;M;Aylık;U_MKTS;Motorlu Kara Taşıtları Sayısı;M05;Mayıs;1;Benzinli;PT;Yüzde;2011-05;40.18;;;;;;;;;;;;
TR;Türkiye;M;Aylık;U_MKTS;Motorlu Kara Taşıtları Sayısı;M05;Mayıs;1;Benzinli;PT;Yüzde;2010-05;45.25;;;;;;;;;;;;
TR;Türkiye;M;Aylık;U_MKTS;Motorlu Kara Taşıtları Sayısı;M05;Mayıs;1;Benzinli;PT;Yüzde;2009-05;50.38;;;;;;;;;;;;
TR;Türkiye;M;Aylık;U_MKTS;Motorlu Kara Taşıtları Sayısı;M05;Mayıs;1;Benzinli;PT;Yüzde;2008-05;54.94;;;;;;;;;;;;
TR;Türkiye;M;Aylık;U_MKTS;Motorlu Kara Taşıtları Sayısı;M05;Mayıs;1;Benzinli;PT;Yüzde;2007-05;60.58;;;;;;;;;;;;
TR;Türkiye;M;Aylık;U_MKTS;Motorlu Kara Taşıtları Sayısı;M05;Mayıs;1;Benzinli;PT;Yüzde;2006-05;65.45;;;;;;;;;;;;
TR;Türkiye;M;Aylık;U_MKTS;Motorlu Kara Taşıtları Sayısı;M05;Mayıs;1;Benzinli;PT;Yüzde;2005-05;70.77;;;;;;;;;;;;
TR;Türkiye;M;Aylık;U_MKTS;Motorlu Kara Taşıtları Sayısı;M05;Mayıs;1;Benzinli;PN;Sayı;2025-05;5094437;;;;;;;;;;;;
TR;Türkiye;M;Aylık;U_MKTS;Motorlu Kara Taşıtları Sayısı;M05;Mayıs;1;Benzinli;PN;Sayı;2024-05;4617500;;;;;;;;;;;;
TR;Türkiye;M;Aylık;U_MKTS;Motorlu Kara Taşıtları Sayısı;M05;Mayıs;1;Benzinli;PN;Sayı;2023-05;4035141;;;;;;;;;;;;
TR;Türkiye;M;Aylık;U_MKTS;Motorlu Kara Taşıtları Sayısı;M05;Mayıs;1;Benzinli;PN;Sayı;2022-05;3633787;;;;;;;;;;;;
TR;Türkiye;M;Aylık;U_MKTS;Motorlu Kara Taşıtları Sayısı;M05;Mayıs;1;Benzinli;PN;Sayı;2021-05;3337949;;;;;;;;;;;;
TR;Türkiye;M;Aylık;U_MKTS;Motorlu Kara Taşıtları Sayısı;M05;Mayıs;1;Benzinli;PN;Sayı;2020-05;3061554;;;;;;;;;;;;
TR;Türkiye;M;Aylık;U_MKTS;Motorlu Kara Taşıtları Sayısı;M05;Mayıs;1;Benzinli;PN;Sayı;2019-05;3072275;;;;;;;;;;;;
TR;Türkiye;M;Aylık;U_MKTS;Motorlu Kara Taşıtları Sayısı;M05;Mayıs;1;Benzinli;PN;Sayı;2018-05;3140910;;;;;;;;;;;;
TR;Türkiye;M;Aylık;U_MKTS;Motorlu Kara Taşıtları Sayısı;M05;Mayıs;1;Benzinli;PN;Sayı;2017-05;3061917;;;;;;;;;;;;
TR;Türkiye;M;Aylık;U_MKTS;Motorlu Kara Taşıtları Sayısı;M05;Mayıs;1;Benzinli;PN;Sayı;2016-05;2963973;;;;;;;;;;;;
TR;Türkiye;M;Aylık;U_MKTS;Motorlu Kara Taşıtları Sayısı;M05;Mayıs;1;Benzinli;PN;Sayı;2015-05;2891161;;;;;;;;;;;;
TR;Türkiye;M;Aylık;U_MKTS;Motorlu Kara Taşıtları Sayısı;M05;Mayıs;1;Benzinli;PN;Sayı;2014-05;2871468;;;;;;;;;;;;
TR;Türkiye;M;Aylık;U_MKTS;Motorlu Kara Taşıtları Sayısı;M05;Mayıs;1;Benzinli;PN;Sayı;2013-05;2913691;;;;;;;;;;;;
TR;Türkiye;M;Aylık;U_MKTS;Motorlu Kara Taşıtları Sayısı;M05;Mayıs;1;Benzinli;PN;Sayı;2012-05;2996172;;;;;;;;;;;;
TR;Türkiye;M;Aylık;U_MKTS;Motorlu Kara Taşıtları Sayısı;M05;Mayıs;1;Benzinli;PN;Sayı;2011-05;3140218;;;;;;;;;;;;
TR;Türkiye;M;Aylık;U_MKTS;Motorlu Kara Taşıtları Sayısı;M05;Mayıs;1;Benzinli;PN;Sayı;2010-05;3282787;;;;;;;;;;;;
TR;Türkiye;M;Aylık;U_MKTS;Motorlu Kara Taşıtları Sayısı;M05;Mayıs;1;Benzinli;PN;Sayı;2009-05;3493702;;;;;;;;;;;;
TR;Türkiye;M;Aylık;U_MKTS;Motorlu Kara Taşıtları Sayısı;M05;Mayıs;1;Benzinli;PN;Sayı;2008-05;3646257;;;;;;;;;;;;
TR;Türkiye;M;Aylık;U_MKTS;Motorlu Kara Taşıtları Sayısı;M05;Mayıs;1;Benzinli;PN;Sayı;2007-05;3793938;;;;;;;;;;;;
TR;Türkiye;M;Aylık;U_MKTS;Motorlu Kara Taşıtları Sayısı;M05;Mayıs;1;Benzinli;PN;Sayı;2006-05;3902971;;;;;;;;;;;;
TR;Türkiye;M;Aylık;U_MKTS;Motorlu Kara Taşıtları Sayısı;M05;Mayıs;1;Benzinli;PN;Sayı;2005-05;3905649;;;;;;;;;;;;
TR;Türkiye;M;Aylık;U_MKTS;Motorlu Kara Taşıtları Sayısı;M05;Mayıs;2;Dizel;PT;Yüzde;2025-05;33.51;;;;;;;;;;;;
TR;Türkiye;M;Aylık;U_MKTS;Motorlu Kara Taşıtları Sayısı;M05;Mayıs;2;Dizel;PT;Yüzde;2024-05;35.01;;;;;;;;;;;;
TR;Türkiye;M;Aylık;U_MKTS;Motorlu Kara Taşıtları Sayısı;M05;Mayıs;2;Dizel;PT;Yüzde;2023-05;36.48;;;;;;;;;;;;
TR;Türkiye;M;Aylık;U_MKTS;Motorlu Kara Taşıtları Sayısı;M05;Mayıs;2;Dizel;PT;Yüzde;2022-05;37.31;;;;;;;;;;;;
TR;Türkiye;M;Aylık;U_MKTS;Motorlu Kara Taşıtları Sayısı;M05;Mayıs;2;Dizel;PT;Yüzde;2021-05;38.06;;;;;;;;;;;;
TR;Türkiye;M;Aylık;U_MKTS;Motorlu Kara Taşıtları Sayısı;M05;Mayıs;2;Dizel;PT;Yüzde;2020-05;38.25;;;;;;;;;;;;
TR;Türkiye;M;Aylık;U_MKTS;Motorlu Kara Taşıtları Sayısı;M05;Mayıs;2;Dizel;PT;Yüzde;2019-05;37.27;;;;;;;;;;;;
TR;Türkiye;M;Aylık;U_MKTS;Motorlu Kara Taşıtları Sayısı;M05;Mayıs;2;Dizel;PT;Yüzde;2018-05;36.01;;;;;;;;;;;;
TR;Türkiye;M;Aylık;U_MKTS;Motorlu Kara Taşıtları Sayısı;M05;Mayıs;2;Dizel;PT;Yüzde;2017-05;34.37;;;;;;;;;;;;
TR;Türkiye;M;Aylık;U_MKTS;Motorlu Kara Taşıtları Sayısı;M05;Mayıs;2;Dizel;PT;Yüzde;2016-05;32.53;;;;;;;;;;;;
TR;Türkiye;M;Aylık;U_MKTS;Motorlu Kara Taşıtları Sayısı;M05;Mayıs;2;Dizel;PT;Yüzde;2015-05;30.29;;;;;;;;;;;;
TR;Türkiye;M;Aylık;U_MKTS;Motorlu Kara Taşıtları Sayısı;M05;Mayıs;2;Dizel;PT;Yüzde;2014-05;27.91;;;;;;;;;;;;
TR;Türkiye;M;Aylık;U_MKTS;Motorlu Kara Taşıtları Sayısı;M05;Mayıs;2;Dizel;PT;Yüzde;2013-05;25.52;;;;;;;;;;;;
TR;Türkiye;M;Aylık;U_MKTS;Motorlu Kara Taşıtları Sayısı;M05;Mayıs;2;Dizel;PT;Yüzde;2012-05;22.86;;;;;;;;;;;;
TR;Türkiye;M;Aylık;U_MKTS;Motorlu Kara Taşıtları Sayısı;M05;Mayıs;2;Dizel;PT;Yüzde;2011-05;19.91;;;;;;;;;;;;
TR;Türkiye;M;Aylık;U_MKTS;Motorlu Kara Taşıtları Sayısı;M05;Mayıs;2;Dizel;PT;Yüzde;2010-05;16.61;;;;;;;;;;;;
TR;Türkiye;M;Aylık;U_MKTS;Motorlu Kara Taşıtları Sayısı;M05;Mayıs;2;Dizel;PT;Yüzde;2009-05;14.71;;;;;;;;;;;;
TR;Türkiye;M;Aylık;U_MKTS;Motorlu Kara Taşıtları Sayısı;M05;Mayıs;2;Dizel;PT;Yüzde;2008-05;Ara.94;;;;;;;;;;;;
TR;Türkiye;M;Aylık;U_MKTS;Motorlu Kara Taşıtları Sayısı;M05;Mayıs;2;Dizel;PT;Yüzde;2007-05;Eki.37;;;;;;;;;;;;
TR;Türkiye;M;Aylık;U_MKTS;Motorlu Kara Taşıtları Sayısı;M05;Mayıs;2;Dizel;PT;Yüzde;2006-05;Ağu.22;;;;;;;;;;;;
TR;Türkiye;M;Aylık;U_MKTS;Motorlu Kara Taşıtları Sayısı;M05;Mayıs;2;Dizel;PT;Yüzde;2005-05;May.25;;;;;;;;;;;;
TR;Türkiye;M;Aylık;U_MKTS;Motorlu Kara Taşıtları Sayısı;M05;Mayıs;2;Dizel;PN;Sayı;2025-05;5584781;;;;;;;;;;;;
TR;Türkiye;M;Aylık;U_MKTS;Motorlu Kara Taşıtları Sayısı;M05;Mayıs;2;Dizel;PN;Sayı;2024-05;5479711;;;;;;;;;;;;
TR;Türkiye;M;Aylık;U_MKTS;Motorlu Kara Taşıtları Sayısı;M05;Mayıs;2;Dizel;PN;Sayı;2023-05;5337220;;;;;;;;;;;;
TR;Türkiye;M;Aylık;U_MKTS;Motorlu Kara Taşıtları Sayısı;M05;Mayıs;2;Dizel;PN;Sayı;2022-05;5196359;;;;;;;;;;;;
TR;Türkiye;M;Aylık;U_MKTS;Motorlu Kara Taşıtları Sayısı;M05;Mayıs;2;Dizel;PN;Sayı;2021-05;5094970;;;;;;;;;;;;
TR;Türkiye;M;Aylık;U_MKTS;Motorlu Kara Taşıtları Sayısı;M05;Mayıs;2;Dizel;PN;Sayı;2020-05;4851667;;;;;;;;;;;;
TR;Türkiye;M;Aylık;U_MKTS;Motorlu Kara Taşıtları Sayısı;M05;Mayıs;2;Dizel;PN;Sayı;2019-05;4652536;;;;;;;;;;;;
TR;Türkiye;M;Aylık;U_MKTS;Motorlu Kara Taşıtları Sayısı;M05;Mayıs;2;Dizel;PN;Sayı;2018-05;4429877;;;;;;;;;;;;
TR;Türkiye;M;Aylık;U_MKTS;Motorlu Kara Taşıtları Sayısı;M05;Mayıs;2;Dizel;PN;Sayı;2017-05;3990432;;;;;;;;;;;;
TR;Türkiye;M;Aylık;U_MKTS;Motorlu Kara Taşıtları Sayısı;M05;Mayıs;2;Dizel;PN;Sayı;2016-05;3540624;;;;;;;;;;;;
TR;Türkiye;M;Aylık;U_MKTS;Motorlu Kara Taşıtları Sayısı;M05;Mayıs;2;Dizel;PN;Sayı;2015-05;3080788;;;;;;;;;;;;
TR;Türkiye;M;Aylık;U_MKTS;Motorlu Kara Taşıtları Sayısı;M05;Mayıs;2;Dizel;PN;Sayı;2014-05;2655386;;;;;;;;;;;;
TR;Türkiye;M;Aylık;U_MKTS;Motorlu Kara Taşıtları Sayısı;M05;Mayıs;2;Dizel;PN;Sayı;2013-05;2278027;;;;;;;;;;;;
TR;Türkiye;M;Aylık;U_MKTS;Motorlu Kara Taşıtları Sayısı;M05;Mayıs;2;Dizel;PN;Sayı;2012-05;1907082;;;;;;;;;;;;
TR;Türkiye;M;Aylık;U_MKTS;Motorlu Kara Taşıtları Sayısı;M05;Mayıs;2;Dizel;PN;Sayı;2011-05;1556124;;;;;;;;;;;;
TR;Türkiye;M;Aylık;U_MKTS;Motorlu Kara Taşıtları Sayısı;M05;Mayıs;2;Dizel;PN;Sayı;2010-05;1204740;;;;;;;;;;;;
TR;Türkiye;M;Aylık;U_MKTS;Motorlu Kara Taşıtları Sayısı;M05;Mayıs;2;Dizel;PN;Sayı;2009-05;1019720;;;;;;;;;;;;
TR;Türkiye;M;Aylık;U_MKTS;Motorlu Kara Taşıtları Sayısı;M05;Mayıs;2;Dizel;PN;Sayı;2008-05;858422;;;;;;;;;;;;
TR;Türkiye;M;Aylık;U_MKTS;Motorlu Kara Taşıtları Sayısı;M05;Mayıs;2;Dizel;PN;Sayı;2007-05;649354;;;;;;;;;;;;
TR;Türkiye;M;Aylık;U_MKTS;Motorlu Kara Taşıtları Sayısı;M05;Mayıs;2;Dizel;PN;Sayı;2006-05;490102;;;;;;;;;;;;
TR;Türkiye;M;Aylık;U_MKTS;Motorlu Kara Taşıtları Sayısı;M05;Mayıs;2;Dizel;PN;Sayı;2005-05;289935;;;;;;;;;;;;
TR;Türkiye;M;Aylık;U_MKTS;Motorlu Kara Taşıtları Sayısı;M05;Mayıs;6;LPG;PT;Yüzde;2025-05;31.16;;;;;;;;;;;;
TR;Türkiye;M;Aylık;U_MKTS;Motorlu Kara Taşıtları Sayısı;M05;Mayıs;6;LPG;PT;Yüzde;2024-05;32.75;;;;;;;;;;;;
TR;Türkiye;M;Aylık;U_MKTS;Motorlu Kara Taşıtları Sayısı;M05;Mayıs;6;LPG;PT;Yüzde;2023-05;34.4;;;;;;;;;;;;
TR;Türkiye;M;Aylık;U_MKTS;Motorlu Kara Taşıtları Sayısı;M05;Mayıs;6;LPG;PT;Yüzde;2022-05;35.51;;;;;;;;;;;;
TR;Türkiye;M;Aylık;U_MKTS;Motorlu Kara Taşıtları Sayısı;M05;Mayıs;6;LPG;PT;Yüzde;2021-05;36.29;;;;;;;;;;;;
TR;Türkiye;M;Aylık;U_MKTS;Motorlu Kara Taşıtları Sayısı;M05;Mayıs;6;LPG;PT;Yüzde;2020-05;37.16;;;;;;;;;;;;
TR;Türkiye;M;Aylık;U_MKTS;Motorlu Kara Taşıtları Sayısı;M05;Mayıs;6;LPG;PT;Yüzde;2019-05;37.73;;;;;;;;;;;;
TR;Türkiye;M;Aylık;U_MKTS;Motorlu Kara Taşıtları Sayısı;M05;Mayıs;6;LPG;PT;Yüzde;2018-05;38.11;;;;;;;;;;;;
TR;Türkiye;M;Aylık;U_MKTS;Motorlu Kara Taşıtları Sayısı;M05;Mayıs;6;LPG;PT;Yüzde;2017-05;38.89;;;;;;;;;;;;
TR;Türkiye;M;Aylık;U_MKTS;Motorlu Kara Taşıtları Sayısı;M05;Mayıs;6;LPG;PT;Yüzde;2016-05;39.85;;;;;;;;;;;;
TR;Türkiye;M;Aylık;U_MKTS;Motorlu Kara Taşıtları Sayısı;M05;Mayıs;6;LPG;PT;Yüzde;2015-05;40.85;;;;;;;;;;;;
TR;Türkiye;M;Aylık;U_MKTS;Motorlu Kara Taşıtları Sayısı;M05;Mayıs;6;LPG;PT;Yüzde;2014-05;41.44;;;;;;;;;;;;
TR;Türkiye;M;Aylık;U_MKTS;Motorlu Kara Taşıtları Sayısı;M05;Mayıs;6;LPG;PT;Yüzde;2013-05;41.31;;;;;;;;;;;;
TR;Türkiye;M;Aylık;U_MKTS;Motorlu Kara Taşıtları Sayısı;M05;Mayıs;6;LPG;PT;Yüzde;2012-05;40.61;;;;;;;;;;;;
TR;Türkiye;M;Aylık;U_MKTS;Motorlu Kara Taşıtları Sayısı;M05;Mayıs;6;LPG;PT;Yüzde;2011-05;39.05;;;;;;;;;;;;
TR;Türkiye;M;Aylık;U_MKTS;Motorlu Kara Taşıtları Sayısı;M05;Mayıs;6;LPG;PT;Yüzde;2010-05;37.06;;;;;;;;;;;;
TR;Türkiye;M;Aylık;U_MKTS;Motorlu Kara Taşıtları Sayısı;M05;Mayıs;6;LPG;PT;Yüzde;2009-05;33.57;;;;;;;;;;;;
TR;Türkiye;M;Aylık;U_MKTS;Motorlu Kara Taşıtları Sayısı;M05;Mayıs;6;LPG;PT;Yüzde;2008-05;29.77;;;;;;;;;;;;
TR;Türkiye;M;Aylık;U_MKTS;Motorlu Kara Taşıtları Sayısı;M05;Mayıs;6;LPG;PT;Yüzde;2007-05;26.13;;;;;;;;;;;;
TR;Türkiye;M;Aylık;U_MKTS;Motorlu Kara Taşıtları Sayısı;M05;Mayıs;6;LPG;PT;Yüzde;2006-05;22.71;;;;;;;;;;;;
TR;Türkiye;M;Aylık;U_MKTS;Motorlu Kara Taşıtları Sayısı;M05;Mayıs;6;LPG;PT;Yüzde;2005-05;19.Ara;;;;;;;;;;;;
TR;Türkiye;M;Aylık;U_MKTS;Motorlu Kara Taşıtları Sayısı;M05;Mayıs;6;LPG;PN;Sayı;2025-05;5194410;;;;;;;;;;;;
TR;Türkiye;M;Aylık;U_MKTS;Motorlu Kara Taşıtları Sayısı;M05;Mayıs;6;LPG;PN;Sayı;2024-05;5125524;;;;;;;;;;;;
TR;Türkiye;M;Aylık;U_MKTS;Motorlu Kara Taşıtları Sayısı;M05;Mayıs;6;LPG;PN;Sayı;2023-05;5032146;;;;;;;;;;;;
TR;Türkiye;M;Aylık;U_MKTS;Motorlu Kara Taşıtları Sayısı;M05;Mayıs;6;LPG;PN;Sayı;2022-05;4946016;;;;;;;;;;;;
TR;Türkiye;M;Aylık;U_MKTS;Motorlu Kara Taşıtları Sayısı;M05;Mayıs;6;LPG;PN;Sayı;2021-05;4858689;;;;;;;;;;;;
TR;Türkiye;M;Aylık;U_MKTS;Motorlu Kara Taşıtları Sayısı;M05;Mayıs;6;LPG;PN;Sayı;2020-05;4713725;;;;;;;;;;;;
TR;Türkiye;M;Aylık;U_MKTS;Motorlu Kara Taşıtları Sayısı;M05;Mayıs;6;LPG;PN;Sayı;2019-05;4710222;;;;;;;;;;;;
TR;Türkiye;M;Aylık;U_MKTS;Motorlu Kara Taşıtları Sayısı;M05;Mayıs;6;LPG;PN;Sayı;2018-05;4689043;;;;;;;;;;;;
TR;Türkiye;M;Aylık;U_MKTS;Motorlu Kara Taşıtları Sayısı;M05;Mayıs;6;LPG;PN;Sayı;2017-05;4514681;;;;;;;;;;;;
TR;Türkiye;M;Aylık;U_MKTS;Motorlu Kara Taşıtları Sayısı;M05;Mayıs;6;LPG;PN;Sayı;2016-05;4337758;;;;;;;;;;;;
TR;Türkiye;M;Aylık;U_MKTS;Motorlu Kara Taşıtları Sayısı;M05;Mayıs;6;LPG;PN;Sayı;2015-05;4155145;;;;;;;;;;;;
TR;Türkiye;M;Aylık;U_MKTS;Motorlu Kara Taşıtları Sayısı;M05;Mayıs;6;LPG;PN;Sayı;2014-05;3943147;;;;;;;;;;;;
TR;Türkiye;M;Aylık;U_MKTS;Motorlu Kara Taşıtları Sayısı;M05;Mayıs;6;LPG;PN;Sayı;2013-05;3688316;;;;;;;;;;;;
TR;Türkiye;M;Aylık;U_MKTS;Motorlu Kara Taşıtları Sayısı;M05;Mayıs;6;LPG;PN;Sayı;2012-05;3387603;;;;;;;;;;;;
TR;Türkiye;M;Aylık;U_MKTS;Motorlu Kara Taşıtları Sayısı;M05;Mayıs;6;LPG;PN;Sayı;2011-05;3052103;;;;;;;;;;;;
TR;Türkiye;M;Aylık;U_MKTS;Motorlu Kara Taşıtları Sayısı;M05;Mayıs;6;LPG;PN;Sayı;2010-05;2688877;;;;;;;;;;;;
TR;Türkiye;M;Aylık;U_MKTS;Motorlu Kara Taşıtları Sayısı;M05;Mayıs;6;LPG;PN;Sayı;2009-05;2327744;;;;;;;;;;;;
TR;Türkiye;M;Aylık;U_MKTS;Motorlu Kara Taşıtları Sayısı;M05;Mayıs;6;LPG;PN;Sayı;2008-05;1975707;;;;;;;;;;;;
TR;Türkiye;M;Aylık;U_MKTS;Motorlu Kara Taşıtları Sayısı;M05;Mayıs;6;LPG;PN;Sayı;2007-05;1636810;;;;;;;;;;;;
TR;Türkiye;M;Aylık;U_MKTS;Motorlu Kara Taşıtları Sayısı;M05;Mayıs;6;LPG;PN;Sayı;2006-05;1354317;;;;;;;;;;;;
TR;Türkiye;M;Aylık;U_MKTS;Motorlu Kara Taşıtları Sayısı;M05;Mayıs;6;LPG;PN;Sayı;2005-05;1055106;;;;;;;;;;;;
TR;Türkiye;M;Aylık;U_MKTS;Motorlu Kara Taşıtları Sayısı;M05;Mayıs;20;Hibrit;PT;Yüzde;2025-05;3.Ağu;;;;;;;;;;;;
TR;Türkiye;M;Aylık;U_MKTS;Motorlu Kara Taşıtları Sayısı;M05;Mayıs;20;Hibrit;PT;Yüzde;2024-05;Oca.78;;;;;;;;;;;;
TR;Türkiye;M;Aylık;U_MKTS;Motorlu Kara Taşıtları Sayısı;M05;Mayıs;20;Hibrit;PT;Yüzde;2023-05;Oca.13;;;;;;;;;;;;
TR;Türkiye;M;Aylık;U_MKTS;Motorlu Kara Taşıtları Sayısı;M05;Mayıs;20;Hibrit;PT;Yüzde;2022-05;0.78;;;;;;;;;;;;
TR;Türkiye;M;Aylık;U_MKTS;Motorlu Kara Taşıtları Sayısı;M05;Mayıs;20;Hibrit;PT;Yüzde;2021-05;0.42;;;;;;;;;;;;
TR;Türkiye;M;Aylık;U_MKTS;Motorlu Kara Taşıtları Sayısı;M05;Mayıs;20;Hibrit;PT;Yüzde;2020-05;0.15;;;;;;;;;;;;
TR;Türkiye;M;Aylık;U_MKTS;Motorlu Kara Taşıtları Sayısı;M05;Mayıs;20;Hibrit;PT;Yüzde;2019-05;0.06;;;;;;;;;;;;
TR;Türkiye;M;Aylık;U_MKTS;Motorlu Kara Taşıtları Sayısı;M05;Mayıs;20;Hibrit;PT;Yüzde;2018-05;0.02;;;;;;;;;;;;
TR;Türkiye;M;Aylık;U_MKTS;Motorlu Kara Taşıtları Sayısı;M05;Mayıs;20;Hibrit;PT;Yüzde;2017-05;0.01;;;;;;;;;;;;
TR;Türkiye;M;Aylık;U_MKTS;Motorlu Kara Taşıtları Sayısı;M05;Mayıs;20;Hibrit;PT;Yüzde;2016-05;0;;;;;;;;;;;;
TR;Türkiye;M;Aylık;U_MKTS;Motorlu Kara Taşıtları Sayısı;M05;Mayıs;20;Hibrit;PT;Yüzde;2015-05;0;;;;;;;;;;;;
TR;Türkiye;M;Aylık;U_MKTS;Motorlu Kara Taşıtları Sayısı;M05;Mayıs;20;Hibrit;PT;Yüzde;2014-05;0;;;;;;;;;;;;
TR;Türkiye;M;Aylık;U_MKTS;Motorlu Kara Taşıtları Sayısı;M05;Mayıs;20;Hibrit;PT;Yüzde;2013-05;0;;;;;;;;;;;;
TR;Türkiye;M;Aylık;U_MKTS;Motorlu Kara Taşıtları Sayısı;M05;Mayıs;20;Hibrit;PT;Yüzde;2012-05;0;;;;;;;;;;;;
TR;Türkiye;M;Aylık;U_MKTS;Motorlu Kara Taşıtları Sayısı;M05;Mayıs;20;Hibrit;PN;Sayı;2025-05;513382;;;;;;;;;;;;
TR;Türkiye;M;Aylık;U_MKTS;Motorlu Kara Taşıtları Sayısı;M05;Mayıs;20;Hibrit;PN;Sayı;2024-05;279326;;;;;;;;;;;;
TR;Türkiye;M;Aylık;U_MKTS;Motorlu Kara Taşıtları Sayısı;M05;Mayıs;20;Hibrit;PN;Sayı;2023-05;165617;;;;;;;;;;;;
TR;Türkiye;M;Aylık;U_MKTS;Motorlu Kara Taşıtları Sayısı;M05;Mayıs;20;Hibrit;PN;Sayı;2022-05;108547;;;;;;;;;;;;
TR;Türkiye;M;Aylık;U_MKTS;Motorlu Kara Taşıtları Sayısı;M05;Mayıs;20;Hibrit;PN;Sayı;2021-05;55658;;;;;;;;;;;;
TR;Türkiye;M;Aylık;U_MKTS;Motorlu Kara Taşıtları Sayısı;M05;Mayıs;20;Hibrit;PN;Sayı;2020-05;18993;;;;;;;;;;;;
TR;Türkiye;M;Aylık;U_MKTS;Motorlu Kara Taşıtları Sayısı;M05;Mayıs;20;Hibrit;PN;Sayı;2019-05;7937;;;;;;;;;;;;
TR;Türkiye;M;Aylık;U_MKTS;Motorlu Kara Taşıtları Sayısı;M05;Mayıs;20;Hibrit;PN;Sayı;2018-05;2075;;;;;;;;;;;;
TR;Türkiye;M;Aylık;U_MKTS;Motorlu Kara Taşıtları Sayısı;M05;Mayıs;20;Hibrit;PN;Sayı;2017-05;595;;;;;;;;;;;;
TR;Türkiye;M;Aylık;U_MKTS;Motorlu Kara Taşıtları Sayısı;M05;Mayıs;20;Hibrit;PN;Sayı;2016-05;406;;;;;;;;;;;;
TR;Türkiye;M;Aylık;U_MKTS;Motorlu Kara Taşıtları Sayısı;M05;Mayıs;20;Hibrit;PN;Sayı;2015-05;208;;;;;;;;;;;;
TR;Türkiye;M;Aylık;U_MKTS;Motorlu Kara Taşıtları Sayısı;M05;Mayıs;20;Hibrit;PN;Sayı;2014-05;89;;;;;;;;;;;;
TR;Türkiye;M;Aylık;U_MKTS;Motorlu Kara Taşıtları Sayısı;M05;Mayıs;20;Hibrit;PN;Sayı;2013-05;75;;;;;;;;;;;;
TR;Türkiye;M;Aylık;U_MKTS;Motorlu Kara Taşıtları Sayısı;M05;Mayıs;20;Hibrit;PN;Sayı;2012-05;36;;;;;;;;;;;;
TR;Türkiye;M;Aylık;U_MKTS;Motorlu Kara Taşıtları Sayısı;M05;Mayıs;5;Elektrik;PT;Yüzde;2025-05;Oca.47;;;;;;;;;;;;
TR;Türkiye;M;Aylık;U_MKTS;Motorlu Kara Taşıtları Sayısı;M05;Mayıs;5;Elektrik;PT;Yüzde;2024-05;0.73;;;;;;;;;;;;
TR;Türkiye;M;Aylık;U_MKTS;Motorlu Kara Taşıtları Sayısı;M05;Mayıs;5;Elektrik;PT;Yüzde;2023-05;0.17;;;;;;;;;;;;
TR;Türkiye;M;Aylık;U_MKTS;Motorlu Kara Taşıtları Sayısı;M05;Mayıs;5;Elektrik;PT;Yüzde;2022-05;0.06;;;;;;;;;;;;
TR;Türkiye;M;Aylık;U_MKTS;Motorlu Kara Taşıtları Sayısı;M05;Mayıs;5;Elektrik;PT;Yüzde;2021-05;0.03;;;;;;;;;;;;
TR;Türkiye;M;Aylık;U_MKTS;Motorlu Kara Taşıtları Sayısı;M05;Mayıs;5;Elektrik;PT;Yüzde;2020-05;0.01;;;;;;;;;;;;
TR;Türkiye;M;Aylık;U_MKTS;Motorlu Kara Taşıtları Sayısı;M05;Mayıs;5;Elektrik;PT;Yüzde;2019-05;0.01;;;;;;;;;;;;
TR;Türkiye;M;Aylık;U_MKTS;Motorlu Kara Taşıtları Sayısı;M05;Mayıs;5;Elektrik;PT;Yüzde;2018-05;0.01;;;;;;;;;;;;
TR;Türkiye;M;Aylık;U_MKTS;Motorlu Kara Taşıtları Sayısı;M05;Mayıs;5;Elektrik;PT;Yüzde;2017-05;0.01;;;;;;;;;;;;
TR;Türkiye;M;Aylık;U_MKTS;Motorlu Kara Taşıtları Sayısı;M05;Mayıs;5;Elektrik;PT;Yüzde;2016-05;0.01;;;;;;;;;;;;
TR;Türkiye;M;Aylık;U_MKTS;Motorlu Kara Taşıtları Sayısı;M05;Mayıs;5;Elektrik;PT;Yüzde;2015-05;0;;;;;;;;;;;;
TR;Türkiye;M;Aylık;U_MKTS;Motorlu Kara Taşıtları Sayısı;M05;Mayıs;5;Elektrik;PT;Yüzde;2014-05;0;;;;;;;;;;;;
TR;Türkiye;M;Aylık;U_MKTS;Motorlu Kara Taşıtları Sayısı;M05;Mayıs;5;Elektrik;PT;Yüzde;2013-05;0;;;;;;;;;;;;
TR;Türkiye;M;Aylık;U_MKTS;Motorlu Kara Taşıtları Sayısı;M05;Mayıs;5;Elektrik;PT;Yüzde;2012-05;0;;;;;;;;;;;;
TR;Türkiye;M;Aylık;U_MKTS;Motorlu Kara Taşıtları Sayısı;M05;Mayıs;5;Elektrik;PT;Yüzde;2011-05;0;;;;;;;;;;;;
TR;Türkiye;M;Aylık;U_MKTS;Motorlu Kara Taşıtları Sayısı;M05;Mayıs;5;Elektrik;PN;Sayı;2025-05;245205;;;;;;;;;;;;
TR;Türkiye;M;Aylık;U_MKTS;Motorlu Kara Taşıtları Sayısı;M05;Mayıs;5;Elektrik;PN;Sayı;2024-05;114156;;;;;;;;;;;;
TR;Türkiye;M;Aylık;U_MKTS;Motorlu Kara Taşıtları Sayısı;M05;Mayıs;5;Elektrik;PN;Sayı;2023-05;24499;;;;;;;;;;;;
TR;Türkiye;M;Aylık;U_MKTS;Motorlu Kara Taşıtları Sayısı;M05;Mayıs;5;Elektrik;PN;Sayı;2022-05;8386;;;;;;;;;;;;
TR;Türkiye;M;Aylık;U_MKTS;Motorlu Kara Taşıtları Sayısı;M05;Mayıs;5;Elektrik;PN;Sayı;2021-05;3748;;;;;;;;;;;;
TR;Türkiye;M;Aylık;U_MKTS;Motorlu Kara Taşıtları Sayısı;M05;Mayıs;5;Elektrik;PN;Sayı;2020-05;1363;;;;;;;;;;;;
TR;Türkiye;M;Aylık;U_MKTS;Motorlu Kara Taşıtları Sayısı;M05;Mayıs;5;Elektrik;PN;Sayı;2019-05;1027;;;;;;;;;;;;
TR;Türkiye;M;Aylık;U_MKTS;Motorlu Kara Taşıtları Sayısı;M05;Mayıs;5;Elektrik;PN;Sayı;2018-05;879;;;;;;;;;;;;
TR;Türkiye;M;Aylık;U_MKTS;Motorlu Kara Taşıtları Sayısı;M05;Mayıs;5;Elektrik;PN;Sayı;2017-05;662;;;;;;;;;;;;
TR;Türkiye;M;Aylık;U_MKTS;Motorlu Kara Taşıtları Sayısı;M05;Mayıs;5;Elektrik;PN;Sayı;2016-05;591;;;;;;;;;;;;
TR;Türkiye;M;Aylık;U_MKTS;Motorlu Kara Taşıtları Sayısı;M05;Mayıs;5;Elektrik;PN;Sayı;2015-05;464;;;;;;;;;;;;
TR;Türkiye;M;Aylık;U_MKTS;Motorlu Kara Taşıtları Sayısı;M05;Mayıs;5;Elektrik;PN;Sayı;2014-05;359;;;;;;;;;;;;
TR;Türkiye;M;Aylık;U_MKTS;Motorlu Kara Taşıtları Sayısı;M05;Mayıs;5;Elektrik;PN;Sayı;2013-05;340;;;;;;;;;;;;
TR;Türkiye;M;Aylık;U_MKTS;Motorlu Kara Taşıtları Sayısı;M05;Mayıs;5;Elektrik;PN;Sayı;2012-05;90;;;;;;;;;;;;
TR;Türkiye;M;Aylık;U_MKTS;Motorlu Kara Taşıtları Sayısı;M05;Mayıs;5;Elektrik;PN;Sayı;2011-05;24;;;;;;;;;;;;
TR;Türkiye;M;Aylık;U_MKTS;Motorlu Kara Taşıtları Sayısı;M05;Mayıs;_U;Bilinmeyen;PT;Yüzde;2025-05;0.21;;;;;;;;;;;;
TR;Türkiye;M;Aylık;U_MKTS;Motorlu Kara Taşıtları Sayısı;M05;Mayıs;_U;Bilinmeyen;PT;Yüzde;2024-05;0.23;;;;;;;;;;;;
TR;Türkiye;M;Aylık;U_MKTS;Motorlu Kara Taşıtları Sayısı;M05;Mayıs;_U;Bilinmeyen;PT;Yüzde;2023-05;0.24;;;;;;;;;;;;
TR;Türkiye;M;Aylık;U_MKTS;Motorlu Kara Taşıtları Sayısı;M05;Mayıs;_U;Bilinmeyen;PT;Yüzde;2022-05;0.26;;;;;;;;;;;;
TR;Türkiye;M;Aylık;U_MKTS;Motorlu Kara Taşıtları Sayısı;M05;Mayıs;_U;Bilinmeyen;PT;Yüzde;2021-05;0.27;;;;;;;;;;;;
TR;Türkiye;M;Aylık;U_MKTS;Motorlu Kara Taşıtları Sayısı;M05;Mayıs;_U;Bilinmeyen;PT;Yüzde;2020-05;0.29;;;;;;;;;;;;
TR;Türkiye;M;Aylık;U_MKTS;Motorlu Kara Taşıtları Sayısı;M05;Mayıs;_U;Bilinmeyen;PT;Yüzde;2019-05;0.31;;;;;;;;;;;;
TR;Türkiye;M;Aylık;U_MKTS;Motorlu Kara Taşıtları Sayısı;M05;Mayıs;_U;Bilinmeyen;PT;Yüzde;2018-05;0.33;;;;;;;;;;;;
TR;Türkiye;M;Aylık;U_MKTS;Motorlu Kara Taşıtları Sayısı;M05;Mayıs;_U;Bilinmeyen;PT;Yüzde;2017-05;0.36;;;;;;;;;;;;
TR;Türkiye;M;Aylık;U_MKTS;Motorlu Kara Taşıtları Sayısı;M05;Mayıs;_U;Bilinmeyen;PT;Yüzde;2016-05;0.39;;;;;;;;;;;;
TR;Türkiye;M;Aylık;U_MKTS;Motorlu Kara Taşıtları Sayısı;M05;Mayıs;_U;Bilinmeyen;PT;Yüzde;2015-05;0.43;;;;;;;;;;;;
TR;Türkiye;M;Aylık;U_MKTS;Motorlu Kara Taşıtları Sayısı;M05;Mayıs;_U;Bilinmeyen;PT;Yüzde;2014-05;0.47;;;;;;;;;;;;
TR;Türkiye;M;Aylık;U_MKTS;Motorlu Kara Taşıtları Sayısı;M05;Mayıs;_U;Bilinmeyen;PT;Yüzde;2013-05;0.53;;;;;;;;;;;;
TR;Türkiye;M;Aylık;U_MKTS;Motorlu Kara Taşıtları Sayısı;M05;Mayıs;_U;Bilinmeyen;PT;Yüzde;2012-05;0.62;;;;;;;;;;;;
TR;Türkiye;M;Aylık;U_MKTS;Motorlu Kara Taşıtları Sayısı;M05;Mayıs;_U;Bilinmeyen;PT;Yüzde;2011-05;0.86;;;;;;;;;;;;
TR;Türkiye;M;Aylık;U_MKTS;Motorlu Kara Taşıtları Sayısı;M05;Mayıs;_U;Bilinmeyen;PT;Yüzde;2010-05;1.Ağu;;;;;;;;;;;;
TR;Türkiye;M;Aylık;U_MKTS;Motorlu Kara Taşıtları Sayısı;M05;Mayıs;_U;Bilinmeyen;PT;Yüzde;2009-05;Oca.35;;;;;;;;;;;;
TR;Türkiye;M;Aylık;U_MKTS;Motorlu Kara Taşıtları Sayısı;M05;Mayıs;_U;Bilinmeyen;PT;Yüzde;2008-05;Şub.35;;;;;;;;;;;;
TR;Türkiye;M;Aylık;U_MKTS;Motorlu Kara Taşıtları Sayısı;M05;Mayıs;_U;Bilinmeyen;PT;Yüzde;2007-05;Şub.92;;;;;;;;;;;;
TR;Türkiye;M;Aylık;U_MKTS;Motorlu Kara Taşıtları Sayısı;M05;Mayıs;_U;Bilinmeyen;PT;Yüzde;2006-05;Mar.62;;;;;;;;;;;;
TR;Türkiye;M;Aylık;U_MKTS;Motorlu Kara Taşıtları Sayısı;M05;Mayıs;_U;Bilinmeyen;PT;Yüzde;2005-05;Nis.85;;;;;;;;;;;;
TR;Türkiye;M;Aylık;U_MKTS;Motorlu Kara Taşıtları Sayısı;M05;Mayıs;_U;Bilinmeyen;PN;Sayı;2025-05;35258;;;;;;;;;;;;
TR;Türkiye;M;Aylık;U_MKTS;Motorlu Kara Taşıtları Sayısı;M05;Mayıs;_U;Bilinmeyen;PN;Sayı;2024-05;35325;;;;;;;;;;;;
TR;Türkiye;M;Aylık;U_MKTS;Motorlu Kara Taşıtları Sayısı;M05;Mayıs;_U;Bilinmeyen;PN;Sayı;2023-05;35513;;;;;;;;;;;;
TR;Türkiye;M;Aylık;U_MKTS;Motorlu Kara Taşıtları Sayısı;M05;Mayıs;_U;Bilinmeyen;PN;Sayı;2022-05;35747;;;;;;;;;;;;
TR;Türkiye;M;Aylık;U_MKTS;Motorlu Kara Taşıtları Sayısı;M05;Mayıs;_U;Bilinmeyen;PN;Sayı;2021-05;36169;;;;;;;;;;;;
TR;Türkiye;M;Aylık;U_MKTS;Motorlu Kara Taşıtları Sayısı;M05;Mayıs;_U;Bilinmeyen;PN;Sayı;2020-05;36405;;;;;;;;;;;;
TR;Türkiye;M;Aylık;U_MKTS;Motorlu Kara Taşıtları Sayısı;M05;Mayıs;_U;Bilinmeyen;PN;Sayı;2019-05;38478;;;;;;;;;;;;
TR;Türkiye;M;Aylık;U_MKTS;Motorlu Kara Taşıtları Sayısı;M05;Mayıs;_U;Bilinmeyen;PN;Sayı;2018-05;40262;;;;;;;;;;;;
TR;Türkiye;M;Aylık;U_MKTS;Motorlu Kara Taşıtları Sayısı;M05;Mayıs;_U;Bilinmeyen;PN;Sayı;2017-05;41416;;;;;;;;;;;;
TR;Türkiye;M;Aylık;U_MKTS;Motorlu Kara Taşıtları Sayısı;M05;Mayıs;_U;Bilinmeyen;PN;Sayı;2016-05;42277;;;;;;;;;;;;
TR;Türkiye;M;Aylık;U_MKTS;Motorlu Kara Taşıtları Sayısı;M05;Mayıs;_U;Bilinmeyen;PN;Sayı;2015-05;43648;;;;;;;;;;;;
TR;Türkiye;M;Aylık;U_MKTS;Motorlu Kara Taşıtları Sayısı;M05;Mayıs;_U;Bilinmeyen;PN;Sayı;2014-05;44432;;;;;;;;;;;;
TR;Türkiye;M;Aylık;U_MKTS;Motorlu Kara Taşıtları Sayısı;M05;Mayıs;_U;Bilinmeyen;PN;Sayı;2013-05;47252;;;;;;;;;;;;
TR;Türkiye;M;Aylık;U_MKTS;Motorlu Kara Taşıtları Sayısı;M05;Mayıs;_U;Bilinmeyen;PN;Sayı;2012-05;51822;;;;;;;;;;;;
TR;Türkiye;M;Aylık;U_MKTS;Motorlu Kara Taşıtları Sayısı;M05;Mayıs;_U;Bilinmeyen;PN;Sayı;2011-05;66842;;;;;;;;;;;;
TR;Türkiye;M;Aylık;U_MKTS;Motorlu Kara Taşıtları Sayısı;M05;Mayıs;_U;Bilinmeyen;PN;Sayı;2010-05;78378;;;;;;;;;;;;
TR;Türkiye;M;Aylık;U_MKTS;Motorlu Kara Taşıtları Sayısı;M05;Mayıs;_U;Bilinmeyen;PN;Sayı;2009-05;93273;;;;;;;;;;;;
TR;Türkiye;M;Aylık;U_MKTS;Motorlu Kara Taşıtları Sayısı;M05;Mayıs;_U;Bilinmeyen;PN;Sayı;2008-05;155994;;;;;;;;;;;;
TR;Türkiye;M;Aylık;U_MKTS;Motorlu Kara Taşıtları Sayısı;M05;Mayıs;_U;Bilinmeyen;PN;Sayı;2007-05;183089;;;;;;;;;;;;
TR;Türkiye;M;Aylık;U_MKTS;Motorlu Kara Taşıtları Sayısı;M05;Mayıs;_U;Bilinmeyen;PN;Sayı;2006-05;216041;;;;;;;;;;;;
TR;Türkiye;M;Aylık;U_MKTS;Motorlu Kara Taşıtları Sayısı;M05;Mayıs;_U;Bilinmeyen;PN;Sayı;2005-05;267829;;;;;;;;;;;;
TR;Türkiye;M;Aylık;U_MKTS;Motorlu Kara Taşıtları Sayısı;M06;Haziran;_T;Toplam;PT;Yüzde;2025-06;100;;;;;;;;;;;;
TR;Türkiye;M;Aylık;U_MKTS;Motorlu Kara Taşıtları Sayısı;M06;Haziran;_T;Toplam;PT;Yüzde;2024-06;100;;;;;;;;;;;;
TR;Türkiye;M;Aylık;U_MKTS;Motorlu Kara Taşıtları Sayısı;M06;Haziran;_T;Toplam;PT;Yüzde;2023-06;100;;;;;;;;;;;;
TR;Türkiye;M;Aylık;U_MKTS;Motorlu Kara Taşıtları Sayısı;M06;Haziran;_T;Toplam;PT;Yüzde;2022-06;100;;;;;;;;;;;;
TR;Türkiye;M;Aylık;U_MKTS;Motorlu Kara Taşıtları Sayısı;M06;Haziran;_T;Toplam;PT;Yüzde;2021-06;100;;;;;;;;;;;;
TR;Türkiye;M;Aylık;U_MKTS;Motorlu Kara Taşıtları Sayısı;M06;Haziran;_T;Toplam;PT;Yüzde;2020-06;100;;;;;;;;;;;;
TR;Türkiye;M;Aylık;U_MKTS;Motorlu Kara Taşıtları Sayısı;M06;Haziran;_T;Toplam;PT;Yüzde;2019-06;100;;;;;;;;;;;;
TR;Türkiye;M;Aylık;U_MKTS;Motorlu Kara Taşıtları Sayısı;M06;Haziran;_T;Toplam;PT;Yüzde;2018-06;100;;;;;;;;;;;;
TR;Türkiye;M;Aylık;U_MKTS;Motorlu Kara Taşıtları Sayısı;M06;Haziran;_T;Toplam;PT;Yüzde;2017-06;100;;;;;;;;;;;;
TR;Türkiye;M;Aylık;U_MKTS;Motorlu Kara Taşıtları Sayısı;M06;Haziran;_T;Toplam;PT;Yüzde;2016-06;100;;;;;;;;;;;;
TR;Türkiye;M;Aylık;U_MKTS;Motorlu Kara Taşıtları Sayısı;M06;Haziran;_T;Toplam;PT;Yüzde;2015-06;100;;;;;;;;;;;;
TR;Türkiye;M;Aylık;U_MKTS;Motorlu Kara Taşıtları Sayısı;M06;Haziran;_T;Toplam;PT;Yüzde;2014-06;100;;;;;;;;;;;;
TR;Türkiye;M;Aylık;U_MKTS;Motorlu Kara Taşıtları Sayısı;M06;Haziran;_T;Toplam;PT;Yüzde;2013-06;100;;;;;;;;;;;;
TR;Türkiye;M;Aylık;U_MKTS;Motorlu Kara Taşıtları Sayısı;M06;Haziran;_T;Toplam;PT;Yüzde;2012-06;100;;;;;;;;;;;;
TR;Türkiye;M;Aylık;U_MKTS;Motorlu Kara Taşıtları Sayısı;M06;Haziran;_T;Toplam;PT;Yüzde;2011-06;100;;;;;;;;;;;;
TR;Türkiye;M;Aylık;U_MKTS;Motorlu Kara Taşıtları Sayısı;M06;Haziran;_T;Toplam;PT;Yüzde;2010-06;100;;;;;;;;;;;;
TR;Türkiye;M;Aylık;U_MKTS;Motorlu Kara Taşıtları Sayısı;M06;Haziran;_T;Toplam;PT;Yüzde;2009-06;100;;;;;;;;;;;;
TR;Türkiye;M;Aylık;U_MKTS;Motorlu Kara Taşıtları Sayısı;M06;Haziran;_T;Toplam;PT;Yüzde;2008-06;100;;;;;;;;;;;;
TR;Türkiye;M;Aylık;U_MKTS;Motorlu Kara Taşıtları Sayısı;M06;Haziran;_T;Toplam;PT;Yüzde;2007-06;100;;;;;;;;;;;;
TR;Türkiye;M;Aylık;U_MKTS;Motorlu Kara Taşıtları Sayısı;M06;Haziran;_T;Toplam;PT;Yüzde;2006-06;100;;;;;;;;;;;;
TR;Türkiye;M;Aylık;U_MKTS;Motorlu Kara Taşıtları Sayısı;M06;Haziran;_T;Toplam;PT;Yüzde;2005-06;100;;;;;;;;;;;;
TR;Türkiye;M;Aylık;U_MKTS;Motorlu Kara Taşıtları Sayısı;M06;Haziran;_T;Toplam;PN;Sayı;2025-06;16739977;;;;;;;;;;;;
TR;Türkiye;M;Aylık;U_MKTS;Motorlu Kara Taşıtları Sayısı;M06;Haziran;_T;Toplam;PN;Sayı;2024-06;15727046;;;;;;;;;;;;
TR;Türkiye;M;Aylık;U_MKTS;Motorlu Kara Taşıtları Sayısı;M06;Haziran;_T;Toplam;PN;Sayı;2023-06;14706162;;;;;;;;;;;;
TR;Türkiye;M;Aylık;U_MKTS;Motorlu Kara Taşıtları Sayısı;M06;Haziran;_T;Toplam;PN;Sayı;2022-06;13971955;;;;;;;;;;;;
TR;Türkiye;M;Aylık;U_MKTS;Motorlu Kara Taşıtları Sayısı;M06;Haziran;_T;Toplam;PN;Sayı;2021-06;13440158;;;;;;;;;;;;
TR;Türkiye;M;Aylık;U_MKTS;Motorlu Kara Taşıtları Sayısı;M06;Haziran;_T;Toplam;PN;Sayı;2020-06;12714604;;;;;;;;;;;;
TR;Türkiye;M;Aylık;U_MKTS;Motorlu Kara Taşıtları Sayısı;M06;Haziran;_T;Toplam;PN;Sayı;2019-06;12469434;;;;;;;;;;;;
TR;Türkiye;M;Aylık;U_MKTS;Motorlu Kara Taşıtları Sayısı;M06;Haziran;_T;Toplam;PN;Sayı;2018-06;12313637;;;;;;;;;;;;
TR;Türkiye;M;Aylık;U_MKTS;Motorlu Kara Taşıtları Sayısı;M06;Haziran;_T;Toplam;PN;Sayı;2017-06;11666779;;;;;;;;;;;;
TR;Türkiye;M;Aylık;U_MKTS;Motorlu Kara Taşıtları Sayısı;M06;Haziran;_T;Toplam;PN;Sayı;2016-06;10957694;;;;;;;;;;;;
TR;Türkiye;M;Aylık;U_MKTS;Motorlu Kara Taşıtları Sayısı;M06;Haziran;_T;Toplam;PN;Sayı;2015-06;10218338;;;;;;;;;;;;
TR;Türkiye;M;Aylık;U_MKTS;Motorlu Kara Taşıtları Sayısı;M06;Haziran;_T;Toplam;PN;Sayı;2014-06;9552829;;;;;;;;;;;;
TR;Türkiye;M;Aylık;U_MKTS;Motorlu Kara Taşıtları Sayısı;M06;Haziran;_T;Toplam;PN;Sayı;2013-06;8953385;;;;;;;;;;;;
TR;Türkiye;M;Aylık;U_MKTS;Motorlu Kara Taşıtları Sayısı;M06;Haziran;_T;Toplam;PN;Sayı;2012-06;8379117;;;;;;;;;;;;
TR;Türkiye;M;Aylık;U_MKTS;Motorlu Kara Taşıtları Sayısı;M06;Haziran;_T;Toplam;PN;Sayı;2011-06;7855344;;;;;;;;;;;;
TR;Türkiye;M;Aylık;U_MKTS;Motorlu Kara Taşıtları Sayısı;M06;Haziran;_T;Toplam;PN;Sayı;2010-06;7285276;;;;;;;;;;;;
TR;Türkiye;M;Aylık;U_MKTS;Motorlu Kara Taşıtları Sayısı;M06;Haziran;_T;Toplam;PN;Sayı;2009-06;6964140;;;;;;;;;;;;
TR;Türkiye;M;Aylık;U_MKTS;Motorlu Kara Taşıtları Sayısı;M06;Haziran;_T;Toplam;PN;Sayı;2008-06;6658932;;;;;;;;;;;;
TR;Türkiye;M;Aylık;U_MKTS;Motorlu Kara Taşıtları Sayısı;M06;Haziran;_T;Toplam;PN;Sayı;2007-06;6289612;;;;;;;;;;;;
TR;Türkiye;M;Aylık;U_MKTS;Motorlu Kara Taşıtları Sayısı;M06;Haziran;_T;Toplam;PN;Sayı;2006-06;5988336;;;;;;;;;;;;
TR;Türkiye;M;Aylık;U_MKTS;Motorlu Kara Taşıtları Sayısı;M06;Haziran;_T;Toplam;PN;Sayı;2005-06;5549875;;;;;;;;;;;;
TR;Türkiye;M;Aylık;U_MKTS;Motorlu Kara Taşıtları Sayısı;M06;Haziran;1;Benzinli;PT;Yüzde;2025-06;30.58;;;;;;;;;;;;
TR;Türkiye;M;Aylık;U_MKTS;Motorlu Kara Taşıtları Sayısı;M06;Haziran;1;Benzinli;PT;Yüzde;2024-06;29.65;;;;;;;;;;;;
TR;Türkiye;M;Aylık;U_MKTS;Motorlu Kara Taşıtları Sayısı;M06;Haziran;1;Benzinli;PT;Yüzde;2023-06;27.76;;;;;;;;;;;;
TR;Türkiye;M;Aylık;U_MKTS;Motorlu Kara Taşıtları Sayısı;M06;Haziran;1;Benzinli;PT;Yüzde;2022-06;26.17;;;;;;;;;;;;
TR;Türkiye;M;Aylık;U_MKTS;Motorlu Kara Taşıtları Sayısı;M06;Haziran;1;Benzinli;PT;Yüzde;2021-06;25.Şub;;;;;;;;;;;;
TR;Türkiye;M;Aylık;U_MKTS;Motorlu Kara Taşıtları Sayısı;M06;Haziran;1;Benzinli;PT;Yüzde;2020-06;24.Ara;;;;;;;;;;;;
TR;Türkiye;M;Aylık;U_MKTS;Motorlu Kara Taşıtları Sayısı;M06;Haziran;1;Benzinli;PT;Yüzde;2019-06;24.54;;;;;;;;;;;;
TR;Türkiye;M;Aylık;U_MKTS;Motorlu Kara Taşıtları Sayısı;M06;Haziran;1;Benzinli;PT;Yüzde;2018-06;25.42;;;;;;;;;;;;
TR;Türkiye;M;Aylık;U_MKTS;Motorlu Kara Taşıtları Sayısı;M06;Haziran;1;Benzinli;PT;Yüzde;2017-06;26.28;;;;;;;;;;;;
TR;Türkiye;M;Aylık;U_MKTS;Motorlu Kara Taşıtları Sayısı;M06;Haziran;1;Benzinli;PT;Yüzde;2016-06;27.Kas;;;;;;;;;;;;
TR;Türkiye;M;Aylık;U_MKTS;Motorlu Kara Taşıtları Sayısı;M06;Haziran;1;Benzinli;PT;Yüzde;2015-06;28.27;;;;;;;;;;;;
TR;Türkiye;M;Aylık;U_MKTS;Motorlu Kara Taşıtları Sayısı;M06;Haziran;1;Benzinli;PT;Yüzde;2014-06;29.96;;;;;;;;;;;;
TR;Türkiye;M;Aylık;U_MKTS;Motorlu Kara Taşıtları Sayısı;M06;Haziran;1;Benzinli;PT;Yüzde;2013-06;32.43;;;;;;;;;;;;
TR;Türkiye;M;Aylık;U_MKTS;Motorlu Kara Taşıtları Sayısı;M06;Haziran;1;Benzinli;PT;Yüzde;2012-06;35.55;;;;;;;;;;;;
TR;Türkiye;M;Aylık;U_MKTS;Motorlu Kara Taşıtları Sayısı;M06;Haziran;1;Benzinli;PT;Yüzde;2011-06;39.65;;;;;;;;;;;;
TR;Türkiye;M;Aylık;U_MKTS;Motorlu Kara Taşıtları Sayısı;M06;Haziran;1;Benzinli;PT;Yüzde;2010-06;44.72;;;;;;;;;;;;
TR;Türkiye;M;Aylık;U_MKTS;Motorlu Kara Taşıtları Sayısı;M06;Haziran;1;Benzinli;PT;Yüzde;2009-06;49.92;;;;;;;;;;;;
TR;Türkiye;M;Aylık;U_MKTS;Motorlu Kara Taşıtları Sayısı;M06;Haziran;1;Benzinli;PT;Yüzde;2008-06;54.36;;;;;;;;;;;;
TR;Türkiye;M;Aylık;U_MKTS;Motorlu Kara Taşıtları Sayısı;M06;Haziran;1;Benzinli;PT;Yüzde;2007-06;60.03;;;;;;;;;;;;
TR;Türkiye;M;Aylık;U_MKTS;Motorlu Kara Taşıtları Sayısı;M06;Haziran;1;Benzinli;PT;Yüzde;2006-06;65.03;;;;;;;;;;;;
TR;Türkiye;M;Aylık;U_MKTS;Motorlu Kara Taşıtları Sayısı;M06;Haziran;1;Benzinli;PT;Yüzde;2005-06;70.05;;;;;;;;;;;;
TR;Türkiye;M;Aylık;U_MKTS;Motorlu Kara Taşıtları Sayısı;M06;Haziran;1;Benzinli;PN;Sayı;2025-06;5119208;;;;;;;;;;;;
TR;Türkiye;M;Aylık;U_MKTS;Motorlu Kara Taşıtları Sayısı;M06;Haziran;1;Benzinli;PN;Sayı;2024-06;4662306;;;;;;;;;;;;
TR;Türkiye;M;Aylık;U_MKTS;Motorlu Kara Taşıtları Sayısı;M06;Haziran;1;Benzinli;PN;Sayı;2023-06;4082014;;;;;;;;;;;;
TR;Türkiye;M;Aylık;U_MKTS;Motorlu Kara Taşıtları Sayısı;M06;Haziran;1;Benzinli;PN;Sayı;2022-06;3655815;;;;;;;;;;;;
TR;Türkiye;M;Aylık;U_MKTS;Motorlu Kara Taşıtları Sayısı;M06;Haziran;1;Benzinli;PN;Sayı;2021-06;3362528;;;;;;;;;;;;
TR;Türkiye;M;Aylık;U_MKTS;Motorlu Kara Taşıtları Sayısı;M06;Haziran;1;Benzinli;PN;Sayı;2020-06;3066900;;;;;;;;;;;;
TR;Türkiye;M;Aylık;U_MKTS;Motorlu Kara Taşıtları Sayısı;M06;Haziran;1;Benzinli;PN;Sayı;2019-06;3059950;;;;;;;;;;;;
TR;Türkiye;M;Aylık;U_MKTS;Motorlu Kara Taşıtları Sayısı;M06;Haziran;1;Benzinli;PN;Sayı;2018-06;3129614;;;;;;;;;;;;
TR;Türkiye;M;Aylık;U_MKTS;Motorlu Kara Taşıtları Sayısı;M06;Haziran;1;Benzinli;PN;Sayı;2017-06;3066558;;;;;;;;;;;;
TR;Türkiye;M;Aylık;U_MKTS;Motorlu Kara Taşıtları Sayısı;M06;Haziran;1;Benzinli;PN;Sayı;2016-06;2970711;;;;;;;;;;;;
TR;Türkiye;M;Aylık;U_MKTS;Motorlu Kara Taşıtları Sayısı;M06;Haziran;1;Benzinli;PN;Sayı;2015-06;2888356;;;;;;;;;;;;
TR;Türkiye;M;Aylık;U_MKTS;Motorlu Kara Taşıtları Sayısı;M06;Haziran;1;Benzinli;PN;Sayı;2014-06;2861802;;;;;;;;;;;;
TR;Türkiye;M;Aylık;U_MKTS;Motorlu Kara Taşıtları Sayısı;M06;Haziran;1;Benzinli;PN;Sayı;2013-06;2903443;;;;;;;;;;;;
TR;Türkiye;M;Aylık;U_MKTS;Motorlu Kara Taşıtları Sayısı;M06;Haziran;1;Benzinli;PN;Sayı;2012-06;2979096;;;;;;;;;;;;
TR;Türkiye;M;Aylık;U_MKTS;Motorlu Kara Taşıtları Sayısı;M06;Haziran;1;Benzinli;PN;Sayı;2011-06;3114687;;;;;;;;;;;;
TR;Türkiye;M;Aylık;U_MKTS;Motorlu Kara Taşıtları Sayısı;M06;Haziran;1;Benzinli;PN;Sayı;2010-06;3258175;;;;;;;;;;;;
TR;Türkiye;M;Aylık;U_MKTS;Motorlu Kara Taşıtları Sayısı;M06;Haziran;1;Benzinli;PN;Sayı;2009-06;3476319;;;;;;;;;;;;
TR;Türkiye;M;Aylık;U_MKTS;Motorlu Kara Taşıtları Sayısı;M06;Haziran;1;Benzinli;PN;Sayı;2008-06;3619993;;;;;;;;;;;;
TR;Türkiye;M;Aylık;U_MKTS;Motorlu Kara Taşıtları Sayısı;M06;Haziran;1;Benzinli;PN;Sayı;2007-06;3775833;;;;;;;;;;;;
TR;Türkiye;M;Aylık;U_MKTS;Motorlu Kara Taşıtları Sayısı;M06;Haziran;1;Benzinli;PN;Sayı;2006-06;3894504;;;;;;;;;;;;
TR;Türkiye;M;Aylık;U_MKTS;Motorlu Kara Taşıtları Sayısı;M06;Haziran;1;Benzinli;PN;Sayı;2005-06;3887660;;;;;;;;;;;;
TR;Türkiye;M;Aylık;U_MKTS;Motorlu Kara Taşıtları Sayısı;M06;Haziran;2;Dizel;PT;Yüzde;2025-06;33.4;;;;;;;;;;;;
TR;Türkiye;M;Aylık;U_MKTS;Motorlu Kara Taşıtları Sayısı;M06;Haziran;2;Dizel;PT;Yüzde;2024-06;34.9;;;;;;;;;;;;
TR;Türkiye;M;Aylık;U_MKTS;Motorlu Kara Taşıtları Sayısı;M06;Haziran;2;Dizel;PT;Yüzde;2023-06;36.39;;;;;;;;;;;;
TR;Türkiye;M;Aylık;U_MKTS;Motorlu Kara Taşıtları Sayısı;M06;Haziran;2;Dizel;PT;Yüzde;2022-06;37.25;;;;;;;;;;;;
TR;Türkiye;M;Aylık;U_MKTS;Motorlu Kara Taşıtları Sayısı;M06;Haziran;2;Dizel;PT;Yüzde;2021-06;38;;;;;;;;;;;;
TR;Türkiye;M;Aylık;U_MKTS;Motorlu Kara Taşıtları Sayısı;M06;Haziran;2;Dizel;PT;Yüzde;2020-06;38.24;;;;;;;;;;;;
TR;Türkiye;M;Aylık;U_MKTS;Motorlu Kara Taşıtları Sayısı;M06;Haziran;2;Dizel;PT;Yüzde;2019-06;37.4;;;;;;;;;;;;
TR;Türkiye;M;Aylık;U_MKTS;Motorlu Kara Taşıtları Sayısı;M06;Haziran;2;Dizel;PT;Yüzde;2018-06;36.15;;;;;;;;;;;;
TR;Türkiye;M;Aylık;U_MKTS;Motorlu Kara Taşıtları Sayısı;M06;Haziran;2;Dizel;PT;Yüzde;2017-06;34.52;;;;;;;;;;;;
TR;Türkiye;M;Aylık;U_MKTS;Motorlu Kara Taşıtları Sayısı;M06;Haziran;2;Dizel;PT;Yüzde;2016-06;32.75;;;;;;;;;;;;
TR;Türkiye;M;Aylık;U_MKTS;Motorlu Kara Taşıtları Sayısı;M06;Haziran;2;Dizel;PT;Yüzde;2015-06;30.45;;;;;;;;;;;;
TR;Türkiye;M;Aylık;U_MKTS;Motorlu Kara Taşıtları Sayısı;M06;Haziran;2;Dizel;PT;Yüzde;2014-06;28.Ağu;;;;;;;;;;;;
TR;Türkiye;M;Aylık;U_MKTS;Motorlu Kara Taşıtları Sayısı;M06;Haziran;2;Dizel;PT;Yüzde;2013-06;25.63;;;;;;;;;;;;
TR;Türkiye;M;Aylık;U_MKTS;Motorlu Kara Taşıtları Sayısı;M06;Haziran;2;Dizel;PT;Yüzde;2012-06;23.May;;;;;;;;;;;;
TR;Türkiye;M;Aylık;U_MKTS;Motorlu Kara Taşıtları Sayısı;M06;Haziran;2;Dizel;PT;Yüzde;2011-06;20.18;;;;;;;;;;;;
TR;Türkiye;M;Aylık;U_MKTS;Motorlu Kara Taşıtları Sayısı;M06;Haziran;2;Dizel;PT;Yüzde;2010-06;16.81;;;;;;;;;;;;
TR;Türkiye;M;Aylık;U_MKTS;Motorlu Kara Taşıtları Sayısı;M06;Haziran;2;Dizel;PT;Yüzde;2009-06;14.91;;;;;;;;;;;;
TR;Türkiye;M;Aylık;U_MKTS;Motorlu Kara Taşıtları Sayısı;M06;Haziran;2;Dizel;PT;Yüzde;2008-06;13.Tem;;;;;;;;;;;;
TR;Türkiye;M;Aylık;U_MKTS;Motorlu Kara Taşıtları Sayısı;M06;Haziran;2;Dizel;PT;Yüzde;2007-06;Eki.56;;;;;;;;;;;;
TR;Türkiye;M;Aylık;U_MKTS;Motorlu Kara Taşıtları Sayısı;M06;Haziran;2;Dizel;PT;Yüzde;2006-06;8.Nis;;;;;;;;;;;;
TR;Türkiye;M;Aylık;U_MKTS;Motorlu Kara Taşıtları Sayısı;M06;Haziran;2;Dizel;PT;Yüzde;2005-06;May.44;;;;;;;;;;;;
TR;Türkiye;M;Aylık;U_MKTS;Motorlu Kara Taşıtları Sayısı;M06;Haziran;2;Dizel;PN;Sayı;2025-06;5590831;;;;;;;;;;;;
TR;Türkiye;M;Aylık;U_MKTS;Motorlu Kara Taşıtları Sayısı;M06;Haziran;2;Dizel;PN;Sayı;2024-06;5488245;;;;;;;;;;;;
TR;Türkiye;M;Aylık;U_MKTS;Motorlu Kara Taşıtları Sayısı;M06;Haziran;2;Dizel;PN;Sayı;2023-06;5350994;;;;;;;;;;;;
TR;Türkiye;M;Aylık;U_MKTS;Motorlu Kara Taşıtları Sayısı;M06;Haziran;2;Dizel;PN;Sayı;2022-06;5204616;;;;;;;;;;;;
TR;Türkiye;M;Aylık;U_MKTS;Motorlu Kara Taşıtları Sayısı;M06;Haziran;2;Dizel;PN;Sayı;2021-06;5106881;;;;;;;;;;;;
TR;Türkiye;M;Aylık;U_MKTS;Motorlu Kara Taşıtları Sayısı;M06;Haziran;2;Dizel;PN;Sayı;2020-06;4862259;;;;;;;;;;;;
TR;Türkiye;M;Aylık;U_MKTS;Motorlu Kara Taşıtları Sayısı;M06;Haziran;2;Dizel;PN;Sayı;2019-06;4663102;;;;;;;;;;;;
TR;Türkiye;M;Aylık;U_MKTS;Motorlu Kara Taşıtları Sayısı;M06;Haziran;2;Dizel;PN;Sayı;2018-06;4451088;;;;;;;;;;;;
TR;Türkiye;M;Aylık;U_MKTS;Motorlu Kara Taşıtları Sayısı;M06;Haziran;2;Dizel;PN;Sayı;2017-06;4027381;;;;;;;;;;;;
TR;Türkiye;M;Aylık;U_MKTS;Motorlu Kara Taşıtları Sayısı;M06;Haziran;2;Dizel;PN;Sayı;2016-06;3589180;;;;;;;;;;;;
TR;Türkiye;M;Aylık;U_MKTS;Motorlu Kara Taşıtları Sayısı;M06;Haziran;2;Dizel;PN;Sayı;2015-06;3111354;;;;;;;;;;;;
TR;Türkiye;M;Aylık;U_MKTS;Motorlu Kara Taşıtları Sayısı;M06;Haziran;2;Dizel;PN;Sayı;2014-06;2682427;;;;;;;;;;;;
TR;Türkiye;M;Aylık;U_MKTS;Motorlu Kara Taşıtları Sayısı;M06;Haziran;2;Dizel;PN;Sayı;2013-06;2294881;;;;;;;;;;;;
TR;Türkiye;M;Aylık;U_MKTS;Motorlu Kara Taşıtları Sayısı;M06;Haziran;2;Dizel;PN;Sayı;2012-06;1931436;;;;;;;;;;;;
TR;Türkiye;M;Aylık;U_MKTS;Motorlu Kara Taşıtları Sayısı;M06;Haziran;2;Dizel;PN;Sayı;2011-06;1584867;;;;;;;;;;;;
TR;Türkiye;M;Aylık;U_MKTS;Motorlu Kara Taşıtları Sayısı;M06;Haziran;2;Dizel;PN;Sayı;2010-06;1224405;;;;;;;;;;;;
TR;Türkiye;M;Aylık;U_MKTS;Motorlu Kara Taşıtları Sayısı;M06;Haziran;2;Dizel;PN;Sayı;2009-06;1038587;;;;;;;;;;;;
TR;Türkiye;M;Aylık;U_MKTS;Motorlu Kara Taşıtları Sayısı;M06;Haziran;2;Dizel;PN;Sayı;2008-06;870526;;;;;;;;;;;;
TR;Türkiye;M;Aylık;U_MKTS;Motorlu Kara Taşıtları Sayısı;M06;Haziran;2;Dizel;PN;Sayı;2007-06;663950;;;;;;;;;;;;
TR;Türkiye;M;Aylık;U_MKTS;Motorlu Kara Taşıtları Sayısı;M06;Haziran;2;Dizel;PN;Sayı;2006-06;502977;;;;;;;;;;;;
TR;Türkiye;M;Aylık;U_MKTS;Motorlu Kara Taşıtları Sayısı;M06;Haziran;2;Dizel;PN;Sayı;2005-06;301778;;;;;;;;;;;;
TR;Türkiye;M;Aylık;U_MKTS;Motorlu Kara Taşıtları Sayısı;M06;Haziran;6;LPG;PT;Yüzde;2025-06;31.06;;;;;;;;;;;;
TR;Türkiye;M;Aylık;U_MKTS;Motorlu Kara Taşıtları Sayısı;M06;Haziran;6;LPG;PT;Yüzde;2024-06;32.63;;;;;;;;;;;;
TR;Türkiye;M;Aylık;U_MKTS;Motorlu Kara Taşıtları Sayısı;M06;Haziran;6;LPG;PT;Yüzde;2023-06;34.26;;;;;;;;;;;;
TR;Türkiye;M;Aylık;U_MKTS;Motorlu Kara Taşıtları Sayısı;M06;Haziran;6;LPG;PT;Yüzde;2022-06;35.46;;;;;;;;;;;;
TR;Türkiye;M;Aylık;U_MKTS;Motorlu Kara Taşıtları Sayısı;M06;Haziran;6;LPG;PT;Yüzde;2021-06;36.24;;;;;;;;;;;;
TR;Türkiye;M;Aylık;U_MKTS;Motorlu Kara Taşıtları Sayısı;M06;Haziran;6;LPG;PT;Yüzde;2020-06;37.18;;;;;;;;;;;;
TR;Türkiye;M;Aylık;U_MKTS;Motorlu Kara Taşıtları Sayısı;M06;Haziran;6;LPG;PT;Yüzde;2019-06;37.68;;;;;;;;;;;;
TR;Türkiye;M;Aylık;U_MKTS;Motorlu Kara Taşıtları Sayısı;M06;Haziran;6;LPG;PT;Yüzde;2018-06;38.08;;;;;;;;;;;;
TR;Türkiye;M;Aylık;U_MKTS;Motorlu Kara Taşıtları Sayısı;M06;Haziran;6;LPG;PT;Yüzde;2017-06;38.83;;;;;;;;;;;;
TR;Türkiye;M;Aylık;U_MKTS;Motorlu Kara Taşıtları Sayısı;M06;Haziran;6;LPG;PT;Yüzde;2016-06;39.74;;;;;;;;;;;;
TR;Türkiye;M;Aylık;U_MKTS;Motorlu Kara Taşıtları Sayısı;M06;Haziran;6;LPG;PT;Yüzde;2015-06;40.85;;;;;;;;;;;;
TR;Türkiye;M;Aylık;U_MKTS;Motorlu Kara Taşıtları Sayısı;M06;Haziran;6;LPG;PT;Yüzde;2014-06;41.49;;;;;;;;;;;;
TR;Türkiye;M;Aylık;U_MKTS;Motorlu Kara Taşıtları Sayısı;M06;Haziran;6;LPG;PT;Yüzde;2013-06;41.41;;;;;;;;;;;;
TR;Türkiye;M;Aylık;U_MKTS;Motorlu Kara Taşıtları Sayısı;M06;Haziran;6;LPG;PT;Yüzde;2012-06;40.78;;;;;;;;;;;;
TR;Türkiye;M;Aylık;U_MKTS;Motorlu Kara Taşıtları Sayısı;M06;Haziran;6;LPG;PT;Yüzde;2011-06;39.34;;;;;;;;;;;;
TR;Türkiye;M;Aylık;U_MKTS;Motorlu Kara Taşıtları Sayısı;M06;Haziran;6;LPG;PT;Yüzde;2010-06;37.41;;;;;;;;;;;;
TR;Türkiye;M;Aylık;U_MKTS;Motorlu Kara Taşıtları Sayısı;M06;Haziran;6;LPG;PT;Yüzde;2009-06;33.88;;;;;;;;;;;;
TR;Türkiye;M;Aylık;U_MKTS;Motorlu Kara Taşıtları Sayısı;M06;Haziran;6;LPG;PT;Yüzde;2008-06;30.26;;;;;;;;;;;;
TR;Türkiye;M;Aylık;U_MKTS;Motorlu Kara Taşıtları Sayısı;M06;Haziran;6;LPG;PT;Yüzde;2007-06;26.55;;;;;;;;;;;;
TR;Türkiye;M;Aylık;U_MKTS;Motorlu Kara Taşıtları Sayısı;M06;Haziran;6;LPG;PT;Yüzde;2006-06;23.Oca;;;;;;;;;;;;
TR;Türkiye;M;Aylık;U_MKTS;Motorlu Kara Taşıtları Sayısı;M06;Haziran;6;LPG;PT;Yüzde;2005-06;19.79;;;;;;;;;;;;
TR;Türkiye;M;Aylık;U_MKTS;Motorlu Kara Taşıtları Sayısı;M06;Haziran;6;LPG;PN;Sayı;2025-06;5199042;;;;;;;;;;;;
TR;Türkiye;M;Aylık;U_MKTS;Motorlu Kara Taşıtları Sayısı;M06;Haziran;6;LPG;PN;Sayı;2024-06;5131070;;;;;;;;;;;;
TR;Türkiye;M;Aylık;U_MKTS;Motorlu Kara Taşıtları Sayısı;M06;Haziran;6;LPG;PN;Sayı;2023-06;5038034;;;;;;;;;;;;
TR;Türkiye;M;Aylık;U_MKTS;Motorlu Kara Taşıtları Sayısı;M06;Haziran;6;LPG;PN;Sayı;2022-06;4954802;;;;;;;;;;;;
TR;Türkiye;M;Aylık;U_MKTS;Motorlu Kara Taşıtları Sayısı;M06;Haziran;6;LPG;PN;Sayı;2021-06;4870384;;;;;;;;;;;;
TR;Türkiye;M;Aylık;U_MKTS;Motorlu Kara Taşıtları Sayısı;M06;Haziran;6;LPG;PN;Sayı;2020-06;4727691;;;;;;;;;;;;
TR;Türkiye;M;Aylık;U_MKTS;Motorlu Kara Taşıtları Sayısı;M06;Haziran;6;LPG;PN;Sayı;2019-06;4698443;;;;;;;;;;;;
TR;Türkiye;M;Aylık;U_MKTS;Motorlu Kara Taşıtları Sayısı;M06;Haziran;6;LPG;PN;Sayı;2018-06;4689581;;;;;;;;;;;;
TR;Türkiye;M;Aylık;U_MKTS;Motorlu Kara Taşıtları Sayısı;M06;Haziran;6;LPG;PN;Sayı;2017-06;4530169;;;;;;;;;;;;
TR;Türkiye;M;Aylık;U_MKTS;Motorlu Kara Taşıtları Sayısı;M06;Haziran;6;LPG;PN;Sayı;2016-06;4354595;;;;;;;;;;;;
TR;Türkiye;M;Aylık;U_MKTS;Motorlu Kara Taşıtları Sayısı;M06;Haziran;6;LPG;PN;Sayı;2015-06;4174513;;;;;;;;;;;;
TR;Türkiye;M;Aylık;U_MKTS;Motorlu Kara Taşıtları Sayısı;M06;Haziran;6;LPG;PN;Sayı;2014-06;3963865;;;;;;;;;;;;
TR;Türkiye;M;Aylık;U_MKTS;Motorlu Kara Taşıtları Sayısı;M06;Haziran;6;LPG;PN;Sayı;2013-06;3707724;;;;;;;;;;;;
TR;Türkiye;M;Aylık;U_MKTS;Motorlu Kara Taşıtları Sayısı;M06;Haziran;6;LPG;PN;Sayı;2012-06;3417167;;;;;;;;;;;;
TR;Türkiye;M;Aylık;U_MKTS;Motorlu Kara Taşıtları Sayısı;M06;Haziran;6;LPG;PN;Sayı;2011-06;3090000;;;;;;;;;;;;
TR;Türkiye;M;Aylık;U_MKTS;Motorlu Kara Taşıtları Sayısı;M06;Haziran;6;LPG;PN;Sayı;2010-06;2725648;;;;;;;;;;;;
TR;Türkiye;M;Aylık;U_MKTS;Motorlu Kara Taşıtları Sayısı;M06;Haziran;6;LPG;PN;Sayı;2009-06;2359414;;;;;;;;;;;;
TR;Türkiye;M;Aylık;U_MKTS;Motorlu Kara Taşıtları Sayısı;M06;Haziran;6;LPG;PN;Sayı;2008-06;2014829;;;;;;;;;;;;
TR;Türkiye;M;Aylık;U_MKTS;Motorlu Kara Taşıtları Sayısı;M06;Haziran;6;LPG;PN;Sayı;2007-06;1669835;;;;;;;;;;;;
TR;Türkiye;M;Aylık;U_MKTS;Motorlu Kara Taşıtları Sayısı;M06;Haziran;6;LPG;PN;Sayı;2006-06;1378211;;;;;;;;;;;;
TR;Türkiye;M;Aylık;U_MKTS;Motorlu Kara Taşıtları Sayısı;M06;Haziran;6;LPG;PN;Sayı;2005-06;1098479;;;;;;;;;;;;
TR;Türkiye;M;Aylık;U_MKTS;Motorlu Kara Taşıtları Sayısı;M06;Haziran;20;Hibrit;PT;Yüzde;2025-06;Mar.16;;;;;;;;;;;;
TR;Türkiye;M;Aylık;U_MKTS;Motorlu Kara Taşıtları Sayısı;M06;Haziran;20;Hibrit;PT;Yüzde;2024-06;Oca.83;;;;;;;;;;;;
TR;Türkiye;M;Aylık;U_MKTS;Motorlu Kara Taşıtları Sayısı;M06;Haziran;20;Hibrit;PT;Yüzde;2023-06;Oca.17;;;;;;;;;;;;
TR;Türkiye;M;Aylık;U_MKTS;Motorlu Kara Taşıtları Sayısı;M06;Haziran;20;Hibrit;PT;Yüzde;2022-06;0.8;;;;;;;;;;;;
TR;Türkiye;M;Aylık;U_MKTS;Motorlu Kara Taşıtları Sayısı;M06;Haziran;20;Hibrit;PT;Yüzde;2021-06;0.45;;;;;;;;;;;;
TR;Türkiye;M;Aylık;U_MKTS;Motorlu Kara Taşıtları Sayısı;M06;Haziran;20;Hibrit;PT;Yüzde;2020-06;0.16;;;;;;;;;;;;
TR;Türkiye;M;Aylık;U_MKTS;Motorlu Kara Taşıtları Sayısı;M06;Haziran;20;Hibrit;PT;Yüzde;2019-06;0.07;;;;;;;;;;;;
TR;Türkiye;M;Aylık;U_MKTS;Motorlu Kara Taşıtları Sayısı;M06;Haziran;20;Hibrit;PT;Yüzde;2018-06;0.02;;;;;;;;;;;;
TR;Türkiye;M;Aylık;U_MKTS;Motorlu Kara Taşıtları Sayısı;M06;Haziran;20;Hibrit;PT;Yüzde;2017-06;0.01;;;;;;;;;;;;
TR;Türkiye;M;Aylık;U_MKTS;Motorlu Kara Taşıtları Sayısı;M06;Haziran;20;Hibrit;PT;Yüzde;2016-06;0;;;;;;;;;;;;
TR;Türkiye;M;Aylık;U_MKTS;Motorlu Kara Taşıtları Sayısı;M06;Haziran;20;Hibrit;PT;Yüzde;2015-06;0;;;;;;;;;;;;
TR;Türkiye;M;Aylık;U_MKTS;Motorlu Kara Taşıtları Sayısı;M06;Haziran;20;Hibrit;PT;Yüzde;2014-06;0;;;;;;;;;;;;
TR;Türkiye;M;Aylık;U_MKTS;Motorlu Kara Taşıtları Sayısı;M06;Haziran;20;Hibrit;PT;Yüzde;2013-06;0;;;;;;;;;;;;
TR;Türkiye;M;Aylık;U_MKTS;Motorlu Kara Taşıtları Sayısı;M06;Haziran;20;Hibrit;PT;Yüzde;2012-06;0;;;;;;;;;;;;
TR;Türkiye;M;Aylık;U_MKTS;Motorlu Kara Taşıtları Sayısı;M06;Haziran;20;Hibrit;PN;Sayı;2025-06;529765;;;;;;;;;;;;
TR;Türkiye;M;Aylık;U_MKTS;Motorlu Kara Taşıtları Sayısı;M06;Haziran;20;Hibrit;PN;Sayı;2024-06;287436;;;;;;;;;;;;
TR;Türkiye;M;Aylık;U_MKTS;Motorlu Kara Taşıtları Sayısı;M06;Haziran;20;Hibrit;PN;Sayı;2023-06;172158;;;;;;;;;;;;
TR;Türkiye;M;Aylık;U_MKTS;Motorlu Kara Taşıtları Sayısı;M06;Haziran;20;Hibrit;PN;Sayı;2022-06;112155;;;;;;;;;;;;
TR;Türkiye;M;Aylık;U_MKTS;Motorlu Kara Taşıtları Sayısı;M06;Haziran;20;Hibrit;PN;Sayı;2021-06;60214;;;;;;;;;;;;
TR;Türkiye;M;Aylık;U_MKTS;Motorlu Kara Taşıtları Sayısı;M06;Haziran;20;Hibrit;PN;Sayı;2020-06;19942;;;;;;;;;;;;
TR;Türkiye;M;Aylık;U_MKTS;Motorlu Kara Taşıtları Sayısı;M06;Haziran;20;Hibrit;PN;Sayı;2019-06;8464;;;;;;;;;;;;
TR;Türkiye;M;Aylık;U_MKTS;Motorlu Kara Taşıtları Sayısı;M06;Haziran;20;Hibrit;PN;Sayı;2018-06;2279;;;;;;;;;;;;
TR;Türkiye;M;Aylık;U_MKTS;Motorlu Kara Taşıtları Sayısı;M06;Haziran;20;Hibrit;PN;Sayı;2017-06;610;;;;;;;;;;;;
TR;Türkiye;M;Aylık;U_MKTS;Motorlu Kara Taşıtları Sayısı;M06;Haziran;20;Hibrit;PN;Sayı;2016-06;416;;;;;;;;;;;;
TR;Türkiye;M;Aylık;U_MKTS;Motorlu Kara Taşıtları Sayısı;M06;Haziran;20;Hibrit;PN;Sayı;2015-06;231;;;;;;;;;;;;
TR;Türkiye;M;Aylık;U_MKTS;Motorlu Kara Taşıtları Sayısı;M06;Haziran;20;Hibrit;PN;Sayı;2014-06;90;;;;;;;;;;;;
TR;Türkiye;M;Aylık;U_MKTS;Motorlu Kara Taşıtları Sayısı;M06;Haziran;20;Hibrit;PN;Sayı;2013-06;76;;;;;;;;;;;;
TR;Türkiye;M;Aylık;U_MKTS;Motorlu Kara Taşıtları Sayısı;M06;Haziran;20;Hibrit;PN;Sayı;2012-06;35;;;;;;;;;;;;
TR;Türkiye;M;Aylık;U_MKTS;Motorlu Kara Taşıtları Sayısı;M06;Haziran;5;Elektrik;PT;Yüzde;2025-06;Oca.59;;;;;;;;;;;;
TR;Türkiye;M;Aylık;U_MKTS;Motorlu Kara Taşıtları Sayısı;M06;Haziran;5;Elektrik;PT;Yüzde;2024-06;0.78;;;;;;;;;;;;
TR;Türkiye;M;Aylık;U_MKTS;Motorlu Kara Taşıtları Sayısı;M06;Haziran;5;Elektrik;PT;Yüzde;2023-06;0.19;;;;;;;;;;;;
TR;Türkiye;M;Aylık;U_MKTS;Motorlu Kara Taşıtları Sayısı;M06;Haziran;5;Elektrik;PT;Yüzde;2022-06;0.06;;;;;;;;;;;;
TR;Türkiye;M;Aylık;U_MKTS;Motorlu Kara Taşıtları Sayısı;M06;Haziran;5;Elektrik;PT;Yüzde;2021-06;0.03;;;;;;;;;;;;
TR;Türkiye;M;Aylık;U_MKTS;Motorlu Kara Taşıtları Sayısı;M06;Haziran;5;Elektrik;PT;Yüzde;2020-06;0.01;;;;;;;;;;;;
TR;Türkiye;M;Aylık;U_MKTS;Motorlu Kara Taşıtları Sayısı;M06;Haziran;5;Elektrik;PT;Yüzde;2019-06;0.01;;;;;;;;;;;;
TR;Türkiye;M;Aylık;U_MKTS;Motorlu Kara Taşıtları Sayısı;M06;Haziran;5;Elektrik;PT;Yüzde;2018-06;0.01;;;;;;;;;;;;
TR;Türkiye;M;Aylık;U_MKTS;Motorlu Kara Taşıtları Sayısı;M06;Haziran;5;Elektrik;PT;Yüzde;2017-06;0.01;;;;;;;;;;;;
TR;Türkiye;M;Aylık;U_MKTS;Motorlu Kara Taşıtları Sayısı;M06;Haziran;5;Elektrik;PT;Yüzde;2016-06;0.01;;;;;;;;;;;;
TR;Türkiye;M;Aylık;U_MKTS;Motorlu Kara Taşıtları Sayısı;M06;Haziran;5;Elektrik;PT;Yüzde;2015-06;0;;;;;;;;;;;;
TR;Türkiye;M;Aylık;U_MKTS;Motorlu Kara Taşıtları Sayısı;M06;Haziran;5;Elektrik;PT;Yüzde;2014-06;0;;;;;;;;;;;;
TR;Türkiye;M;Aylık;U_MKTS;Motorlu Kara Taşıtları Sayısı;M06;Haziran;5;Elektrik;PT;Yüzde;2013-06;0;;;;;;;;;;;;
TR;Türkiye;M;Aylık;U_MKTS;Motorlu Kara Taşıtları Sayısı;M06;Haziran;5;Elektrik;PT;Yüzde;2012-06;0;;;;;;;;;;;;
TR;Türkiye;M;Aylık;U_MKTS;Motorlu Kara Taşıtları Sayısı;M06;Haziran;5;Elektrik;PT;Yüzde;2011-06;0;;;;;;;;;;;;
TR;Türkiye;M;Aylık;U_MKTS;Motorlu Kara Taşıtları Sayısı;M06;Haziran;5;Elektrik;PN;Sayı;2025-06;265847;;;;;;;;;;;;
TR;Türkiye;M;Aylık;U_MKTS;Motorlu Kara Taşıtları Sayısı;M06;Haziran;5;Elektrik;PN;Sayı;2024-06;122670;;;;;;;;;;;;
TR;Türkiye;M;Aylık;U_MKTS;Motorlu Kara Taşıtları Sayısı;M06;Haziran;5;Elektrik;PN;Sayı;2023-06;27476;;;;;;;;;;;;
TR;Türkiye;M;Aylık;U_MKTS;Motorlu Kara Taşıtları Sayısı;M06;Haziran;5;Elektrik;PN;Sayı;2022-06;8843;;;;;;;;;;;;
TR;Türkiye;M;Aylık;U_MKTS;Motorlu Kara Taşıtları Sayısı;M06;Haziran;5;Elektrik;PN;Sayı;2021-06;3991;;;;;;;;;;;;
TR;Türkiye;M;Aylık;U_MKTS;Motorlu Kara Taşıtları Sayısı;M06;Haziran;5;Elektrik;PN;Sayı;2020-06;1422;;;;;;;;;;;;
TR;Türkiye;M;Aylık;U_MKTS;Motorlu Kara Taşıtları Sayısı;M06;Haziran;5;Elektrik;PN;Sayı;2019-06;1031;;;;;;;;;;;;
TR;Türkiye;M;Aylık;U_MKTS;Motorlu Kara Taşıtları Sayısı;M06;Haziran;5;Elektrik;PN;Sayı;2018-06;906;;;;;;;;;;;;
TR;Türkiye;M;Aylık;U_MKTS;Motorlu Kara Taşıtları Sayısı;M06;Haziran;5;Elektrik;PN;Sayı;2017-06;686;;;;;;;;;;;;
TR;Türkiye;M;Aylık;U_MKTS;Motorlu Kara Taşıtları Sayısı;M06;Haziran;5;Elektrik;PN;Sayı;2016-06;595;;;;;;;;;;;;
TR;Türkiye;M;Aylık;U_MKTS;Motorlu Kara Taşıtları Sayısı;M06;Haziran;5;Elektrik;PN;Sayı;2015-06;475;;;;;;;;;;;;
TR;Türkiye;M;Aylık;U_MKTS;Motorlu Kara Taşıtları Sayısı;M06;Haziran;5;Elektrik;PN;Sayı;2014-06;363;;;;;;;;;;;;
TR;Türkiye;M;Aylık;U_MKTS;Motorlu Kara Taşıtları Sayısı;M06;Haziran;5;Elektrik;PN;Sayı;2013-06;341;;;;;;;;;;;;
TR;Türkiye;M;Aylık;U_MKTS;Motorlu Kara Taşıtları Sayısı;M06;Haziran;5;Elektrik;PN;Sayı;2012-06;98;;;;;;;;;;;;
TR;Türkiye;M;Aylık;U_MKTS;Motorlu Kara Taşıtları Sayısı;M06;Haziran;5;Elektrik;PN;Sayı;2011-06;26;;;;;;;;;;;;
TR;Türkiye;M;Aylık;U_MKTS;Motorlu Kara Taşıtları Sayısı;M06;Haziran;_U;Bilinmeyen;PT;Yüzde;2025-06;0.21;;;;;;;;;;;;
TR;Türkiye;M;Aylık;U_MKTS;Motorlu Kara Taşıtları Sayısı;M06;Haziran;_U;Bilinmeyen;PT;Yüzde;2024-06;0.22;;;;;;;;;;;;
TR;Türkiye;M;Aylık;U_MKTS;Motorlu Kara Taşıtları Sayısı;M06;Haziran;_U;Bilinmeyen;PT;Yüzde;2023-06;0.24;;;;;;;;;;;;
TR;Türkiye;M;Aylık;U_MKTS;Motorlu Kara Taşıtları Sayısı;M06;Haziran;_U;Bilinmeyen;PT;Yüzde;2022-06;0.26;;;;;;;;;;;;
TR;Türkiye;M;Aylık;U_MKTS;Motorlu Kara Taşıtları Sayısı;M06;Haziran;_U;Bilinmeyen;PT;Yüzde;2021-06;0.27;;;;;;;;;;;;
TR;Türkiye;M;Aylık;U_MKTS;Motorlu Kara Taşıtları Sayısı;M06;Haziran;_U;Bilinmeyen;PT;Yüzde;2020-06;0.29;;;;;;;;;;;;
TR;Türkiye;M;Aylık;U_MKTS;Motorlu Kara Taşıtları Sayısı;M06;Haziran;_U;Bilinmeyen;PT;Yüzde;2019-06;0.31;;;;;;;;;;;;
TR;Türkiye;M;Aylık;U_MKTS;Motorlu Kara Taşıtları Sayısı;M06;Haziran;_U;Bilinmeyen;PT;Yüzde;2018-06;0.33;;;;;;;;;;;;
TR;Türkiye;M;Aylık;U_MKTS;Motorlu Kara Taşıtları Sayısı;M06;Haziran;_U;Bilinmeyen;PT;Yüzde;2017-06;0.35;;;;;;;;;;;;
TR;Türkiye;M;Aylık;U_MKTS;Motorlu Kara Taşıtları Sayısı;M06;Haziran;_U;Bilinmeyen;PT;Yüzde;2016-06;0.39;;;;;;;;;;;;
TR;Türkiye;M;Aylık;U_MKTS;Motorlu Kara Taşıtları Sayısı;M06;Haziran;_U;Bilinmeyen;PT;Yüzde;2015-06;0.42;;;;;;;;;;;;
TR;Türkiye;M;Aylık;U_MKTS;Motorlu Kara Taşıtları Sayısı;M06;Haziran;_U;Bilinmeyen;PT;Yüzde;2014-06;0.46;;;;;;;;;;;;
TR;Türkiye;M;Aylık;U_MKTS;Motorlu Kara Taşıtları Sayısı;M06;Haziran;_U;Bilinmeyen;PT;Yüzde;2013-06;0.52;;;;;;;;;;;;
TR;Türkiye;M;Aylık;U_MKTS;Motorlu Kara Taşıtları Sayısı;M06;Haziran;_U;Bilinmeyen;PT;Yüzde;2012-06;0.61;;;;;;;;;;;;
TR;Türkiye;M;Aylık;U_MKTS;Motorlu Kara Taşıtları Sayısı;M06;Haziran;_U;Bilinmeyen;PT;Yüzde;2011-06;0.84;;;;;;;;;;;;
TR;Türkiye;M;Aylık;U_MKTS;Motorlu Kara Taşıtları Sayısı;M06;Haziran;_U;Bilinmeyen;PT;Yüzde;2010-06;1.Haz;;;;;;;;;;;;
TR;Türkiye;M;Aylık;U_MKTS;Motorlu Kara Taşıtları Sayısı;M06;Haziran;_U;Bilinmeyen;PT;Yüzde;2009-06;Oca.29;;;;;;;;;;;;
TR;Türkiye;M;Aylık;U_MKTS;Motorlu Kara Taşıtları Sayısı;M06;Haziran;_U;Bilinmeyen;PT;Yüzde;2008-06;Şub.31;;;;;;;;;;;;
TR;Türkiye;M;Aylık;U_MKTS;Motorlu Kara Taşıtları Sayısı;M06;Haziran;_U;Bilinmeyen;PT;Yüzde;2007-06;Şub.86;;;;;;;;;;;;
TR;Türkiye;M;Aylık;U_MKTS;Motorlu Kara Taşıtları Sayısı;M06;Haziran;_U;Bilinmeyen;PT;Yüzde;2006-06;Mar.55;;;;;;;;;;;;
TR;Türkiye;M;Aylık;U_MKTS;Motorlu Kara Taşıtları Sayısı;M06;Haziran;_U;Bilinmeyen;PT;Yüzde;2005-06;Nis.72;;;;;;;;;;;;
TR;Türkiye;M;Aylık;U_MKTS;Motorlu Kara Taşıtları Sayısı;M06;Haziran;_U;Bilinmeyen;PN;Sayı;2025-06;35284;;;;;;;;;;;;
TR;Türkiye;M;Aylık;U_MKTS;Motorlu Kara Taşıtları Sayısı;M06;Haziran;_U;Bilinmeyen;PN;Sayı;2024-06;35319;;;;;;;;;;;;
TR;Türkiye;M;Aylık;U_MKTS;Motorlu Kara Taşıtları Sayısı;M06;Haziran;_U;Bilinmeyen;PN;Sayı;2023-06;35486;;;;;;;;;;;;
TR;Türkiye;M;Aylık;U_MKTS;Motorlu Kara Taşıtları Sayısı;M06;Haziran;_U;Bilinmeyen;PN;Sayı;2022-06;35724;;;;;;;;;;;;
TR;Türkiye;M;Aylık;U_MKTS;Motorlu Kara Taşıtları Sayısı;M06;Haziran;_U;Bilinmeyen;PN;Sayı;2021-06;36160;;;;;;;;;;;;
TR;Türkiye;M;Aylık;U_MKTS;Motorlu Kara Taşıtları Sayısı;M06;Haziran;_U;Bilinmeyen;PN;Sayı;2020-06;36390;;;;;;;;;;;;
TR;Türkiye;M;Aylık;U_MKTS;Motorlu Kara Taşıtları Sayısı;M06;Haziran;_U;Bilinmeyen;PN;Sayı;2019-06;38444;;;;;;;;;;;;
TR;Türkiye;M;Aylık;U_MKTS;Motorlu Kara Taşıtları Sayısı;M06;Haziran;_U;Bilinmeyen;PN;Sayı;2018-06;40169;;;;;;;;;;;;
TR;Türkiye;M;Aylık;U_MKTS;Motorlu Kara Taşıtları Sayısı;M06;Haziran;_U;Bilinmeyen;PN;Sayı;2017-06;41375;;;;;;;;;;;;
TR;Türkiye;M;Aylık;U_MKTS;Motorlu Kara Taşıtları Sayısı;M06;Haziran;_U;Bilinmeyen;PN;Sayı;2016-06;42197;;;;;;;;;;;;
TR;Türkiye;M;Aylık;U_MKTS;Motorlu Kara Taşıtları Sayısı;M06;Haziran;_U;Bilinmeyen;PN;Sayı;2015-06;43409;;;;;;;;;;;;
TR;Türkiye;M;Aylık;U_MKTS;Motorlu Kara Taşıtları Sayısı;M06;Haziran;_U;Bilinmeyen;PN;Sayı;2014-06;44282;;;;;;;;;;;;
TR;Türkiye;M;Aylık;U_MKTS;Motorlu Kara Taşıtları Sayısı;M06;Haziran;_U;Bilinmeyen;PN;Sayı;2013-06;46920;;;;;;;;;;;;
TR;Türkiye;M;Aylık;U_MKTS;Motorlu Kara Taşıtları Sayısı;M06;Haziran;_U;Bilinmeyen;PN;Sayı;2012-06;51285;;;;;;;;;;;;
TR;Türkiye;M;Aylık;U_MKTS;Motorlu Kara Taşıtları Sayısı;M06;Haziran;_U;Bilinmeyen;PN;Sayı;2011-06;65764;;;;;;;;;;;;
TR;Türkiye;M;Aylık;U_MKTS;Motorlu Kara Taşıtları Sayısı;M06;Haziran;_U;Bilinmeyen;PN;Sayı;2010-06;77048;;;;;;;;;;;;
TR;Türkiye;M;Aylık;U_MKTS;Motorlu Kara Taşıtları Sayısı;M06;Haziran;_U;Bilinmeyen;PN;Sayı;2009-06;89820;;;;;;;;;;;;
TR;Türkiye;M;Aylık;U_MKTS;Motorlu Kara Taşıtları Sayısı;M06;Haziran;_U;Bilinmeyen;PN;Sayı;2008-06;153584;;;;;;;;;;;;
TR;Türkiye;M;Aylık;U_MKTS;Motorlu Kara Taşıtları Sayısı;M06;Haziran;_U;Bilinmeyen;PN;Sayı;2007-06;179994;;;;;;;;;;;;
TR;Türkiye;M;Aylık;U_MKTS;Motorlu Kara Taşıtları Sayısı;M06;Haziran;_U;Bilinmeyen;PN;Sayı;2006-06;212644;;;;;;;;;;;;
TR;Türkiye;M;Aylık;U_MKTS;Motorlu Kara Taşıtları Sayısı;M06;Haziran;_U;Bilinmeyen;PN;Sayı;2005-06;261958;;;;;;;;;;;;
TR;Türkiye;M;Aylık;U_MKTS;Motorlu Kara Taşıtları Sayısı;M07;Temmuz;_T;Toplam;PT;Yüzde;2025-07;100;;;;;;;;;;;;
TR;Türkiye;M;Aylık;U_MKTS;Motorlu Kara Taşıtları Sayısı;M07;Temmuz;_T;Toplam;PT;Yüzde;2024-07;100;;;;;;;;;;;;
TR;Türkiye;M;Aylık;U_MKTS;Motorlu Kara Taşıtları Sayısı;M07;Temmuz;_T;Toplam;PT;Yüzde;2023-07;100;;;;;;;;;;;;
TR;Türkiye;M;Aylık;U_MKTS;Motorlu Kara Taşıtları Sayısı;M07;Temmuz;_T;Toplam;PT;Yüzde;2022-07;100;;;;;;;;;;;;
TR;Türkiye;M;Aylık;U_MKTS;Motorlu Kara Taşıtları Sayısı;M07;Temmuz;_T;Toplam;PT;Yüzde;2021-07;100;;;;;;;;;;;;
TR;Türkiye;M;Aylık;U_MKTS;Motorlu Kara Taşıtları Sayısı;M07;Temmuz;_T;Toplam;PT;Yüzde;2020-07;100;;;;;;;;;;;;
TR;Türkiye;M;Aylık;U_MKTS;Motorlu Kara Taşıtları Sayısı;M07;Temmuz;_T;Toplam;PT;Yüzde;2019-07;100;;;;;;;;;;;;
TR;Türkiye;M;Aylık;U_MKTS;Motorlu Kara Taşıtları Sayısı;M07;Temmuz;_T;Toplam;PT;Yüzde;2018-07;100;;;;;;;;;;;;
TR;Türkiye;M;Aylık;U_MKTS;Motorlu Kara Taşıtları Sayısı;M07;Temmuz;_T;Toplam;PT;Yüzde;2017-07;100;;;;;;;;;;;;
TR;Türkiye;M;Aylık;U_MKTS;Motorlu Kara Taşıtları Sayısı;M07;Temmuz;_T;Toplam;PT;Yüzde;2016-07;100;;;;;;;;;;;;
TR;Türkiye;M;Aylık;U_MKTS;Motorlu Kara Taşıtları Sayısı;M07;Temmuz;_T;Toplam;PT;Yüzde;2015-07;100;;;;;;;;;;;;
TR;Türkiye;M;Aylık;U_MKTS;Motorlu Kara Taşıtları Sayısı;M07;Temmuz;_T;Toplam;PT;Yüzde;2014-07;100;;;;;;;;;;;;
TR;Türkiye;M;Aylık;U_MKTS;Motorlu Kara Taşıtları Sayısı;M07;Temmuz;_T;Toplam;PT;Yüzde;2013-07;100;;;;;;;;;;;;
TR;Türkiye;M;Aylık;U_MKTS;Motorlu Kara Taşıtları Sayısı;M07;Temmuz;_T;Toplam;PT;Yüzde;2012-07;100;;;;;;;;;;;;
TR;Türkiye;M;Aylık;U_MKTS;Motorlu Kara Taşıtları Sayısı;M07;Temmuz;_T;Toplam;PT;Yüzde;2011-07;100;;;;;;;;;;;;
TR;Türkiye;M;Aylık;U_MKTS;Motorlu Kara Taşıtları Sayısı;M07;Temmuz;_T;Toplam;PT;Yüzde;2010-07;100;;;;;;;;;;;;
TR;Türkiye;M;Aylık;U_MKTS;Motorlu Kara Taşıtları Sayısı;M07;Temmuz;_T;Toplam;PT;Yüzde;2009-07;100;;;;;;;;;;;;
TR;Türkiye;M;Aylık;U_MKTS;Motorlu Kara Taşıtları Sayısı;M07;Temmuz;_T;Toplam;PT;Yüzde;2008-07;100;;;;;;;;;;;;
TR;Türkiye;M;Aylık;U_MKTS;Motorlu Kara Taşıtları Sayısı;M07;Temmuz;_T;Toplam;PT;Yüzde;2007-07;100;;;;;;;;;;;;
TR;Türkiye;M;Aylık;U_MKTS;Motorlu Kara Taşıtları Sayısı;M07;Temmuz;_T;Toplam;PT;Yüzde;2006-07;100;;;;;;;;;;;;
TR;Türkiye;M;Aylık;U_MKTS;Motorlu Kara Taşıtları Sayısı;M07;Temmuz;_T;Toplam;PT;Yüzde;2005-07;100;;;;;;;;;;;;
TR;Türkiye;M;Aylık;U_MKTS;Motorlu Kara Taşıtları Sayısı;M07;Temmuz;_T;Toplam;PN;Sayı;2025-07;16847382;;;;;;;;;;;;
TR;Türkiye;M;Aylık;U_MKTS;Motorlu Kara Taşıtları Sayısı;M07;Temmuz;_T;Toplam;PN;Sayı;2024-07;15835588;;;;;;;;;;;;
TR;Türkiye;M;Aylık;U_MKTS;Motorlu Kara Taşıtları Sayısı;M07;Temmuz;_T;Toplam;PN;Sayı;2023-07;14802645;;;;;;;;;;;;
TR;Türkiye;M;Aylık;U_MKTS;Motorlu Kara Taşıtları Sayısı;M07;Temmuz;_T;Toplam;PN;Sayı;2022-07;14026438;;;;;;;;;;;;
TR;Türkiye;M;Aylık;U_MKTS;Motorlu Kara Taşıtları Sayısı;M07;Temmuz;_T;Toplam;PN;Sayı;2021-07;13501223;;;;;;;;;;;;
TR;Türkiye;M;Aylık;U_MKTS;Motorlu Kara Taşıtları Sayısı;M07;Temmuz;_T;Toplam;PN;Sayı;2020-07;12797195;;;;;;;;;;;;
TR;Türkiye;M;Aylık;U_MKTS;Motorlu Kara Taşıtları Sayısı;M07;Temmuz;_T;Toplam;PN;Sayı;2019-07;12493057;;;;;;;;;;;;
TR;Türkiye;M;Aylık;U_MKTS;Motorlu Kara Taşıtları Sayısı;M07;Temmuz;_T;Toplam;PN;Sayı;2018-07;12334056;;;;;;;;;;;;
TR;Türkiye;M;Aylık;U_MKTS;Motorlu Kara Taşıtları Sayısı;M07;Temmuz;_T;Toplam;PN;Sayı;2017-07;11740823;;;;;;;;;;;;
TR;Türkiye;M;Aylık;U_MKTS;Motorlu Kara Taşıtları Sayısı;M07;Temmuz;_T;Toplam;PN;Sayı;2016-07;11011463;;;;;;;;;;;;
TR;Türkiye;M;Aylık;U_MKTS;Motorlu Kara Taşıtları Sayısı;M07;Temmuz;_T;Toplam;PN;Sayı;2015-07;10303593;;;;;;;;;;;;
TR;Türkiye;M;Aylık;U_MKTS;Motorlu Kara Taşıtları Sayısı;M07;Temmuz;_T;Toplam;PN;Sayı;2014-07;9615912;;;;;;;;;;;;
TR;Türkiye;M;Aylık;U_MKTS;Motorlu Kara Taşıtları Sayısı;M07;Temmuz;_T;Toplam;PN;Sayı;2013-07;9026842;;;;;;;;;;;;
TR;Türkiye;M;Aylık;U_MKTS;Motorlu Kara Taşıtları Sayısı;M07;Temmuz;_T;Toplam;PN;Sayı;2012-07;8434368;;;;;;;;;;;;
TR;Türkiye;M;Aylık;U_MKTS;Motorlu Kara Taşıtları Sayısı;M07;Temmuz;_T;Toplam;PN;Sayı;2011-07;7913430;;;;;;;;;;;;
TR;Türkiye;M;Aylık;U_MKTS;Motorlu Kara Taşıtları Sayısı;M07;Temmuz;_T;Toplam;PN;Sayı;2010-07;7318724;;;;;;;;;;;;
TR;Türkiye;M;Aylık;U_MKTS;Motorlu Kara Taşıtları Sayısı;M07;Temmuz;_T;Toplam;PN;Sayı;2009-07;6972893;;;;;;;;;;;;
TR;Türkiye;M;Aylık;U_MKTS;Motorlu Kara Taşıtları Sayısı;M07;Temmuz;_T;Toplam;PN;Sayı;2008-07;6683332;;;;;;;;;;;;
TR;Türkiye;M;Aylık;U_MKTS;Motorlu Kara Taşıtları Sayısı;M07;Temmuz;_T;Toplam;PN;Sayı;2007-07;6315176;;;;;;;;;;;;
TR;Türkiye;M;Aylık;U_MKTS;Motorlu Kara Taşıtları Sayısı;M07;Temmuz;_T;Toplam;PN;Sayı;2006-07;6011332;;;;;;;;;;;;
TR;Türkiye;M;Aylık;U_MKTS;Motorlu Kara Taşıtları Sayısı;M07;Temmuz;_T;Toplam;PN;Sayı;2005-07;5584180;;;;;;;;;;;;
TR;Türkiye;M;Aylık;U_MKTS;Motorlu Kara Taşıtları Sayısı;M07;Temmuz;1;Benzinli;PT;Yüzde;2025-07;30.62;;;;;;;;;;;;
TR;Türkiye;M;Aylık;U_MKTS;Motorlu Kara Taşıtları Sayısı;M07;Temmuz;1;Benzinli;PT;Yüzde;2024-07;29.85;;;;;;;;;;;;
TR;Türkiye;M;Aylık;U_MKTS;Motorlu Kara Taşıtları Sayısı;M07;Temmuz;1;Benzinli;PT;Yüzde;2023-07;27.97;;;;;;;;;;;;
TR;Türkiye;M;Aylık;U_MKTS;Motorlu Kara Taşıtları Sayısı;M07;Temmuz;1;Benzinli;PT;Yüzde;2022-07;26.28;;;;;;;;;;;;
TR;Türkiye;M;Aylık;U_MKTS;Motorlu Kara Taşıtları Sayısı;M07;Temmuz;1;Benzinli;PT;Yüzde;2021-07;25.15;;;;;;;;;;;;
TR;Türkiye;M;Aylık;U_MKTS;Motorlu Kara Taşıtları Sayısı;M07;Temmuz;1;Benzinli;PT;Yüzde;2020-07;24.18;;;;;;;;;;;;
TR;Türkiye;M;Aylık;U_MKTS;Motorlu Kara Taşıtları Sayısı;M07;Temmuz;1;Benzinli;PT;Yüzde;2019-07;24.43;;;;;;;;;;;;
TR;Türkiye;M;Aylık;U_MKTS;Motorlu Kara Taşıtları Sayısı;M07;Temmuz;1;Benzinli;PT;Yüzde;2018-07;25.32;;;;;;;;;;;;
TR;Türkiye;M;Aylık;U_MKTS;Motorlu Kara Taşıtları Sayısı;M07;Temmuz;1;Benzinli;PT;Yüzde;2017-07;26.21;;;;;;;;;;;;
TR;Türkiye;M;Aylık;U_MKTS;Motorlu Kara Taşıtları Sayısı;M07;Temmuz;1;Benzinli;PT;Yüzde;2016-07;27.Haz;;;;;;;;;;;;
TR;Türkiye;M;Aylık;U_MKTS;Motorlu Kara Taşıtları Sayısı;M07;Temmuz;1;Benzinli;PT;Yüzde;2015-07;28.Ara;;;;;;;;;;;;
TR;Türkiye;M;Aylık;U_MKTS;Motorlu Kara Taşıtları Sayısı;M07;Temmuz;1;Benzinli;PT;Yüzde;2014-07;29.76;;;;;;;;;;;;
TR;Türkiye;M;Aylık;U_MKTS;Motorlu Kara Taşıtları Sayısı;M07;Temmuz;1;Benzinli;PT;Yüzde;2013-07;32.14;;;;;;;;;;;;
TR;Türkiye;M;Aylık;U_MKTS;Motorlu Kara Taşıtları Sayısı;M07;Temmuz;1;Benzinli;PT;Yüzde;2012-07;35.23;;;;;;;;;;;;
TR;Türkiye;M;Aylık;U_MKTS;Motorlu Kara Taşıtları Sayısı;M07;Temmuz;1;Benzinli;PT;Yüzde;2011-07;39.21;;;;;;;;;;;;
TR;Türkiye;M;Aylık;U_MKTS;Motorlu Kara Taşıtları Sayısı;M07;Temmuz;1;Benzinli;PT;Yüzde;2010-07;44.25;;;;;;;;;;;;
TR;Türkiye;M;Aylık;U_MKTS;Motorlu Kara Taşıtları Sayısı;M07;Temmuz;1;Benzinli;PT;Yüzde;2009-07;49.43;;;;;;;;;;;;
TR;Türkiye;M;Aylık;U_MKTS;Motorlu Kara Taşıtları Sayısı;M07;Temmuz;1;Benzinli;PT;Yüzde;2008-07;53.75;;;;;;;;;;;;
TR;Türkiye;M;Aylık;U_MKTS;Motorlu Kara Taşıtları Sayısı;M07;Temmuz;1;Benzinli;PT;Yüzde;2007-07;59.49;;;;;;;;;;;;
TR;Türkiye;M;Aylık;U_MKTS;Motorlu Kara Taşıtları Sayısı;M07;Temmuz;1;Benzinli;PT;Yüzde;2006-07;64.53;;;;;;;;;;;;
TR;Türkiye;M;Aylık;U_MKTS;Motorlu Kara Taşıtları Sayısı;M07;Temmuz;1;Benzinli;PT;Yüzde;2005-07;69.75;;;;;;;;;;;;
TR;Türkiye;M;Aylık;U_MKTS;Motorlu Kara Taşıtları Sayısı;M07;Temmuz;1;Benzinli;PN;Sayı;2025-07;5158930;;;;;;;;;;;;
TR;Türkiye;M;Aylık;U_MKTS;Motorlu Kara Taşıtları Sayısı;M07;Temmuz;1;Benzinli;PN;Sayı;2024-07;4726215;;;;;;;;;;;;
TR;Türkiye;M;Aylık;U_MKTS;Motorlu Kara Taşıtları Sayısı;M07;Temmuz;1;Benzinli;PN;Sayı;2023-07;4140684;;;;;;;;;;;;
TR;Türkiye;M;Aylık;U_MKTS;Motorlu Kara Taşıtları Sayısı;M07;Temmuz;1;Benzinli;PN;Sayı;2022-07;3686553;;;;;;;;;;;;
TR;Türkiye;M;Aylık;U_MKTS;Motorlu Kara Taşıtları Sayısı;M07;Temmuz;1;Benzinli;PN;Sayı;2021-07;3395277;;;;;;;;;;;;
TR;Türkiye;M;Aylık;U_MKTS;Motorlu Kara Taşıtları Sayısı;M07;Temmuz;1;Benzinli;PN;Sayı;2020-07;3094289;;;;;;;;;;;;
TR;Türkiye;M;Aylık;U_MKTS;Motorlu Kara Taşıtları Sayısı;M07;Temmuz;1;Benzinli;PN;Sayı;2019-07;3051514;;;;;;;;;;;;
TR;Türkiye;M;Aylık;U_MKTS;Motorlu Kara Taşıtları Sayısı;M07;Temmuz;1;Benzinli;PN;Sayı;2018-07;3122759;;;;;;;;;;;;
TR;Türkiye;M;Aylık;U_MKTS;Motorlu Kara Taşıtları Sayısı;M07;Temmuz;1;Benzinli;PN;Sayı;2017-07;3077757;;;;;;;;;;;;
TR;Türkiye;M;Aylık;U_MKTS;Motorlu Kara Taşıtları Sayısı;M07;Temmuz;1;Benzinli;PN;Sayı;2016-07;2979524;;;;;;;;;;;;
TR;Türkiye;M;Aylık;U_MKTS;Motorlu Kara Taşıtları Sayısı;M07;Temmuz;1;Benzinli;PN;Sayı;2015-07;2897218;;;;;;;;;;;;
TR;Türkiye;M;Aylık;U_MKTS;Motorlu Kara Taşıtları Sayısı;M07;Temmuz;1;Benzinli;PN;Sayı;2014-07;2861776;;;;;;;;;;;;
TR;Türkiye;M;Aylık;U_MKTS;Motorlu Kara Taşıtları Sayısı;M07;Temmuz;1;Benzinli;PN;Sayı;2013-07;2900969;;;;;;;;;;;;
TR;Türkiye;M;Aylık;U_MKTS;Motorlu Kara Taşıtları Sayısı;M07;Temmuz;1;Benzinli;PN;Sayı;2012-07;2971704;;;;;;;;;;;;
TR;Türkiye;M;Aylık;U_MKTS;Motorlu Kara Taşıtları Sayısı;M07;Temmuz;1;Benzinli;PN;Sayı;2011-07;3102525;;;;;;;;;;;;
TR;Türkiye;M;Aylık;U_MKTS;Motorlu Kara Taşıtları Sayısı;M07;Temmuz;1;Benzinli;PN;Sayı;2010-07;3238885;;;;;;;;;;;;
TR;Türkiye;M;Aylık;U_MKTS;Motorlu Kara Taşıtları Sayısı;M07;Temmuz;1;Benzinli;PN;Sayı;2009-07;3446756;;;;;;;;;;;;
TR;Türkiye;M;Aylık;U_MKTS;Motorlu Kara Taşıtları Sayısı;M07;Temmuz;1;Benzinli;PN;Sayı;2008-07;3592535;;;;;;;;;;;;
TR;Türkiye;M;Aylık;U_MKTS;Motorlu Kara Taşıtları Sayısı;M07;Temmuz;1;Benzinli;PN;Sayı;2007-07;3756621;;;;;;;;;;;;
TR;Türkiye;M;Aylık;U_MKTS;Motorlu Kara Taşıtları Sayısı;M07;Temmuz;1;Benzinli;PN;Sayı;2006-07;3878938;;;;;;;;;;;;
TR;Türkiye;M;Aylık;U_MKTS;Motorlu Kara Taşıtları Sayısı;M07;Temmuz;1;Benzinli;PN;Sayı;2005-07;3894786;;;;;;;;;;;;
TR;Türkiye;M;Aylık;U_MKTS;Motorlu Kara Taşıtları Sayısı;M07;Temmuz;2;Dizel;PT;Yüzde;2025-07;33.25;;;;;;;;;;;;
TR;Türkiye;M;Aylık;U_MKTS;Motorlu Kara Taşıtları Sayısı;M07;Temmuz;2;Dizel;PT;Yüzde;2024-07;34.74;;;;;;;;;;;;
TR;Türkiye;M;Aylık;U_MKTS;Motorlu Kara Taşıtları Sayısı;M07;Temmuz;2;Dizel;PT;Yüzde;2023-07;36.26;;;;;;;;;;;;
TR;Türkiye;M;Aylık;U_MKTS;Motorlu Kara Taşıtları Sayısı;M07;Temmuz;2;Dizel;PT;Yüzde;2022-07;37.18;;;;;;;;;;;;
TR;Türkiye;M;Aylık;U_MKTS;Motorlu Kara Taşıtları Sayısı;M07;Temmuz;2;Dizel;PT;Yüzde;2021-07;37.91;;;;;;;;;;;;
TR;Türkiye;M;Aylık;U_MKTS;Motorlu Kara Taşıtları Sayısı;M07;Temmuz;2;Dizel;PT;Yüzde;2020-07;38.27;;;;;;;;;;;;
TR;Türkiye;M;Aylık;U_MKTS;Motorlu Kara Taşıtları Sayısı;M07;Temmuz;2;Dizel;PT;Yüzde;2019-07;37.5;;;;;;;;;;;;
TR;Türkiye;M;Aylık;U_MKTS;Motorlu Kara Taşıtları Sayısı;M07;Temmuz;2;Dizel;PT;Yüzde;2018-07;36.34;;;;;;;;;;;;
TR;Türkiye;M;Aylık;U_MKTS;Motorlu Kara Taşıtları Sayısı;M07;Temmuz;2;Dizel;PT;Yüzde;2017-07;34.7;;;;;;;;;;;;
TR;Türkiye;M;Aylık;U_MKTS;Motorlu Kara Taşıtları Sayısı;M07;Temmuz;2;Dizel;PT;Yüzde;2016-07;32.9;;;;;;;;;;;;
TR;Türkiye;M;Aylık;U_MKTS;Motorlu Kara Taşıtları Sayısı;M07;Temmuz;2;Dizel;PT;Yüzde;2015-07;30.74;;;;;;;;;;;;
TR;Türkiye;M;Aylık;U_MKTS;Motorlu Kara Taşıtları Sayısı;M07;Temmuz;2;Dizel;PT;Yüzde;2014-07;28.34;;;;;;;;;;;;
TR;Türkiye;M;Aylık;U_MKTS;Motorlu Kara Taşıtları Sayısı;M07;Temmuz;2;Dizel;PT;Yüzde;2013-07;25.93;;;;;;;;;;;;
TR;Türkiye;M;Aylık;U_MKTS;Motorlu Kara Taşıtları Sayısı;M07;Temmuz;2;Dizel;PT;Yüzde;2012-07;23.Mar;;;;;;;;;;;;
TR;Türkiye;M;Aylık;U_MKTS;Motorlu Kara Taşıtları Sayısı;M07;Temmuz;2;Dizel;PT;Yüzde;2011-07;20.May;;;;;;;;;;;;
TR;Türkiye;M;Aylık;U_MKTS;Motorlu Kara Taşıtları Sayısı;M07;Temmuz;2;Dizel;PT;Yüzde;2010-07;16.98;;;;;;;;;;;;
TR;Türkiye;M;Aylık;U_MKTS;Motorlu Kara Taşıtları Sayısı;M07;Temmuz;2;Dizel;PT;Yüzde;2009-07;15;;;;;;;;;;;;
TR;Türkiye;M;Aylık;U_MKTS;Motorlu Kara Taşıtları Sayısı;M07;Temmuz;2;Dizel;PT;Yüzde;2008-07;13.21;;;;;;;;;;;;
TR;Türkiye;M;Aylık;U_MKTS;Motorlu Kara Taşıtları Sayısı;M07;Temmuz;2;Dizel;PT;Yüzde;2007-07;Eki.72;;;;;;;;;;;;
TR;Türkiye;M;Aylık;U_MKTS;Motorlu Kara Taşıtları Sayısı;M07;Temmuz;2;Dizel;PT;Yüzde;2006-07;Ağu.57;;;;;;;;;;;;
TR;Türkiye;M;Aylık;U_MKTS;Motorlu Kara Taşıtları Sayısı;M07;Temmuz;2;Dizel;PT;Yüzde;2005-07;May.63;;;;;;;;;;;;
TR;Türkiye;M;Aylık;U_MKTS;Motorlu Kara Taşıtları Sayısı;M07;Temmuz;2;Dizel;PN;Sayı;2025-07;5601565;;;;;;;;;;;;
TR;Türkiye;M;Aylık;U_MKTS;Motorlu Kara Taşıtları Sayısı;M07;Temmuz;2;Dizel;PN;Sayı;2024-07;5501765;;;;;;;;;;;;
TR;Türkiye;M;Aylık;U_MKTS;Motorlu Kara Taşıtları Sayısı;M07;Temmuz;2;Dizel;PN;Sayı;2023-07;5368105;;;;;;;;;;;;
TR;Türkiye;M;Aylık;U_MKTS;Motorlu Kara Taşıtları Sayısı;M07;Temmuz;2;Dizel;PN;Sayı;2022-07;5215420;;;;;;;;;;;;
TR;Türkiye;M;Aylık;U_MKTS;Motorlu Kara Taşıtları Sayısı;M07;Temmuz;2;Dizel;PN;Sayı;2021-07;5118967;;;;;;;;;;;;
TR;Türkiye;M;Aylık;U_MKTS;Motorlu Kara Taşıtları Sayısı;M07;Temmuz;2;Dizel;PN;Sayı;2020-07;4897122;;;;;;;;;;;;
TR;Türkiye;M;Aylık;U_MKTS;Motorlu Kara Taşıtları Sayısı;M07;Temmuz;2;Dizel;PN;Sayı;2019-07;4685313;;;;;;;;;;;;
TR;Türkiye;M;Aylık;U_MKTS;Motorlu Kara Taşıtları Sayısı;M07;Temmuz;2;Dizel;PN;Sayı;2018-07;4482480;;;;;;;;;;;;
TR;Türkiye;M;Aylık;U_MKTS;Motorlu Kara Taşıtları Sayısı;M07;Temmuz;2;Dizel;PN;Sayı;2017-07;4073596;;;;;;;;;;;;
TR;Türkiye;M;Aylık;U_MKTS;Motorlu Kara Taşıtları Sayısı;M07;Temmuz;2;Dizel;PN;Sayı;2016-07;3622406;;;;;;;;;;;;
TR;Türkiye;M;Aylık;U_MKTS;Motorlu Kara Taşıtları Sayısı;M07;Temmuz;2;Dizel;PN;Sayı;2015-07;3167110;;;;;;;;;;;;
TR;Türkiye;M;Aylık;U_MKTS;Motorlu Kara Taşıtları Sayısı;M07;Temmuz;2;Dizel;PN;Sayı;2014-07;2725361;;;;;;;;;;;;
TR;Türkiye;M;Aylık;U_MKTS;Motorlu Kara Taşıtları Sayısı;M07;Temmuz;2;Dizel;PN;Sayı;2013-07;2340582;;;;;;;;;;;;
TR;Türkiye;M;Aylık;U_MKTS;Motorlu Kara Taşıtları Sayısı;M07;Temmuz;2;Dizel;PN;Sayı;2012-07;1965423;;;;;;;;;;;;
TR;Türkiye;M;Aylık;U_MKTS;Motorlu Kara Taşıtları Sayısı;M07;Temmuz;2;Dizel;PN;Sayı;2011-07;1622480;;;;;;;;;;;;
TR;Türkiye;M;Aylık;U_MKTS;Motorlu Kara Taşıtları Sayısı;M07;Temmuz;2;Dizel;PN;Sayı;2010-07;1242625;;;;;;;;;;;;
TR;Türkiye;M;Aylık;U_MKTS;Motorlu Kara Taşıtları Sayısı;M07;Temmuz;2;Dizel;PN;Sayı;2009-07;1046038;;;;;;;;;;;;
TR;Türkiye;M;Aylık;U_MKTS;Motorlu Kara Taşıtları Sayısı;M07;Temmuz;2;Dizel;PN;Sayı;2008-07;882934;;;;;;;;;;;;
TR;Türkiye;M;Aylık;U_MKTS;Motorlu Kara Taşıtları Sayısı;M07;Temmuz;2;Dizel;PN;Sayı;2007-07;677301;;;;;;;;;;;;
TR;Türkiye;M;Aylık;U_MKTS;Motorlu Kara Taşıtları Sayısı;M07;Temmuz;2;Dizel;PN;Sayı;2006-07;514989;;;;;;;;;;;;
TR;Türkiye;M;Aylık;U_MKTS;Motorlu Kara Taşıtları Sayısı;M07;Temmuz;2;Dizel;PN;Sayı;2005-07;314630;;;;;;;;;;;;
TR;Türkiye;M;Aylık;U_MKTS;Motorlu Kara Taşıtları Sayısı;M07;Temmuz;6;LPG;PT;Yüzde;2025-07;30.Eyl;;;;;;;;;;;;
TR;Türkiye;M;Aylık;U_MKTS;Motorlu Kara Taşıtları Sayısı;M07;Temmuz;6;LPG;PT;Yüzde;2024-07;32.45;;;;;;;;;;;;
TR;Türkiye;M;Aylık;U_MKTS;Motorlu Kara Taşıtları Sayısı;M07;Temmuz;6;LPG;PT;Yüzde;2023-07;34.08;;;;;;;;;;;;
TR;Türkiye;M;Aylık;U_MKTS;Motorlu Kara Taşıtları Sayısı;M07;Temmuz;6;LPG;PT;Yüzde;2022-07;35.39;;;;;;;;;;;;
TR;Türkiye;M;Aylık;U_MKTS;Motorlu Kara Taşıtları Sayısı;M07;Temmuz;6;LPG;PT;Yüzde;2021-07;36.15;;;;;;;;;;;;
TR;Türkiye;M;Aylık;U_MKTS;Motorlu Kara Taşıtları Sayısı;M07;Temmuz;6;LPG;PT;Yüzde;2020-07;37.08;;;;;;;;;;;;
TR;Türkiye;M;Aylık;U_MKTS;Motorlu Kara Taşıtları Sayısı;M07;Temmuz;6;LPG;PT;Yüzde;2019-07;37.69;;;;;;;;;;;;
TR;Türkiye;M;Aylık;U_MKTS;Motorlu Kara Taşıtları Sayısı;M07;Temmuz;6;LPG;PT;Yüzde;2018-07;37.99;;;;;;;;;;;;
TR;Türkiye;M;Aylık;U_MKTS;Motorlu Kara Taşıtları Sayısı;M07;Temmuz;6;LPG;PT;Yüzde;2017-07;38.73;;;;;;;;;;;;
TR;Türkiye;M;Aylık;U_MKTS;Motorlu Kara Taşıtları Sayısı;M07;Temmuz;6;LPG;PT;Yüzde;2016-07;39.65;;;;;;;;;;;;
TR;Türkiye;M;Aylık;U_MKTS;Motorlu Kara Taşıtları Sayısı;M07;Temmuz;6;LPG;PT;Yüzde;2015-07;40.72;;;;;;;;;;;;
TR;Türkiye;M;Aylık;U_MKTS;Motorlu Kara Taşıtları Sayısı;M07;Temmuz;6;LPG;PT;Yüzde;2014-07;41.43;;;;;;;;;;;;
TR;Türkiye;M;Aylık;U_MKTS;Motorlu Kara Taşıtları Sayısı;M07;Temmuz;6;LPG;PT;Yüzde;2013-07;41.41;;;;;;;;;;;;
TR;Türkiye;M;Aylık;U_MKTS;Motorlu Kara Taşıtları Sayısı;M07;Temmuz;6;LPG;PT;Yüzde;2012-07;40.86;;;;;;;;;;;;
TR;Türkiye;M;Aylık;U_MKTS;Motorlu Kara Taşıtları Sayısı;M07;Temmuz;6;LPG;PT;Yüzde;2011-07;39.47;;;;;;;;;;;;
TR;Türkiye;M;Aylık;U_MKTS;Motorlu Kara Taşıtları Sayısı;M07;Temmuz;6;LPG;PT;Yüzde;2010-07;37.73;;;;;;;;;;;;
TR;Türkiye;M;Aylık;U_MKTS;Motorlu Kara Taşıtları Sayısı;M07;Temmuz;6;LPG;PT;Yüzde;2009-07;34.3;;;;;;;;;;;;
TR;Türkiye;M;Aylık;U_MKTS;Motorlu Kara Taşıtları Sayısı;M07;Temmuz;6;LPG;PT;Yüzde;2008-07;30.78;;;;;;;;;;;;
TR;Türkiye;M;Aylık;U_MKTS;Motorlu Kara Taşıtları Sayısı;M07;Temmuz;6;LPG;PT;Yüzde;2007-07;26.99;;;;;;;;;;;;
TR;Türkiye;M;Aylık;U_MKTS;Motorlu Kara Taşıtları Sayısı;M07;Temmuz;6;LPG;PT;Yüzde;2006-07;23.42;;;;;;;;;;;;
TR;Türkiye;M;Aylık;U_MKTS;Motorlu Kara Taşıtları Sayısı;M07;Temmuz;6;LPG;PT;Yüzde;2005-07;19.96;;;;;;;;;;;;
TR;Türkiye;M;Aylık;U_MKTS;Motorlu Kara Taşıtları Sayısı;M07;Temmuz;6;LPG;PN;Sayı;2025-07;5205009;;;;;;;;;;;;
TR;Türkiye;M;Aylık;U_MKTS;Motorlu Kara Taşıtları Sayısı;M07;Temmuz;6;LPG;PN;Sayı;2024-07;5138093;;;;;;;;;;;;
TR;Türkiye;M;Aylık;U_MKTS;Motorlu Kara Taşıtları Sayısı;M07;Temmuz;6;LPG;PN;Sayı;2023-07;5045313;;;;;;;;;;;;
TR;Türkiye;M;Aylık;U_MKTS;Motorlu Kara Taşıtları Sayısı;M07;Temmuz;6;LPG;PN;Sayı;2022-07;4963406;;;;;;;;;;;;
TR;Türkiye;M;Aylık;U_MKTS;Motorlu Kara Taşıtları Sayısı;M07;Temmuz;6;LPG;PN;Sayı;2021-07;4880638;;;;;;;;;;;;
TR;Türkiye;M;Aylık;U_MKTS;Motorlu Kara Taşıtları Sayısı;M07;Temmuz;6;LPG;PN;Sayı;2020-07;4745336;;;;;;;;;;;;
TR;Türkiye;M;Aylık;U_MKTS;Motorlu Kara Taşıtları Sayısı;M07;Temmuz;6;LPG;PN;Sayı;2019-07;4708888;;;;;;;;;;;;
TR;Türkiye;M;Aylık;U_MKTS;Motorlu Kara Taşıtları Sayısı;M07;Temmuz;6;LPG;PN;Sayı;2018-07;4685186;;;;;;;;;;;;
TR;Türkiye;M;Aylık;U_MKTS;Motorlu Kara Taşıtları Sayısı;M07;Temmuz;6;LPG;PN;Sayı;2017-07;4546788;;;;;;;;;;;;
TR;Türkiye;M;Aylık;U_MKTS;Motorlu Kara Taşıtları Sayısı;M07;Temmuz;6;LPG;PN;Sayı;2016-07;4366346;;;;;;;;;;;;
TR;Türkiye;M;Aylık;U_MKTS;Motorlu Kara Taşıtları Sayısı;M07;Temmuz;6;LPG;PN;Sayı;2015-07;4195305;;;;;;;;;;;;
TR;Türkiye;M;Aylık;U_MKTS;Motorlu Kara Taşıtları Sayısı;M07;Temmuz;6;LPG;PN;Sayı;2014-07;3984180;;;;;;;;;;;;
TR;Türkiye;M;Aylık;U_MKTS;Motorlu Kara Taşıtları Sayısı;M07;Temmuz;6;LPG;PN;Sayı;2013-07;3738327;;;;;;;;;;;;
TR;Türkiye;M;Aylık;U_MKTS;Motorlu Kara Taşıtları Sayısı;M07;Temmuz;6;LPG;PN;Sayı;2012-07;3446151;;;;;;;;;;;;
TR;Türkiye;M;Aylık;U_MKTS;Motorlu Kara Taşıtları Sayısı;M07;Temmuz;6;LPG;PN;Sayı;2011-07;3123446;;;;;;;;;;;;
TR;Türkiye;M;Aylık;U_MKTS;Motorlu Kara Taşıtları Sayısı;M07;Temmuz;6;LPG;PN;Sayı;2010-07;2761331;;;;;;;;;;;;
TR;Türkiye;M;Aylık;U_MKTS;Motorlu Kara Taşıtları Sayısı;M07;Temmuz;6;LPG;PN;Sayı;2009-07;2392013;;;;;;;;;;;;
TR;Türkiye;M;Aylık;U_MKTS;Motorlu Kara Taşıtları Sayısı;M07;Temmuz;6;LPG;PN;Sayı;2008-07;2057036;;;;;;;;;;;;
TR;Türkiye;M;Aylık;U_MKTS;Motorlu Kara Taşıtları Sayısı;M07;Temmuz;6;LPG;PN;Sayı;2007-07;1704194;;;;;;;;;;;;
TR;Türkiye;M;Aylık;U_MKTS;Motorlu Kara Taşıtları Sayısı;M07;Temmuz;6;LPG;PN;Sayı;2006-07;1408151;;;;;;;;;;;;
TR;Türkiye;M;Aylık;U_MKTS;Motorlu Kara Taşıtları Sayısı;M07;Temmuz;6;LPG;PN;Sayı;2005-07;1114412;;;;;;;;;;;;
TR;Türkiye;M;Aylık;U_MKTS;Motorlu Kara Taşıtları Sayısı;M07;Temmuz;20;Hibrit;PT;Yüzde;2025-07;Mar.31;;;;;;;;;;;;
TR;Türkiye;M;Aylık;U_MKTS;Motorlu Kara Taşıtları Sayısı;M07;Temmuz;20;Hibrit;PT;Yüzde;2024-07;Oca.91;;;;;;;;;;;;
TR;Türkiye;M;Aylık;U_MKTS;Motorlu Kara Taşıtları Sayısı;M07;Temmuz;20;Hibrit;PT;Yüzde;2023-07;Oca.22;;;;;;;;;;;;
TR;Türkiye;M;Aylık;U_MKTS;Motorlu Kara Taşıtları Sayısı;M07;Temmuz;20;Hibrit;PT;Yüzde;2022-07;0.83;;;;;;;;;;;;
TR;Türkiye;M;Aylık;U_MKTS;Motorlu Kara Taşıtları Sayısı;M07;Temmuz;20;Hibrit;PT;Yüzde;2021-07;0.49;;;;;;;;;;;;
TR;Türkiye;M;Aylık;U_MKTS;Motorlu Kara Taşıtları Sayısı;M07;Temmuz;20;Hibrit;PT;Yüzde;2020-07;0.18;;;;;;;;;;;;
TR;Türkiye;M;Aylık;U_MKTS;Motorlu Kara Taşıtları Sayısı;M07;Temmuz;20;Hibrit;PT;Yüzde;2019-07;0.07;;;;;;;;;;;;
TR;Türkiye;M;Aylık;U_MKTS;Motorlu Kara Taşıtları Sayısı;M07;Temmuz;20;Hibrit;PT;Yüzde;2018-07;0.02;;;;;;;;;;;;
TR;Türkiye;M;Aylık;U_MKTS;Motorlu Kara Taşıtları Sayısı;M07;Temmuz;20;Hibrit;PT;Yüzde;2017-07;0.01;;;;;;;;;;;;
TR;Türkiye;M;Aylık;U_MKTS;Motorlu Kara Taşıtları Sayısı;M07;Temmuz;20;Hibrit;PT;Yüzde;2016-07;0;;;;;;;;;;;;
TR;Türkiye;M;Aylık;U_MKTS;Motorlu Kara Taşıtları Sayısı;M07;Temmuz;20;Hibrit;PT;Yüzde;2015-07;0;;;;;;;;;;;;
TR;Türkiye;M;Aylık;U_MKTS;Motorlu Kara Taşıtları Sayısı;M07;Temmuz;20;Hibrit;PT;Yüzde;2014-07;0;;;;;;;;;;;;
TR;Türkiye;M;Aylık;U_MKTS;Motorlu Kara Taşıtları Sayısı;M07;Temmuz;20;Hibrit;PT;Yüzde;2013-07;0;;;;;;;;;;;;
TR;Türkiye;M;Aylık;U_MKTS;Motorlu Kara Taşıtları Sayısı;M07;Temmuz;20;Hibrit;PT;Yüzde;2012-07;0;;;;;;;;;;;;
TR;Türkiye;M;Aylık;U_MKTS;Motorlu Kara Taşıtları Sayısı;M07;Temmuz;20;Hibrit;PN;Sayı;2025-07;556995;;;;;;;;;;;;
TR;Türkiye;M;Aylık;U_MKTS;Motorlu Kara Taşıtları Sayısı;M07;Temmuz;20;Hibrit;PN;Sayı;2024-07;302986;;;;;;;;;;;;
TR;Türkiye;M;Aylık;U_MKTS;Motorlu Kara Taşıtları Sayısı;M07;Temmuz;20;Hibrit;PN;Sayı;2023-07;180299;;;;;;;;;;;;
TR;Türkiye;M;Aylık;U_MKTS;Motorlu Kara Taşıtları Sayısı;M07;Temmuz;20;Hibrit;PN;Sayı;2022-07;116045;;;;;;;;;;;;
TR;Türkiye;M;Aylık;U_MKTS;Motorlu Kara Taşıtları Sayısı;M07;Temmuz;20;Hibrit;PN;Sayı;2021-07;65924;;;;;;;;;;;;
TR;Türkiye;M;Aylık;U_MKTS;Motorlu Kara Taşıtları Sayısı;M07;Temmuz;20;Hibrit;PN;Sayı;2020-07;22562;;;;;;;;;;;;
TR;Türkiye;M;Aylık;U_MKTS;Motorlu Kara Taşıtları Sayısı;M07;Temmuz;20;Hibrit;PN;Sayı;2019-07;9301;;;;;;;;;;;;
TR;Türkiye;M;Aylık;U_MKTS;Motorlu Kara Taşıtları Sayısı;M07;Temmuz;20;Hibrit;PN;Sayı;2018-07;2725;;;;;;;;;;;;
TR;Türkiye;M;Aylık;U_MKTS;Motorlu Kara Taşıtları Sayısı;M07;Temmuz;20;Hibrit;PN;Sayı;2017-07;650;;;;;;;;;;;;
TR;Türkiye;M;Aylık;U_MKTS;Motorlu Kara Taşıtları Sayısı;M07;Temmuz;20;Hibrit;PN;Sayı;2016-07;426;;;;;;;;;;;;
TR;Türkiye;M;Aylık;U_MKTS;Motorlu Kara Taşıtları Sayısı;M07;Temmuz;20;Hibrit;PN;Sayı;2015-07;253;;;;;;;;;;;;
TR;Türkiye;M;Aylık;U_MKTS;Motorlu Kara Taşıtları Sayısı;M07;Temmuz;20;Hibrit;PN;Sayı;2014-07;91;;;;;;;;;;;;
TR;Türkiye;M;Aylık;U_MKTS;Motorlu Kara Taşıtları Sayısı;M07;Temmuz;20;Hibrit;PN;Sayı;2013-07;76;;;;;;;;;;;;
TR;Türkiye;M;Aylık;U_MKTS;Motorlu Kara Taşıtları Sayısı;M07;Temmuz;20;Hibrit;PN;Sayı;2012-07;36;;;;;;;;;;;;
TR;Türkiye;M;Aylık;U_MKTS;Motorlu Kara Taşıtları Sayısı;M07;Temmuz;5;Elektrik;PT;Yüzde;2025-07;Oca.72;;;;;;;;;;;;
TR;Türkiye;M;Aylık;U_MKTS;Motorlu Kara Taşıtları Sayısı;M07;Temmuz;5;Elektrik;PT;Yüzde;2024-07;0.83;;;;;;;;;;;;
TR;Türkiye;M;Aylık;U_MKTS;Motorlu Kara Taşıtları Sayısı;M07;Temmuz;5;Elektrik;PT;Yüzde;2023-07;0.22;;;;;;;;;;;;
TR;Türkiye;M;Aylık;U_MKTS;Motorlu Kara Taşıtları Sayısı;M07;Temmuz;5;Elektrik;PT;Yüzde;2022-07;0.07;;;;;;;;;;;;
TR;Türkiye;M;Aylık;U_MKTS;Motorlu Kara Taşıtları Sayısı;M07;Temmuz;5;Elektrik;PT;Yüzde;2021-07;0.03;;;;;;;;;;;;
TR;Türkiye;M;Aylık;U_MKTS;Motorlu Kara Taşıtları Sayısı;M07;Temmuz;5;Elektrik;PT;Yüzde;2020-07;0.01;;;;;;;;;;;;
TR;Türkiye;M;Aylık;U_MKTS;Motorlu Kara Taşıtları Sayısı;M07;Temmuz;5;Elektrik;PT;Yüzde;2019-07;0.01;;;;;;;;;;;;
TR;Türkiye;M;Aylık;U_MKTS;Motorlu Kara Taşıtları Sayısı;M07;Temmuz;5;Elektrik;PT;Yüzde;2018-07;0.01;;;;;;;;;;;;
TR;Türkiye;M;Aylık;U_MKTS;Motorlu Kara Taşıtları Sayısı;M07;Temmuz;5;Elektrik;PT;Yüzde;2017-07;0.01;;;;;;;;;;;;
TR;Türkiye;M;Aylık;U_MKTS;Motorlu Kara Taşıtları Sayısı;M07;Temmuz;5;Elektrik;PT;Yüzde;2016-07;0.01;;;;;;;;;;;;
TR;Türkiye;M;Aylık;U_MKTS;Motorlu Kara Taşıtları Sayısı;M07;Temmuz;5;Elektrik;PT;Yüzde;2015-07;0;;;;;;;;;;;;
TR;Türkiye;M;Aylık;U_MKTS;Motorlu Kara Taşıtları Sayısı;M07;Temmuz;5;Elektrik;PT;Yüzde;2014-07;0;;;;;;;;;;;;
TR;Türkiye;M;Aylık;U_MKTS;Motorlu Kara Taşıtları Sayısı;M07;Temmuz;5;Elektrik;PT;Yüzde;2013-07;0;;;;;;;;;;;;
TR;Türkiye;M;Aylık;U_MKTS;Motorlu Kara Taşıtları Sayısı;M07;Temmuz;5;Elektrik;PT;Yüzde;2012-07;0;;;;;;;;;;;;
TR;Türkiye;M;Aylık;U_MKTS;Motorlu Kara Taşıtları Sayısı;M07;Temmuz;5;Elektrik;PT;Yüzde;2011-07;0;;;;;;;;;;;;
TR;Türkiye;M;Aylık;U_MKTS;Motorlu Kara Taşıtları Sayısı;M07;Temmuz;5;Elektrik;PN;Sayı;2025-07;289457;;;;;;;;;;;;
TR;Türkiye;M;Aylık;U_MKTS;Motorlu Kara Taşıtları Sayısı;M07;Temmuz;5;Elektrik;PN;Sayı;2024-07;131217;;;;;;;;;;;;
TR;Türkiye;M;Aylık;U_MKTS;Motorlu Kara Taşıtları Sayısı;M07;Temmuz;5;Elektrik;PN;Sayı;2023-07;32777;;;;;;;;;;;;
TR;Türkiye;M;Aylık;U_MKTS;Motorlu Kara Taşıtları Sayısı;M07;Temmuz;5;Elektrik;PN;Sayı;2022-07;9299;;;;;;;;;;;;
TR;Türkiye;M;Aylık;U_MKTS;Motorlu Kara Taşıtları Sayısı;M07;Temmuz;5;Elektrik;PN;Sayı;2021-07;4280;;;;;;;;;;;;
TR;Türkiye;M;Aylık;U_MKTS;Motorlu Kara Taşıtları Sayısı;M07;Temmuz;5;Elektrik;PN;Sayı;2020-07;1510;;;;;;;;;;;;
TR;Türkiye;M;Aylık;U_MKTS;Motorlu Kara Taşıtları Sayısı;M07;Temmuz;5;Elektrik;PN;Sayı;2019-07;1051;;;;;;;;;;;;
TR;Türkiye;M;Aylık;U_MKTS;Motorlu Kara Taşıtları Sayısı;M07;Temmuz;5;Elektrik;PN;Sayı;2018-07;912;;;;;;;;;;;;
TR;Türkiye;M;Aylık;U_MKTS;Motorlu Kara Taşıtları Sayısı;M07;Temmuz;5;Elektrik;PN;Sayı;2017-07;696;;;;;;;;;;;;
TR;Türkiye;M;Aylık;U_MKTS;Motorlu Kara Taşıtları Sayısı;M07;Temmuz;5;Elektrik;PN;Sayı;2016-07;603;;;;;;;;;;;;
TR;Türkiye;M;Aylık;U_MKTS;Motorlu Kara Taşıtları Sayısı;M07;Temmuz;5;Elektrik;PN;Sayı;2015-07;490;;;;;;;;;;;;
TR;Türkiye;M;Aylık;U_MKTS;Motorlu Kara Taşıtları Sayısı;M07;Temmuz;5;Elektrik;PN;Sayı;2014-07;363;;;;;;;;;;;;
TR;Türkiye;M;Aylık;U_MKTS;Motorlu Kara Taşıtları Sayısı;M07;Temmuz;5;Elektrik;PN;Sayı;2013-07;347;;;;;;;;;;;;
TR;Türkiye;M;Aylık;U_MKTS;Motorlu Kara Taşıtları Sayısı;M07;Temmuz;5;Elektrik;PN;Sayı;2012-07;102;;;;;;;;;;;;
TR;Türkiye;M;Aylık;U_MKTS;Motorlu Kara Taşıtları Sayısı;M07;Temmuz;5;Elektrik;PN;Sayı;2011-07;27;;;;;;;;;;;;
TR;Türkiye;M;Aylık;U_MKTS;Motorlu Kara Taşıtları Sayısı;M07;Temmuz;_U;Bilinmeyen;PT;Yüzde;2025-07;0.21;;;;;;;;;;;;
TR;Türkiye;M;Aylık;U_MKTS;Motorlu Kara Taşıtları Sayısı;M07;Temmuz;_U;Bilinmeyen;PT;Yüzde;2024-07;0.22;;;;;;;;;;;;
TR;Türkiye;M;Aylık;U_MKTS;Motorlu Kara Taşıtları Sayısı;M07;Temmuz;_U;Bilinmeyen;PT;Yüzde;2023-07;0.24;;;;;;;;;;;;
TR;Türkiye;M;Aylık;U_MKTS;Motorlu Kara Taşıtları Sayısı;M07;Temmuz;_U;Bilinmeyen;PT;Yüzde;2022-07;0.25;;;;;;;;;;;;
TR;Türkiye;M;Aylık;U_MKTS;Motorlu Kara Taşıtları Sayısı;M07;Temmuz;_U;Bilinmeyen;PT;Yüzde;2021-07;0.27;;;;;;;;;;;;
TR;Türkiye;M;Aylık;U_MKTS;Motorlu Kara Taşıtları Sayısı;M07;Temmuz;_U;Bilinmeyen;PT;Yüzde;2020-07;0.28;;;;;;;;;;;;
TR;Türkiye;M;Aylık;U_MKTS;Motorlu Kara Taşıtları Sayısı;M07;Temmuz;_U;Bilinmeyen;PT;Yüzde;2019-07;0.3;;;;;;;;;;;;
TR;Türkiye;M;Aylık;U_MKTS;Motorlu Kara Taşıtları Sayısı;M07;Temmuz;_U;Bilinmeyen;PT;Yüzde;2018-07;0.32;;;;;;;;;;;;
TR;Türkiye;M;Aylık;U_MKTS;Motorlu Kara Taşıtları Sayısı;M07;Temmuz;_U;Bilinmeyen;PT;Yüzde;2017-07;0.35;;;;;;;;;;;;
TR;Türkiye;M;Aylık;U_MKTS;Motorlu Kara Taşıtları Sayısı;M07;Temmuz;_U;Bilinmeyen;PT;Yüzde;2016-07;0.38;;;;;;;;;;;;
TR;Türkiye;M;Aylık;U_MKTS;Motorlu Kara Taşıtları Sayısı;M07;Temmuz;_U;Bilinmeyen;PT;Yüzde;2015-07;0.42;;;;;;;;;;;;
TR;Türkiye;M;Aylık;U_MKTS;Motorlu Kara Taşıtları Sayısı;M07;Temmuz;_U;Bilinmeyen;PT;Yüzde;2014-07;0.46;;;;;;;;;;;;
TR;Türkiye;M;Aylık;U_MKTS;Motorlu Kara Taşıtları Sayısı;M07;Temmuz;_U;Bilinmeyen;PT;Yüzde;2013-07;0.52;;;;;;;;;;;;
TR;Türkiye;M;Aylık;U_MKTS;Motorlu Kara Taşıtları Sayısı;M07;Temmuz;_U;Bilinmeyen;PT;Yüzde;2012-07;0.6;;;;;;;;;;;;
TR;Türkiye;M;Aylık;U_MKTS;Motorlu Kara Taşıtları Sayısı;M07;Temmuz;_U;Bilinmeyen;PT;Yüzde;2011-07;0.82;;;;;;;;;;;;
TR;Türkiye;M;Aylık;U_MKTS;Motorlu Kara Taşıtları Sayısı;M07;Temmuz;_U;Bilinmeyen;PT;Yüzde;2010-07;1.Nis;;;;;;;;;;;;
TR;Türkiye;M;Aylık;U_MKTS;Motorlu Kara Taşıtları Sayısı;M07;Temmuz;_U;Bilinmeyen;PT;Yüzde;2009-07;Oca.26;;;;;;;;;;;;
TR;Türkiye;M;Aylık;U_MKTS;Motorlu Kara Taşıtları Sayısı;M07;Temmuz;_U;Bilinmeyen;PT;Yüzde;2008-07;Şub.26;;;;;;;;;;;;
TR;Türkiye;M;Aylık;U_MKTS;Motorlu Kara Taşıtları Sayısı;M07;Temmuz;_U;Bilinmeyen;PT;Yüzde;2007-07;2.Ağu;;;;;;;;;;;;
TR;Türkiye;M;Aylık;U_MKTS;Motorlu Kara Taşıtları Sayısı;M07;Temmuz;_U;Bilinmeyen;PT;Yüzde;2006-07;Mar.48;;;;;;;;;;;;
TR;Türkiye;M;Aylık;U_MKTS;Motorlu Kara Taşıtları Sayısı;M07;Temmuz;_U;Bilinmeyen;PT;Yüzde;2005-07;Nis.66;;;;;;;;;;;;
TR;Türkiye;M;Aylık;U_MKTS;Motorlu Kara Taşıtları Sayısı;M07;Temmuz;_U;Bilinmeyen;PN;Sayı;2025-07;35426;;;;;;;;;;;;
TR;Türkiye;M;Aylık;U_MKTS;Motorlu Kara Taşıtları Sayısı;M07;Temmuz;_U;Bilinmeyen;PN;Sayı;2024-07;35312;;;;;;;;;;;;
TR;Türkiye;M;Aylık;U_MKTS;Motorlu Kara Taşıtları Sayısı;M07;Temmuz;_U;Bilinmeyen;PN;Sayı;2023-07;35467;;;;;;;;;;;;
TR;Türkiye;M;Aylık;U_MKTS;Motorlu Kara Taşıtları Sayısı;M07;Temmuz;_U;Bilinmeyen;PN;Sayı;2022-07;35715;;;;;;;;;;;;
TR;Türkiye;M;Aylık;U_MKTS;Motorlu Kara Taşıtları Sayısı;M07;Temmuz;_U;Bilinmeyen;PN;Sayı;2021-07;36137;;;;;;;;;;;;
TR;Türkiye;M;Aylık;U_MKTS;Motorlu Kara Taşıtları Sayısı;M07;Temmuz;_U;Bilinmeyen;PN;Sayı;2020-07;36376;;;;;;;;;;;;
TR;Türkiye;M;Aylık;U_MKTS;Motorlu Kara Taşıtları Sayısı;M07;Temmuz;_U;Bilinmeyen;PN;Sayı;2019-07;36990;;;;;;;;;;;;
TR;Türkiye;M;Aylık;U_MKTS;Motorlu Kara Taşıtları Sayısı;M07;Temmuz;_U;Bilinmeyen;PN;Sayı;2018-07;39994;;;;;;;;;;;;
TR;Türkiye;M;Aylık;U_MKTS;Motorlu Kara Taşıtları Sayısı;M07;Temmuz;_U;Bilinmeyen;PN;Sayı;2017-07;41336;;;;;;;;;;;;
TR;Türkiye;M;Aylık;U_MKTS;Motorlu Kara Taşıtları Sayısı;M07;Temmuz;_U;Bilinmeyen;PN;Sayı;2016-07;42158;;;;;;;;;;;;
TR;Türkiye;M;Aylık;U_MKTS;Motorlu Kara Taşıtları Sayısı;M07;Temmuz;_U;Bilinmeyen;PN;Sayı;2015-07;43217;;;;;;;;;;;;
TR;Türkiye;M;Aylık;U_MKTS;Motorlu Kara Taşıtları Sayısı;M07;Temmuz;_U;Bilinmeyen;PN;Sayı;2014-07;44141;;;;;;;;;;;;
TR;Türkiye;M;Aylık;U_MKTS;Motorlu Kara Taşıtları Sayısı;M07;Temmuz;_U;Bilinmeyen;PN;Sayı;2013-07;46541;;;;;;;;;;;;
TR;Türkiye;M;Aylık;U_MKTS;Motorlu Kara Taşıtları Sayısı;M07;Temmuz;_U;Bilinmeyen;PN;Sayı;2012-07;50952;;;;;;;;;;;;
TR;Türkiye;M;Aylık;U_MKTS;Motorlu Kara Taşıtları Sayısı;M07;Temmuz;_U;Bilinmeyen;PN;Sayı;2011-07;64952;;;;;;;;;;;;
TR;Türkiye;M;Aylık;U_MKTS;Motorlu Kara Taşıtları Sayısı;M07;Temmuz;_U;Bilinmeyen;PN;Sayı;2010-07;75883;;;;;;;;;;;;
TR;Türkiye;M;Aylık;U_MKTS;Motorlu Kara Taşıtları Sayısı;M07;Temmuz;_U;Bilinmeyen;PN;Sayı;2009-07;88086;;;;;;;;;;;;
TR;Türkiye;M;Aylık;U_MKTS;Motorlu Kara Taşıtları Sayısı;M07;Temmuz;_U;Bilinmeyen;PN;Sayı;2008-07;150827;;;;;;;;;;;;
TR;Türkiye;M;Aylık;U_MKTS;Motorlu Kara Taşıtları Sayısı;M07;Temmuz;_U;Bilinmeyen;PN;Sayı;2007-07;177060;;;;;;;;;;;;
TR;Türkiye;M;Aylık;U_MKTS;Motorlu Kara Taşıtları Sayısı;M07;Temmuz;_U;Bilinmeyen;PN;Sayı;2006-07;209254;;;;;;;;;;;;
TR;Türkiye;M;Aylık;U_MKTS;Motorlu Kara Taşıtları Sayısı;M07;Temmuz;_U;Bilinmeyen;PN;Sayı;2005-07;260352;;;;;;;;;;;;
TR;Türkiye;M;Aylık;U_MKTS;Motorlu Kara Taşıtları Sayısı;M08;Ağustos;_T;Toplam;PT;Yüzde;2025-08;100;;;;;;;;;;;;
TR;Türkiye;M;Aylık;U_MKTS;Motorlu Kara Taşıtları Sayısı;M08;Ağustos;_T;Toplam;PT;Yüzde;2024-08;100;;;;;;;;;;;;
TR;Türkiye;M;Aylık;U_MKTS;Motorlu Kara Taşıtları Sayısı;M08;Ağustos;_T;Toplam;PT;Yüzde;2023-08;100;;;;;;;;;;;;
TR;Türkiye;M;Aylık;U_MKTS;Motorlu Kara Taşıtları Sayısı;M08;Ağustos;_T;Toplam;PT;Yüzde;2022-08;100;;;;;;;;;;;;
TR;Türkiye;M;Aylık;U_MKTS;Motorlu Kara Taşıtları Sayısı;M08;Ağustos;_T;Toplam;PT;Yüzde;2021-08;100;;;;;;;;;;;;
TR;Türkiye;M;Aylık;U_MKTS;Motorlu Kara Taşıtları Sayısı;M08;Ağustos;_T;Toplam;PT;Yüzde;2020-08;100;;;;;;;;;;;;
TR;Türkiye;M;Aylık;U_MKTS;Motorlu Kara Taşıtları Sayısı;M08;Ağustos;_T;Toplam;PT;Yüzde;2019-08;100;;;;;;;;;;;;
TR;Türkiye;M;Aylık;U_MKTS;Motorlu Kara Taşıtları Sayısı;M08;Ağustos;_T;Toplam;PT;Yüzde;2018-08;100;;;;;;;;;;;;
TR;Türkiye;M;Aylık;U_MKTS;Motorlu Kara Taşıtları Sayısı;M08;Ağustos;_T;Toplam;PT;Yüzde;2017-08;100;;;;;;;;;;;;
TR;Türkiye;M;Aylık;U_MKTS;Motorlu Kara Taşıtları Sayısı;M08;Ağustos;_T;Toplam;PT;Yüzde;2016-08;100;;;;;;;;;;;;
TR;Türkiye;M;Aylık;U_MKTS;Motorlu Kara Taşıtları Sayısı;M08;Ağustos;_T;Toplam;PT;Yüzde;2015-08;100;;;;;;;;;;;;
TR;Türkiye;M;Aylık;U_MKTS;Motorlu Kara Taşıtları Sayısı;M08;Ağustos;_T;Toplam;PT;Yüzde;2014-08;100;;;;;;;;;;;;
TR;Türkiye;M;Aylık;U_MKTS;Motorlu Kara Taşıtları Sayısı;M08;Ağustos;_T;Toplam;PT;Yüzde;2013-08;100;;;;;;;;;;;;
TR;Türkiye;M;Aylık;U_MKTS;Motorlu Kara Taşıtları Sayısı;M08;Ağustos;_T;Toplam;PT;Yüzde;2012-08;100;;;;;;;;;;;;
TR;Türkiye;M;Aylık;U_MKTS;Motorlu Kara Taşıtları Sayısı;M08;Ağustos;_T;Toplam;PT;Yüzde;2011-08;100;;;;;;;;;;;;
TR;Türkiye;M;Aylık;U_MKTS;Motorlu Kara Taşıtları Sayısı;M08;Ağustos;_T;Toplam;PT;Yüzde;2010-08;100;;;;;;;;;;;;
TR;Türkiye;M;Aylık;U_MKTS;Motorlu Kara Taşıtları Sayısı;M08;Ağustos;_T;Toplam;PT;Yüzde;2009-08;100;;;;;;;;;;;;
TR;Türkiye;M;Aylık;U_MKTS;Motorlu Kara Taşıtları Sayısı;M08;Ağustos;_T;Toplam;PT;Yüzde;2008-08;100;;;;;;;;;;;;
TR;Türkiye;M;Aylık;U_MKTS;Motorlu Kara Taşıtları Sayısı;M08;Ağustos;_T;Toplam;PT;Yüzde;2007-08;100;;;;;;;;;;;;
TR;Türkiye;M;Aylık;U_MKTS;Motorlu Kara Taşıtları Sayısı;M08;Ağustos;_T;Toplam;PT;Yüzde;2006-08;100;;;;;;;;;;;;
TR;Türkiye;M;Aylık;U_MKTS;Motorlu Kara Taşıtları Sayısı;M08;Ağustos;_T;Toplam;PT;Yüzde;2005-08;100;;;;;;;;;;;;
TR;Türkiye;M;Aylık;U_MKTS;Motorlu Kara Taşıtları Sayısı;M08;Ağustos;_T;Toplam;PN;Sayı;2025-08;16944312;;;;;;;;;;;;
TR;Türkiye;M;Aylık;U_MKTS;Motorlu Kara Taşıtları Sayısı;M08;Ağustos;_T;Toplam;PN;Sayı;2024-08;15901404;;;;;;;;;;;;
TR;Türkiye;M;Aylık;U_MKTS;Motorlu Kara Taşıtları Sayısı;M08;Ağustos;_T;Toplam;PN;Sayı;2023-08;14892825;;;;;;;;;;;;
TR;Türkiye;M;Aylık;U_MKTS;Motorlu Kara Taşıtları Sayısı;M08;Ağustos;_T;Toplam;PN;Sayı;2022-08;14074317;;;;;;;;;;;;
TR;Türkiye;M;Aylık;U_MKTS;Motorlu Kara Taşıtları Sayısı;M08;Ağustos;_T;Toplam;PN;Sayı;2021-08;13547020;;;;;;;;;;;;
TR;Türkiye;M;Aylık;U_MKTS;Motorlu Kara Taşıtları Sayısı;M08;Ağustos;_T;Toplam;PN;Sayı;2020-08;12853573;;;;;;;;;;;;
TR;Türkiye;M;Aylık;U_MKTS;Motorlu Kara Taşıtları Sayısı;M08;Ağustos;_T;Toplam;PN;Sayı;2019-08;12505020;;;;;;;;;;;;
TR;Türkiye;M;Aylık;U_MKTS;Motorlu Kara Taşıtları Sayısı;M08;Ağustos;_T;Toplam;PN;Sayı;2018-08;12352497;;;;;;;;;;;;
TR;Türkiye;M;Aylık;U_MKTS;Motorlu Kara Taşıtları Sayısı;M08;Ağustos;_T;Toplam;PN;Sayı;2017-08;11802713;;;;;;;;;;;;
TR;Türkiye;M;Aylık;U_MKTS;Motorlu Kara Taşıtları Sayısı;M08;Ağustos;_T;Toplam;PN;Sayı;2016-08;11064655;;;;;;;;;;;;
TR;Türkiye;M;Aylık;U_MKTS;Motorlu Kara Taşıtları Sayısı;M08;Ağustos;_T;Toplam;PN;Sayı;2015-08;10365257;;;;;;;;;;;;
TR;Türkiye;M;Aylık;U_MKTS;Motorlu Kara Taşıtları Sayısı;M08;Ağustos;_T;Toplam;PN;Sayı;2014-08;9659550;;;;;;;;;;;;
TR;Türkiye;M;Aylık;U_MKTS;Motorlu Kara Taşıtları Sayısı;M08;Ağustos;_T;Toplam;PN;Sayı;2013-08;9073773;;;;;;;;;;;;
TR;Türkiye;M;Aylık;U_MKTS;Motorlu Kara Taşıtları Sayısı;M08;Ağustos;_T;Toplam;PN;Sayı;2012-08;8478001;;;;;;;;;;;;
TR;Türkiye;M;Aylık;U_MKTS;Motorlu Kara Taşıtları Sayısı;M08;Ağustos;_T;Toplam;PN;Sayı;2011-08;7955365;;;;;;;;;;;;
TR;Türkiye;M;Aylık;U_MKTS;Motorlu Kara Taşıtları Sayısı;M08;Ağustos;_T;Toplam;PN;Sayı;2010-08;7374747;;;;;;;;;;;;
TR;Türkiye;M;Aylık;U_MKTS;Motorlu Kara Taşıtları Sayısı;M08;Ağustos;_T;Toplam;PN;Sayı;2009-08;6995474;;;;;;;;;;;;
TR;Türkiye;M;Aylık;U_MKTS;Motorlu Kara Taşıtları Sayısı;M08;Ağustos;_T;Toplam;PN;Sayı;2008-08;6715463;;;;;;;;;;;;
TR;Türkiye;M;Aylık;U_MKTS;Motorlu Kara Taşıtları Sayısı;M08;Ağustos;_T;Toplam;PN;Sayı;2007-08;6346121;;;;;;;;;;;;
TR;Türkiye;M;Aylık;U_MKTS;Motorlu Kara Taşıtları Sayısı;M08;Ağustos;_T;Toplam;PN;Sayı;2006-08;6039374;;;;;;;;;;;;
TR;Türkiye;M;Aylık;U_MKTS;Motorlu Kara Taşıtları Sayısı;M08;Ağustos;_T;Toplam;PN;Sayı;2005-08;5624046;;;;;;;;;;;;
TR;Türkiye;M;Aylık;U_MKTS;Motorlu Kara Taşıtları Sayısı;M08;Ağustos;1;Benzinli;PT;Yüzde;2025-08;30.67;;;;;;;;;;;;
TR;Türkiye;M;Aylık;U_MKTS;Motorlu Kara Taşıtları Sayısı;M08;Ağustos;1;Benzinli;PT;Yüzde;2024-08;29.91;;;;;;;;;;;;
TR;Türkiye;M;Aylık;U_MKTS;Motorlu Kara Taşıtları Sayısı;M08;Ağustos;1;Benzinli;PT;Yüzde;2023-08;28.13;;;;;;;;;;;;
TR;Türkiye;M;Aylık;U_MKTS;Motorlu Kara Taşıtları Sayısı;M08;Ağustos;1;Benzinli;PT;Yüzde;2022-08;26.37;;;;;;;;;;;;
TR;Türkiye;M;Aylık;U_MKTS;Motorlu Kara Taşıtları Sayısı;M08;Ağustos;1;Benzinli;PT;Yüzde;2021-08;25.23;;;;;;;;;;;;
TR;Türkiye;M;Aylık;U_MKTS;Motorlu Kara Taşıtları Sayısı;M08;Ağustos;1;Benzinli;PT;Yüzde;2020-08;24.22;;;;;;;;;;;;
TR;Türkiye;M;Aylık;U_MKTS;Motorlu Kara Taşıtları Sayısı;M08;Ağustos;1;Benzinli;PT;Yüzde;2019-08;24.36;;;;;;;;;;;;
TR;Türkiye;M;Aylık;U_MKTS;Motorlu Kara Taşıtları Sayısı;M08;Ağustos;1;Benzinli;PT;Yüzde;2018-08;25.24;;;;;;;;;;;;
TR;Türkiye;M;Aylık;U_MKTS;Motorlu Kara Taşıtları Sayısı;M08;Ağustos;1;Benzinli;PT;Yüzde;2017-08;26.15;;;;;;;;;;;;
TR;Türkiye;M;Aylık;U_MKTS;Motorlu Kara Taşıtları Sayısı;M08;Ağustos;1;Benzinli;PT;Yüzde;2016-08;27;;;;;;;;;;;;
TR;Türkiye;M;Aylık;U_MKTS;Motorlu Kara Taşıtları Sayısı;M08;Ağustos;1;Benzinli;PT;Yüzde;2015-08;27.99;;;;;;;;;;;;
TR;Türkiye;M;Aylık;U_MKTS;Motorlu Kara Taşıtları Sayısı;M08;Ağustos;1;Benzinli;PT;Yüzde;2014-08;29.58;;;;;;;;;;;;
TR;Türkiye;M;Aylık;U_MKTS;Motorlu Kara Taşıtları Sayısı;M08;Ağustos;1;Benzinli;PT;Yüzde;2013-08;31.91;;;;;;;;;;;;
TR;Türkiye;M;Aylık;U_MKTS;Motorlu Kara Taşıtları Sayısı;M08;Ağustos;1;Benzinli;PT;Yüzde;2012-08;34.96;;;;;;;;;;;;
TR;Türkiye;M;Aylık;U_MKTS;Motorlu Kara Taşıtları Sayısı;M08;Ağustos;1;Benzinli;PT;Yüzde;2011-08;38.79;;;;;;;;;;;;
TR;Türkiye;M;Aylık;U_MKTS;Motorlu Kara Taşıtları Sayısı;M08;Ağustos;1;Benzinli;PT;Yüzde;2010-08;43.84;;;;;;;;;;;;
TR;Türkiye;M;Aylık;U_MKTS;Motorlu Kara Taşıtları Sayısı;M08;Ağustos;1;Benzinli;PT;Yüzde;2009-08;49.04;;;;;;;;;;;;
TR;Türkiye;M;Aylık;U_MKTS;Motorlu Kara Taşıtları Sayısı;M08;Ağustos;1;Benzinli;PT;Yüzde;2008-08;53.22;;;;;;;;;;;;
TR;Türkiye;M;Aylık;U_MKTS;Motorlu Kara Taşıtları Sayısı;M08;Ağustos;1;Benzinli;PT;Yüzde;2007-08;59.11;;;;;;;;;;;;
TR;Türkiye;M;Aylık;U_MKTS;Motorlu Kara Taşıtları Sayısı;M08;Ağustos;1;Benzinli;PT;Yüzde;2006-08;64.04;;;;;;;;;;;;
TR;Türkiye;M;Aylık;U_MKTS;Motorlu Kara Taşıtları Sayısı;M08;Ağustos;1;Benzinli;PT;Yüzde;2005-08;69.22;;;;;;;;;;;;
TR;Türkiye;M;Aylık;U_MKTS;Motorlu Kara Taşıtları Sayısı;M08;Ağustos;1;Benzinli;PN;Sayı;2025-08;5196784;;;;;;;;;;;;
TR;Türkiye;M;Aylık;U_MKTS;Motorlu Kara Taşıtları Sayısı;M08;Ağustos;1;Benzinli;PN;Sayı;2024-08;4756092;;;;;;;;;;;;
TR;Türkiye;M;Aylık;U_MKTS;Motorlu Kara Taşıtları Sayısı;M08;Ağustos;1;Benzinli;PN;Sayı;2023-08;4189205;;;;;;;;;;;;
TR;Türkiye;M;Aylık;U_MKTS;Motorlu Kara Taşıtları Sayısı;M08;Ağustos;1;Benzinli;PN;Sayı;2022-08;3711011;;;;;;;;;;;;
TR;Türkiye;M;Aylık;U_MKTS;Motorlu Kara Taşıtları Sayısı;M08;Ağustos;1;Benzinli;PN;Sayı;2021-08;3417477;;;;;;;;;;;;
TR;Türkiye;M;Aylık;U_MKTS;Motorlu Kara Taşıtları Sayısı;M08;Ağustos;1;Benzinli;PN;Sayı;2020-08;3113077;;;;;;;;;;;;
TR;Türkiye;M;Aylık;U_MKTS;Motorlu Kara Taşıtları Sayısı;M08;Ağustos;1;Benzinli;PN;Sayı;2019-08;3046523;;;;;;;;;;;;
TR;Türkiye;M;Aylık;U_MKTS;Motorlu Kara Taşıtları Sayısı;M08;Ağustos;1;Benzinli;PN;Sayı;2018-08;3117997;;;;;;;;;;;;
TR;Türkiye;M;Aylık;U_MKTS;Motorlu Kara Taşıtları Sayısı;M08;Ağustos;1;Benzinli;PN;Sayı;2017-08;3086376;;;;;;;;;;;;
TR;Türkiye;M;Aylık;U_MKTS;Motorlu Kara Taşıtları Sayısı;M08;Ağustos;1;Benzinli;PN;Sayı;2016-08;2987658;;;;;;;;;;;;
TR;Türkiye;M;Aylık;U_MKTS;Motorlu Kara Taşıtları Sayısı;M08;Ağustos;1;Benzinli;PN;Sayı;2015-08;2901453;;;;;;;;;;;;
TR;Türkiye;M;Aylık;U_MKTS;Motorlu Kara Taşıtları Sayısı;M08;Ağustos;1;Benzinli;PN;Sayı;2014-08;2857726;;;;;;;;;;;;
TR;Türkiye;M;Aylık;U_MKTS;Motorlu Kara Taşıtları Sayısı;M08;Ağustos;1;Benzinli;PN;Sayı;2013-08;2895186;;;;;;;;;;;;
TR;Türkiye;M;Aylık;U_MKTS;Motorlu Kara Taşıtları Sayısı;M08;Ağustos;1;Benzinli;PN;Sayı;2012-08;2963611;;;;;;;;;;;;
TR;Türkiye;M;Aylık;U_MKTS;Motorlu Kara Taşıtları Sayısı;M08;Ağustos;1;Benzinli;PN;Sayı;2011-08;3086185;;;;;;;;;;;;
TR;Türkiye;M;Aylık;U_MKTS;Motorlu Kara Taşıtları Sayısı;M08;Ağustos;1;Benzinli;PN;Sayı;2010-08;3232872;;;;;;;;;;;;
TR;Türkiye;M;Aylık;U_MKTS;Motorlu Kara Taşıtları Sayısı;M08;Ağustos;1;Benzinli;PN;Sayı;2009-08;3430792;;;;;;;;;;;;
TR;Türkiye;M;Aylık;U_MKTS;Motorlu Kara Taşıtları Sayısı;M08;Ağustos;1;Benzinli;PN;Sayı;2008-08;3574166;;;;;;;;;;;;
TR;Türkiye;M;Aylık;U_MKTS;Motorlu Kara Taşıtları Sayısı;M08;Ağustos;1;Benzinli;PN;Sayı;2007-08;3751025;;;;;;;;;;;;
TR;Türkiye;M;Aylık;U_MKTS;Motorlu Kara Taşıtları Sayısı;M08;Ağustos;1;Benzinli;PN;Sayı;2006-08;3867416;;;;;;;;;;;;
TR;Türkiye;M;Aylık;U_MKTS;Motorlu Kara Taşıtları Sayısı;M08;Ağustos;1;Benzinli;PN;Sayı;2005-08;3892720;;;;;;;;;;;;
TR;Türkiye;M;Aylık;U_MKTS;Motorlu Kara Taşıtları Sayısı;M08;Ağustos;2;Dizel;PT;Yüzde;2025-08;33.13;;;;;;;;;;;;
TR;Türkiye;M;Aylık;U_MKTS;Motorlu Kara Taşıtları Sayısı;M08;Ağustos;2;Dizel;PT;Yüzde;2024-08;34.66;;;;;;;;;;;;
TR;Türkiye;M;Aylık;U_MKTS;Motorlu Kara Taşıtları Sayısı;M08;Ağustos;2;Dizel;PT;Yüzde;2023-08;36.14;;;;;;;;;;;;
TR;Türkiye;M;Aylık;U_MKTS;Motorlu Kara Taşıtları Sayısı;M08;Ağustos;2;Dizel;PT;Yüzde;2022-08;37.13;;;;;;;;;;;;
TR;Türkiye;M;Aylık;U_MKTS;Motorlu Kara Taşıtları Sayısı;M08;Ağustos;2;Dizel;PT;Yüzde;2021-08;37.84;;;;;;;;;;;;
TR;Türkiye;M;Aylık;U_MKTS;Motorlu Kara Taşıtları Sayısı;M08;Ağustos;2;Dizel;PT;Yüzde;2020-08;38.28;;;;;;;;;;;;
TR;Türkiye;M;Aylık;U_MKTS;Motorlu Kara Taşıtları Sayısı;M08;Ağustos;2;Dizel;PT;Yüzde;2019-08;37.56;;;;;;;;;;;;
TR;Türkiye;M;Aylık;U_MKTS;Motorlu Kara Taşıtları Sayısı;M08;Ağustos;2;Dizel;PT;Yüzde;2018-08;36.46;;;;;;;;;;;;
TR;Türkiye;M;Aylık;U_MKTS;Motorlu Kara Taşıtları Sayısı;M08;Ağustos;2;Dizel;PT;Yüzde;2017-08;34.84;;;;;;;;;;;;
TR;Türkiye;M;Aylık;U_MKTS;Motorlu Kara Taşıtları Sayısı;M08;Ağustos;2;Dizel;PT;Yüzde;2016-08;33.02;;;;;;;;;;;;
TR;Türkiye;M;Aylık;U_MKTS;Motorlu Kara Taşıtları Sayısı;M08;Ağustos;2;Dizel;PT;Yüzde;2015-08;30.94;;;;;;;;;;;;
TR;Türkiye;M;Aylık;U_MKTS;Motorlu Kara Taşıtları Sayısı;M08;Ağustos;2;Dizel;PT;Yüzde;2014-08;28.51;;;;;;;;;;;;
TR;Türkiye;M;Aylık;U_MKTS;Motorlu Kara Taşıtları Sayısı;M08;Ağustos;2;Dizel;PT;Yüzde;2013-08;26.Ara;;;;;;;;;;;;
TR;Türkiye;M;Aylık;U_MKTS;Motorlu Kara Taşıtları Sayısı;M08;Ağustos;2;Dizel;PT;Yüzde;2012-08;23.51;;;;;;;;;;;;
TR;Türkiye;M;Aylık;U_MKTS;Motorlu Kara Taşıtları Sayısı;M08;Ağustos;2;Dizel;PT;Yüzde;2011-08;20.75;;;;;;;;;;;;
TR;Türkiye;M;Aylık;U_MKTS;Motorlu Kara Taşıtları Sayısı;M08;Ağustos;2;Dizel;PT;Yüzde;2010-08;17.32;;;;;;;;;;;;
TR;Türkiye;M;Aylık;U_MKTS;Motorlu Kara Taşıtları Sayısı;M08;Ağustos;2;Dizel;PT;Yüzde;2009-08;15.14;;;;;;;;;;;;
TR;Türkiye;M;Aylık;U_MKTS;Motorlu Kara Taşıtları Sayısı;M08;Ağustos;2;Dizel;PT;Yüzde;2008-08;13.41;;;;;;;;;;;;
TR;Türkiye;M;Aylık;U_MKTS;Motorlu Kara Taşıtları Sayısı;M08;Ağustos;2;Dizel;PT;Yüzde;2007-08;Eki.95;;;;;;;;;;;;
TR;Türkiye;M;Aylık;U_MKTS;Motorlu Kara Taşıtları Sayısı;M08;Ağustos;2;Dizel;PT;Yüzde;2006-08;Ağu.78;;;;;;;;;;;;
TR;Türkiye;M;Aylık;U_MKTS;Motorlu Kara Taşıtları Sayısı;M08;Ağustos;2;Dizel;PT;Yüzde;2005-08;May.89;;;;;;;;;;;;
TR;Türkiye;M;Aylık;U_MKTS;Motorlu Kara Taşıtları Sayısı;M08;Ağustos;2;Dizel;PN;Sayı;2025-08;5612892;;;;;;;;;;;;
TR;Türkiye;M;Aylık;U_MKTS;Motorlu Kara Taşıtları Sayısı;M08;Ağustos;2;Dizel;PN;Sayı;2024-08;5511615;;;;;;;;;;;;
TR;Türkiye;M;Aylık;U_MKTS;Motorlu Kara Taşıtları Sayısı;M08;Ağustos;2;Dizel;PN;Sayı;2023-08;5382520;;;;;;;;;;;;
TR;Türkiye;M;Aylık;U_MKTS;Motorlu Kara Taşıtları Sayısı;M08;Ağustos;2;Dizel;PN;Sayı;2022-08;5225914;;;;;;;;;;;;
TR;Türkiye;M;Aylık;U_MKTS;Motorlu Kara Taşıtları Sayısı;M08;Ağustos;2;Dizel;PN;Sayı;2021-08;5126831;;;;;;;;;;;;
TR;Türkiye;M;Aylık;U_MKTS;Motorlu Kara Taşıtları Sayısı;M08;Ağustos;2;Dizel;PN;Sayı;2020-08;4920739;;;;;;;;;;;;
TR;Türkiye;M;Aylık;U_MKTS;Motorlu Kara Taşıtları Sayısı;M08;Ağustos;2;Dizel;PN;Sayı;2019-08;4696664;;;;;;;;;;;;
TR;Türkiye;M;Aylık;U_MKTS;Motorlu Kara Taşıtları Sayısı;M08;Ağustos;2;Dizel;PN;Sayı;2018-08;4503692;;;;;;;;;;;;
TR;Türkiye;M;Aylık;U_MKTS;Motorlu Kara Taşıtları Sayısı;M08;Ağustos;2;Dizel;PN;Sayı;2017-08;4112442;;;;;;;;;;;;
TR;Türkiye;M;Aylık;U_MKTS;Motorlu Kara Taşıtları Sayısı;M08;Ağustos;2;Dizel;PN;Sayı;2016-08;3653257;;;;;;;;;;;;
TR;Türkiye;M;Aylık;U_MKTS;Motorlu Kara Taşıtları Sayısı;M08;Ağustos;2;Dizel;PN;Sayı;2015-08;3207136;;;;;;;;;;;;
TR;Türkiye;M;Aylık;U_MKTS;Motorlu Kara Taşıtları Sayısı;M08;Ağustos;2;Dizel;PN;Sayı;2014-08;2754310;;;;;;;;;;;;
TR;Türkiye;M;Aylık;U_MKTS;Motorlu Kara Taşıtları Sayısı;M08;Ağustos;2;Dizel;PN;Sayı;2013-08;2369654;;;;;;;;;;;;
TR;Türkiye;M;Aylık;U_MKTS;Motorlu Kara Taşıtları Sayısı;M08;Ağustos;2;Dizel;PN;Sayı;2012-08;1992780;;;;;;;;;;;;
TR;Türkiye;M;Aylık;U_MKTS;Motorlu Kara Taşıtları Sayısı;M08;Ağustos;2;Dizel;PN;Sayı;2011-08;1650777;;;;;;;;;;;;
TR;Türkiye;M;Aylık;U_MKTS;Motorlu Kara Taşıtları Sayısı;M08;Ağustos;2;Dizel;PN;Sayı;2010-08;1277014;;;;;;;;;;;;
TR;Türkiye;M;Aylık;U_MKTS;Motorlu Kara Taşıtları Sayısı;M08;Ağustos;2;Dizel;PN;Sayı;2009-08;1059247;;;;;;;;;;;;
TR;Türkiye;M;Aylık;U_MKTS;Motorlu Kara Taşıtları Sayısı;M08;Ağustos;2;Dizel;PN;Sayı;2008-08;900398;;;;;;;;;;;;
TR;Türkiye;M;Aylık;U_MKTS;Motorlu Kara Taşıtları Sayısı;M08;Ağustos;2;Dizel;PN;Sayı;2007-08;695029;;;;;;;;;;;;
TR;Türkiye;M;Aylık;U_MKTS;Motorlu Kara Taşıtları Sayısı;M08;Ağustos;2;Dizel;PN;Sayı;2006-08;529958;;;;;;;;;;;;
TR;Türkiye;M;Aylık;U_MKTS;Motorlu Kara Taşıtları Sayısı;M08;Ağustos;2;Dizel;PN;Sayı;2005-08;331173;;;;;;;;;;;;
TR;Türkiye;M;Aylık;U_MKTS;Motorlu Kara Taşıtları Sayısı;M08;Ağustos;6;LPG;PT;Yüzde;2025-08;30.75;;;;;;;;;;;;
TR;Türkiye;M;Aylık;U_MKTS;Motorlu Kara Taşıtları Sayısı;M08;Ağustos;6;LPG;PT;Yüzde;2024-08;32.35;;;;;;;;;;;;
TR;Türkiye;M;Aylık;U_MKTS;Motorlu Kara Taşıtları Sayısı;M08;Ağustos;6;LPG;PT;Yüzde;2023-08;33.94;;;;;;;;;;;;
TR;Türkiye;M;Aylık;U_MKTS;Motorlu Kara Taşıtları Sayısı;M08;Ağustos;6;LPG;PT;Yüzde;2022-08;35.33;;;;;;;;;;;;
TR;Türkiye;M;Aylık;U_MKTS;Motorlu Kara Taşıtları Sayısı;M08;Ağustos;6;LPG;PT;Yüzde;2021-08;36.11;;;;;;;;;;;;
TR;Türkiye;M;Aylık;U_MKTS;Motorlu Kara Taşıtları Sayısı;M08;Ağustos;6;LPG;PT;Yüzde;2020-08;37.02;;;;;;;;;;;;
TR;Türkiye;M;Aylık;U_MKTS;Motorlu Kara Taşıtları Sayısı;M08;Ağustos;6;LPG;PT;Yüzde;2019-08;37.7;;;;;;;;;;;;
TR;Türkiye;M;Aylık;U_MKTS;Motorlu Kara Taşıtları Sayısı;M08;Ağustos;6;LPG;PT;Yüzde;2018-08;37.94;;;;;;;;;;;;
TR;Türkiye;M;Aylık;U_MKTS;Motorlu Kara Taşıtları Sayısı;M08;Ağustos;6;LPG;PT;Yüzde;2017-08;38.65;;;;;;;;;;;;
TR;Türkiye;M;Aylık;U_MKTS;Motorlu Kara Taşıtları Sayısı;M08;Ağustos;6;LPG;PT;Yüzde;2016-08;39.59;;;;;;;;;;;;
TR;Türkiye;M;Aylık;U_MKTS;Motorlu Kara Taşıtları Sayısı;M08;Ağustos;6;LPG;PT;Yüzde;2015-08;40.64;;;;;;;;;;;;
TR;Türkiye;M;Aylık;U_MKTS;Motorlu Kara Taşıtları Sayısı;M08;Ağustos;6;LPG;PT;Yüzde;2014-08;41.44;;;;;;;;;;;;
TR;Türkiye;M;Aylık;U_MKTS;Motorlu Kara Taşıtları Sayısı;M08;Ağustos;6;LPG;PT;Yüzde;2013-08;41.46;;;;;;;;;;;;
TR;Türkiye;M;Aylık;U_MKTS;Motorlu Kara Taşıtları Sayısı;M08;Ağustos;6;LPG;PT;Yüzde;2012-08;40.94;;;;;;;;;;;;
TR;Türkiye;M;Aylık;U_MKTS;Motorlu Kara Taşıtları Sayısı;M08;Ağustos;6;LPG;PT;Yüzde;2011-08;39.65;;;;;;;;;;;;
TR;Türkiye;M;Aylık;U_MKTS;Motorlu Kara Taşıtları Sayısı;M08;Ağustos;6;LPG;PT;Yüzde;2010-08;37.83;;;;;;;;;;;;
TR;Türkiye;M;Aylık;U_MKTS;Motorlu Kara Taşıtları Sayısı;M08;Ağustos;6;LPG;PT;Yüzde;2009-08;34.58;;;;;;;;;;;;
TR;Türkiye;M;Aylık;U_MKTS;Motorlu Kara Taşıtları Sayısı;M08;Ağustos;6;LPG;PT;Yüzde;2008-08;31.17;;;;;;;;;;;;
TR;Türkiye;M;Aylık;U_MKTS;Motorlu Kara Taşıtları Sayısı;M08;Ağustos;6;LPG;PT;Yüzde;2007-08;27.18;;;;;;;;;;;;
TR;Türkiye;M;Aylık;U_MKTS;Motorlu Kara Taşıtları Sayısı;M08;Ağustos;6;LPG;PT;Yüzde;2006-08;23.77;;;;;;;;;;;;
TR;Türkiye;M;Aylık;U_MKTS;Motorlu Kara Taşıtları Sayısı;M08;Ağustos;6;LPG;PT;Yüzde;2005-08;20.34;;;;;;;;;;;;
TR;Türkiye;M;Aylık;U_MKTS;Motorlu Kara Taşıtları Sayısı;M08;Ağustos;6;LPG;PN;Sayı;2025-08;5210152;;;;;;;;;;;;
TR;Türkiye;M;Aylık;U_MKTS;Motorlu Kara Taşıtları Sayısı;M08;Ağustos;6;LPG;PN;Sayı;2024-08;5144648;;;;;;;;;;;;
TR;Türkiye;M;Aylık;U_MKTS;Motorlu Kara Taşıtları Sayısı;M08;Ağustos;6;LPG;PN;Sayı;2023-08;5055285;;;;;;;;;;;;
TR;Türkiye;M;Aylık;U_MKTS;Motorlu Kara Taşıtları Sayısı;M08;Ağustos;6;LPG;PN;Sayı;2022-08;4973043;;;;;;;;;;;;
TR;Türkiye;M;Aylık;U_MKTS;Motorlu Kara Taşıtları Sayısı;M08;Ağustos;6;LPG;PN;Sayı;2021-08;4891707;;;;;;;;;;;;
TR;Türkiye;M;Aylık;U_MKTS;Motorlu Kara Taşıtları Sayısı;M08;Ağustos;6;LPG;PN;Sayı;2020-08;4757860;;;;;;;;;;;;
TR;Türkiye;M;Aylık;U_MKTS;Motorlu Kara Taşıtları Sayısı;M08;Ağustos;6;LPG;PN;Sayı;2019-08;4714126;;;;;;;;;;;;
TR;Türkiye;M;Aylık;U_MKTS;Motorlu Kara Taşıtları Sayısı;M08;Ağustos;6;LPG;PN;Sayı;2018-08;4686721;;;;;;;;;;;;
TR;Türkiye;M;Aylık;U_MKTS;Motorlu Kara Taşıtları Sayısı;M08;Ağustos;6;LPG;PN;Sayı;2017-08;4561218;;;;;;;;;;;;
TR;Türkiye;M;Aylık;U_MKTS;Motorlu Kara Taşıtları Sayısı;M08;Ağustos;6;LPG;PN;Sayı;2016-08;4380579;;;;;;;;;;;;
TR;Türkiye;M;Aylık;U_MKTS;Motorlu Kara Taşıtları Sayısı;M08;Ağustos;6;LPG;PN;Sayı;2015-08;4212763;;;;;;;;;;;;
TR;Türkiye;M;Aylık;U_MKTS;Motorlu Kara Taşıtları Sayısı;M08;Ağustos;6;LPG;PN;Sayı;2014-08;4003047;;;;;;;;;;;;
TR;Türkiye;M;Aylık;U_MKTS;Motorlu Kara Taşıtları Sayısı;M08;Ağustos;6;LPG;PN;Sayı;2013-08;3762179;;;;;;;;;;;;
TR;Türkiye;M;Aylık;U_MKTS;Motorlu Kara Taşıtları Sayısı;M08;Ağustos;6;LPG;PN;Sayı;2012-08;3470873;;;;;;;;;;;;
TR;Türkiye;M;Aylık;U_MKTS;Motorlu Kara Taşıtları Sayısı;M08;Ağustos;6;LPG;PN;Sayı;2011-08;3154173;;;;;;;;;;;;
TR;Türkiye;M;Aylık;U_MKTS;Motorlu Kara Taşıtları Sayısı;M08;Ağustos;6;LPG;PN;Sayı;2010-08;2789894;;;;;;;;;;;;
TR;Türkiye;M;Aylık;U_MKTS;Motorlu Kara Taşıtları Sayısı;M08;Ağustos;6;LPG;PN;Sayı;2009-08;2418926;;;;;;;;;;;;
TR;Türkiye;M;Aylık;U_MKTS;Motorlu Kara Taşıtları Sayısı;M08;Ağustos;6;LPG;PN;Sayı;2008-08;2093528;;;;;;;;;;;;
TR;Türkiye;M;Aylık;U_MKTS;Motorlu Kara Taşıtları Sayısı;M08;Ağustos;6;LPG;PN;Sayı;2007-08;1724812;;;;;;;;;;;;
TR;Türkiye;M;Aylık;U_MKTS;Motorlu Kara Taşıtları Sayısı;M08;Ağustos;6;LPG;PN;Sayı;2006-08;1435574;;;;;;;;;;;;
TR;Türkiye;M;Aylık;U_MKTS;Motorlu Kara Taşıtları Sayısı;M08;Ağustos;6;LPG;PN;Sayı;2005-08;1144003;;;;;;;;;;;;
TR;Türkiye;M;Aylık;U_MKTS;Motorlu Kara Taşıtları Sayısı;M08;Ağustos;20;Hibrit;PT;Yüzde;2025-08;Mar.43;;;;;;;;;;;;
TR;Türkiye;M;Aylık;U_MKTS;Motorlu Kara Taşıtları Sayısı;M08;Ağustos;20;Hibrit;PT;Yüzde;2024-08;Oca.99;;;;;;;;;;;;
TR;Türkiye;M;Aylık;U_MKTS;Motorlu Kara Taşıtları Sayısı;M08;Ağustos;20;Hibrit;PT;Yüzde;2023-08;Oca.27;;;;;;;;;;;;
TR;Türkiye;M;Aylık;U_MKTS;Motorlu Kara Taşıtları Sayısı;M08;Ağustos;20;Hibrit;PT;Yüzde;2022-08;0.84;;;;;;;;;;;;
TR;Türkiye;M;Aylık;U_MKTS;Motorlu Kara Taşıtları Sayısı;M08;Ağustos;20;Hibrit;PT;Yüzde;2021-08;0.52;;;;;;;;;;;;
TR;Türkiye;M;Aylık;U_MKTS;Motorlu Kara Taşıtları Sayısı;M08;Ağustos;20;Hibrit;PT;Yüzde;2020-08;0.19;;;;;;;;;;;;
TR;Türkiye;M;Aylık;U_MKTS;Motorlu Kara Taşıtları Sayısı;M08;Ağustos;20;Hibrit;PT;Yüzde;2019-08;0.08;;;;;;;;;;;;
TR;Türkiye;M;Aylık;U_MKTS;Motorlu Kara Taşıtları Sayısı;M08;Ağustos;20;Hibrit;PT;Yüzde;2018-08;0.03;;;;;;;;;;;;
TR;Türkiye;M;Aylık;U_MKTS;Motorlu Kara Taşıtları Sayısı;M08;Ağustos;20;Hibrit;PT;Yüzde;2017-08;0.01;;;;;;;;;;;;
TR;Türkiye;M;Aylık;U_MKTS;Motorlu Kara Taşıtları Sayısı;M08;Ağustos;20;Hibrit;PT;Yüzde;2016-08;0;;;;;;;;;;;;
TR;Türkiye;M;Aylık;U_MKTS;Motorlu Kara Taşıtları Sayısı;M08;Ağustos;20;Hibrit;PT;Yüzde;2015-08;0;;;;;;;;;;;;
TR;Türkiye;M;Aylık;U_MKTS;Motorlu Kara Taşıtları Sayısı;M08;Ağustos;20;Hibrit;PT;Yüzde;2014-08;0;;;;;;;;;;;;
TR;Türkiye;M;Aylık;U_MKTS;Motorlu Kara Taşıtları Sayısı;M08;Ağustos;20;Hibrit;PT;Yüzde;2013-08;0;;;;;;;;;;;;
TR;Türkiye;M;Aylık;U_MKTS;Motorlu Kara Taşıtları Sayısı;M08;Ağustos;20;Hibrit;PT;Yüzde;2012-08;0;;;;;;;;;;;;
TR;Türkiye;M;Aylık;U_MKTS;Motorlu Kara Taşıtları Sayısı;M08;Ağustos;20;Hibrit;PN;Sayı;2025-08;580771;;;;;;;;;;;;
TR;Türkiye;M;Aylık;U_MKTS;Motorlu Kara Taşıtları Sayısı;M08;Ağustos;20;Hibrit;PN;Sayı;2024-08;316742;;;;;;;;;;;;
TR;Türkiye;M;Aylık;U_MKTS;Motorlu Kara Taşıtları Sayısı;M08;Ağustos;20;Hibrit;PN;Sayı;2023-08;188969;;;;;;;;;;;;
TR;Türkiye;M;Aylık;U_MKTS;Motorlu Kara Taşıtları Sayısı;M08;Ağustos;20;Hibrit;PN;Sayı;2022-08;118746;;;;;;;;;;;;
TR;Türkiye;M;Aylık;U_MKTS;Motorlu Kara Taşıtları Sayısı;M08;Ağustos;20;Hibrit;PN;Sayı;2021-08;70428;;;;;;;;;;;;
TR;Türkiye;M;Aylık;U_MKTS;Motorlu Kara Taşıtları Sayısı;M08;Ağustos;20;Hibrit;PN;Sayı;2020-08;23914;;;;;;;;;;;;
TR;Türkiye;M;Aylık;U_MKTS;Motorlu Kara Taşıtları Sayısı;M08;Ağustos;20;Hibrit;PN;Sayı;2019-08;9682;;;;;;;;;;;;
TR;Türkiye;M;Aylık;U_MKTS;Motorlu Kara Taşıtları Sayısı;M08;Ağustos;20;Hibrit;PN;Sayı;2018-08;3249;;;;;;;;;;;;
TR;Türkiye;M;Aylık;U_MKTS;Motorlu Kara Taşıtları Sayısı;M08;Ağustos;20;Hibrit;PN;Sayı;2017-08;678;;;;;;;;;;;;
TR;Türkiye;M;Aylık;U_MKTS;Motorlu Kara Taşıtları Sayısı;M08;Ağustos;20;Hibrit;PN;Sayı;2016-08;440;;;;;;;;;;;;
TR;Türkiye;M;Aylık;U_MKTS;Motorlu Kara Taşıtları Sayısı;M08;Ağustos;20;Hibrit;PN;Sayı;2015-08;270;;;;;;;;;;;;
TR;Türkiye;M;Aylık;U_MKTS;Motorlu Kara Taşıtları Sayısı;M08;Ağustos;20;Hibrit;PN;Sayı;2014-08;93;;;;;;;;;;;;
TR;Türkiye;M;Aylık;U_MKTS;Motorlu Kara Taşıtları Sayısı;M08;Ağustos;20;Hibrit;PN;Sayı;2013-08;77;;;;;;;;;;;;
TR;Türkiye;M;Aylık;U_MKTS;Motorlu Kara Taşıtları Sayısı;M08;Ağustos;20;Hibrit;PN;Sayı;2012-08;36;;;;;;;;;;;;
TR;Türkiye;M;Aylık;U_MKTS;Motorlu Kara Taşıtları Sayısı;M08;Ağustos;5;Elektrik;PT;Yüzde;2025-08;Oca.82;;;;;;;;;;;;
TR;Türkiye;M;Aylık;U_MKTS;Motorlu Kara Taşıtları Sayısı;M08;Ağustos;5;Elektrik;PT;Yüzde;2024-08;0.86;;;;;;;;;;;;
TR;Türkiye;M;Aylık;U_MKTS;Motorlu Kara Taşıtları Sayısı;M08;Ağustos;5;Elektrik;PT;Yüzde;2023-08;0.28;;;;;;;;;;;;
TR;Türkiye;M;Aylık;U_MKTS;Motorlu Kara Taşıtları Sayısı;M08;Ağustos;5;Elektrik;PT;Yüzde;2022-08;0.07;;;;;;;;;;;;
TR;Türkiye;M;Aylık;U_MKTS;Motorlu Kara Taşıtları Sayısı;M08;Ağustos;5;Elektrik;PT;Yüzde;2021-08;0.03;;;;;;;;;;;;
TR;Türkiye;M;Aylık;U_MKTS;Motorlu Kara Taşıtları Sayısı;M08;Ağustos;5;Elektrik;PT;Yüzde;2020-08;0.01;;;;;;;;;;;;
TR;Türkiye;M;Aylık;U_MKTS;Motorlu Kara Taşıtları Sayısı;M08;Ağustos;5;Elektrik;PT;Yüzde;2019-08;0.01;;;;;;;;;;;;
TR;Türkiye;M;Aylık;U_MKTS;Motorlu Kara Taşıtları Sayısı;M08;Ağustos;5;Elektrik;PT;Yüzde;2018-08;0.01;;;;;;;;;;;;
TR;Türkiye;M;Aylık;U_MKTS;Motorlu Kara Taşıtları Sayısı;M08;Ağustos;5;Elektrik;PT;Yüzde;2017-08;0.01;;;;;;;;;;;;
TR;Türkiye;M;Aylık;U_MKTS;Motorlu Kara Taşıtları Sayısı;M08;Ağustos;5;Elektrik;PT;Yüzde;2016-08;0.01;;;;;;;;;;;;
TR;Türkiye;M;Aylık;U_MKTS;Motorlu Kara Taşıtları Sayısı;M08;Ağustos;5;Elektrik;PT;Yüzde;2015-08;0;;;;;;;;;;;;
TR;Türkiye;M;Aylık;U_MKTS;Motorlu Kara Taşıtları Sayısı;M08;Ağustos;5;Elektrik;PT;Yüzde;2014-08;0;;;;;;;;;;;;
TR;Türkiye;M;Aylık;U_MKTS;Motorlu Kara Taşıtları Sayısı;M08;Ağustos;5;Elektrik;PT;Yüzde;2013-08;0;;;;;;;;;;;;
TR;Türkiye;M;Aylık;U_MKTS;Motorlu Kara Taşıtları Sayısı;M08;Ağustos;5;Elektrik;PT;Yüzde;2012-08;0;;;;;;;;;;;;
TR;Türkiye;M;Aylık;U_MKTS;Motorlu Kara Taşıtları Sayısı;M08;Ağustos;5;Elektrik;PT;Yüzde;2011-08;0;;;;;;;;;;;;
TR;Türkiye;M;Aylık;U_MKTS;Motorlu Kara Taşıtları Sayısı;M08;Ağustos;5;Elektrik;PN;Sayı;2025-08;308217;;;;;;;;;;;;
TR;Türkiye;M;Aylık;U_MKTS;Motorlu Kara Taşıtları Sayısı;M08;Ağustos;5;Elektrik;PN;Sayı;2024-08;137009;;;;;;;;;;;;
TR;Türkiye;M;Aylık;U_MKTS;Motorlu Kara Taşıtları Sayısı;M08;Ağustos;5;Elektrik;PN;Sayı;2023-08;41393;;;;;;;;;;;;
TR;Türkiye;M;Aylık;U_MKTS;Motorlu Kara Taşıtları Sayısı;M08;Ağustos;5;Elektrik;PN;Sayı;2022-08;9900;;;;;;;;;;;;
TR;Türkiye;M;Aylık;U_MKTS;Motorlu Kara Taşıtları Sayısı;M08;Ağustos;5;Elektrik;PN;Sayı;2021-08;4469;;;;;;;;;;;;
TR;Türkiye;M;Aylık;U_MKTS;Motorlu Kara Taşıtları Sayısı;M08;Ağustos;5;Elektrik;PN;Sayı;2020-08;1618;;;;;;;;;;;;
TR;Türkiye;M;Aylık;U_MKTS;Motorlu Kara Taşıtları Sayısı;M08;Ağustos;5;Elektrik;PN;Sayı;2019-08;1065;;;;;;;;;;;;
TR;Türkiye;M;Aylık;U_MKTS;Motorlu Kara Taşıtları Sayısı;M08;Ağustos;5;Elektrik;PN;Sayı;2018-08;923;;;;;;;;;;;;
TR;Türkiye;M;Aylık;U_MKTS;Motorlu Kara Taşıtları Sayısı;M08;Ağustos;5;Elektrik;PN;Sayı;2017-08;708;;;;;;;;;;;;
TR;Türkiye;M;Aylık;U_MKTS;Motorlu Kara Taşıtları Sayısı;M08;Ağustos;5;Elektrik;PN;Sayı;2016-08;618;;;;;;;;;;;;
TR;Türkiye;M;Aylık;U_MKTS;Motorlu Kara Taşıtları Sayısı;M08;Ağustos;5;Elektrik;PN;Sayı;2015-08;516;;;;;;;;;;;;
TR;Türkiye;M;Aylık;U_MKTS;Motorlu Kara Taşıtları Sayısı;M08;Ağustos;5;Elektrik;PN;Sayı;2014-08;368;;;;;;;;;;;;
TR;Türkiye;M;Aylık;U_MKTS;Motorlu Kara Taşıtları Sayısı;M08;Ağustos;5;Elektrik;PN;Sayı;2013-08;348;;;;;;;;;;;;
TR;Türkiye;M;Aylık;U_MKTS;Motorlu Kara Taşıtları Sayısı;M08;Ağustos;5;Elektrik;PN;Sayı;2012-08;107;;;;;;;;;;;;
TR;Türkiye;M;Aylık;U_MKTS;Motorlu Kara Taşıtları Sayısı;M08;Ağustos;5;Elektrik;PN;Sayı;2011-08;26;;;;;;;;;;;;
TR;Türkiye;M;Aylık;U_MKTS;Motorlu Kara Taşıtları Sayısı;M08;Ağustos;_U;Bilinmeyen;PT;Yüzde;2025-08;0.21;;;;;;;;;;;;
TR;Türkiye;M;Aylık;U_MKTS;Motorlu Kara Taşıtları Sayısı;M08;Ağustos;_U;Bilinmeyen;PT;Yüzde;2024-08;0.22;;;;;;;;;;;;
TR;Türkiye;M;Aylık;U_MKTS;Motorlu Kara Taşıtları Sayısı;M08;Ağustos;_U;Bilinmeyen;PT;Yüzde;2023-08;0.24;;;;;;;;;;;;
TR;Türkiye;M;Aylık;U_MKTS;Motorlu Kara Taşıtları Sayısı;M08;Ağustos;_U;Bilinmeyen;PT;Yüzde;2022-08;0.25;;;;;;;;;;;;
TR;Türkiye;M;Aylık;U_MKTS;Motorlu Kara Taşıtları Sayısı;M08;Ağustos;_U;Bilinmeyen;PT;Yüzde;2021-08;0.27;;;;;;;;;;;;
TR;Türkiye;M;Aylık;U_MKTS;Motorlu Kara Taşıtları Sayısı;M08;Ağustos;_U;Bilinmeyen;PT;Yüzde;2020-08;0.28;;;;;;;;;;;;
TR;Türkiye;M;Aylık;U_MKTS;Motorlu Kara Taşıtları Sayısı;M08;Ağustos;_U;Bilinmeyen;PT;Yüzde;2019-08;0.3;;;;;;;;;;;;
TR;Türkiye;M;Aylık;U_MKTS;Motorlu Kara Taşıtları Sayısı;M08;Ağustos;_U;Bilinmeyen;PT;Yüzde;2018-08;0.32;;;;;;;;;;;;
TR;Türkiye;M;Aylık;U_MKTS;Motorlu Kara Taşıtları Sayısı;M08;Ağustos;_U;Bilinmeyen;PT;Yüzde;2017-08;0.35;;;;;;;;;;;;
TR;Türkiye;M;Aylık;U_MKTS;Motorlu Kara Taşıtları Sayısı;M08;Ağustos;_U;Bilinmeyen;PT;Yüzde;2016-08;0.38;;;;;;;;;;;;
TR;Türkiye;M;Aylık;U_MKTS;Motorlu Kara Taşıtları Sayısı;M08;Ağustos;_U;Bilinmeyen;PT;Yüzde;2015-08;0.42;;;;;;;;;;;;
TR;Türkiye;M;Aylık;U_MKTS;Motorlu Kara Taşıtları Sayısı;M08;Ağustos;_U;Bilinmeyen;PT;Yüzde;2014-08;0.46;;;;;;;;;;;;
TR;Türkiye;M;Aylık;U_MKTS;Motorlu Kara Taşıtları Sayısı;M08;Ağustos;_U;Bilinmeyen;PT;Yüzde;2013-08;0.51;;;;;;;;;;;;
TR;Türkiye;M;Aylık;U_MKTS;Motorlu Kara Taşıtları Sayısı;M08;Ağustos;_U;Bilinmeyen;PT;Yüzde;2012-08;0.6;;;;;;;;;;;;
TR;Türkiye;M;Aylık;U_MKTS;Motorlu Kara Taşıtları Sayısı;M08;Ağustos;_U;Bilinmeyen;PT;Yüzde;2011-08;0.81;;;;;;;;;;;;
TR;Türkiye;M;Aylık;U_MKTS;Motorlu Kara Taşıtları Sayısı;M08;Ağustos;_U;Bilinmeyen;PT;Yüzde;2010-08;1.Şub;;;;;;;;;;;;
TR;Türkiye;M;Aylık;U_MKTS;Motorlu Kara Taşıtları Sayısı;M08;Ağustos;_U;Bilinmeyen;PT;Yüzde;2009-08;Oca.24;;;;;;;;;;;;
TR;Türkiye;M;Aylık;U_MKTS;Motorlu Kara Taşıtları Sayısı;M08;Ağustos;_U;Bilinmeyen;PT;Yüzde;2008-08;Şub.19;;;;;;;;;;;;
TR;Türkiye;M;Aylık;U_MKTS;Motorlu Kara Taşıtları Sayısı;M08;Ağustos;_U;Bilinmeyen;PT;Yüzde;2007-08;Şub.76;;;;;;;;;;;;
TR;Türkiye;M;Aylık;U_MKTS;Motorlu Kara Taşıtları Sayısı;M08;Ağustos;_U;Bilinmeyen;PT;Yüzde;2006-08;Mar.42;;;;;;;;;;;;
TR;Türkiye;M;Aylık;U_MKTS;Motorlu Kara Taşıtları Sayısı;M08;Ağustos;_U;Bilinmeyen;PT;Yüzde;2005-08;Nis.55;;;;;;;;;;;;
TR;Türkiye;M;Aylık;U_MKTS;Motorlu Kara Taşıtları Sayısı;M08;Ağustos;_U;Bilinmeyen;PN;Sayı;2025-08;35496;;;;;;;;;;;;
TR;Türkiye;M;Aylık;U_MKTS;Motorlu Kara Taşıtları Sayısı;M08;Ağustos;_U;Bilinmeyen;PN;Sayı;2024-08;35298;;;;;;;;;;;;
TR;Türkiye;M;Aylık;U_MKTS;Motorlu Kara Taşıtları Sayısı;M08;Ağustos;_U;Bilinmeyen;PN;Sayı;2023-08;35453;;;;;;;;;;;;
TR;Türkiye;M;Aylık;U_MKTS;Motorlu Kara Taşıtları Sayısı;M08;Ağustos;_U;Bilinmeyen;PN;Sayı;2022-08;35703;;;;;;;;;;;;
TR;Türkiye;M;Aylık;U_MKTS;Motorlu Kara Taşıtları Sayısı;M08;Ağustos;_U;Bilinmeyen;PN;Sayı;2021-08;36108;;;;;;;;;;;;
TR;Türkiye;M;Aylık;U_MKTS;Motorlu Kara Taşıtları Sayısı;M08;Ağustos;_U;Bilinmeyen;PN;Sayı;2020-08;36365;;;;;;;;;;;;
TR;Türkiye;M;Aylık;U_MKTS;Motorlu Kara Taşıtları Sayısı;M08;Ağustos;_U;Bilinmeyen;PN;Sayı;2019-08;36960;;;;;;;;;;;;
TR;Türkiye;M;Aylık;U_MKTS;Motorlu Kara Taşıtları Sayısı;M08;Ağustos;_U;Bilinmeyen;PN;Sayı;2018-08;39915;;;;;;;;;;;;
TR;Türkiye;M;Aylık;U_MKTS;Motorlu Kara Taşıtları Sayısı;M08;Ağustos;_U;Bilinmeyen;PN;Sayı;2017-08;41291;;;;;;;;;;;;
TR;Türkiye;M;Aylık;U_MKTS;Motorlu Kara Taşıtları Sayısı;M08;Ağustos;_U;Bilinmeyen;PN;Sayı;2016-08;42103;;;;;;;;;;;;
TR;Türkiye;M;Aylık;U_MKTS;Motorlu Kara Taşıtları Sayısı;M08;Ağustos;_U;Bilinmeyen;PN;Sayı;2015-08;43119;;;;;;;;;;;;
TR;Türkiye;M;Aylık;U_MKTS;Motorlu Kara Taşıtları Sayısı;M08;Ağustos;_U;Bilinmeyen;PN;Sayı;2014-08;44006;;;;;;;;;;;;
TR;Türkiye;M;Aylık;U_MKTS;Motorlu Kara Taşıtları Sayısı;M08;Ağustos;_U;Bilinmeyen;PN;Sayı;2013-08;46329;;;;;;;;;;;;
TR;Türkiye;M;Aylık;U_MKTS;Motorlu Kara Taşıtları Sayısı;M08;Ağustos;_U;Bilinmeyen;PN;Sayı;2012-08;50594;;;;;;;;;;;;
TR;Türkiye;M;Aylık;U_MKTS;Motorlu Kara Taşıtları Sayısı;M08;Ağustos;_U;Bilinmeyen;PN;Sayı;2011-08;64204;;;;;;;;;;;;
TR;Türkiye;M;Aylık;U_MKTS;Motorlu Kara Taşıtları Sayısı;M08;Ağustos;_U;Bilinmeyen;PN;Sayı;2010-08;74967;;;;;;;;;;;;
TR;Türkiye;M;Aylık;U_MKTS;Motorlu Kara Taşıtları Sayısı;M08;Ağustos;_U;Bilinmeyen;PN;Sayı;2009-08;86509;;;;;;;;;;;;
TR;Türkiye;M;Aylık;U_MKTS;Motorlu Kara Taşıtları Sayısı;M08;Ağustos;_U;Bilinmeyen;PN;Sayı;2008-08;147371;;;;;;;;;;;;
TR;Türkiye;M;Aylık;U_MKTS;Motorlu Kara Taşıtları Sayısı;M08;Ağustos;_U;Bilinmeyen;PN;Sayı;2007-08;175255;;;;;;;;;;;;
TR;Türkiye;M;Aylık;U_MKTS;Motorlu Kara Taşıtları Sayısı;M08;Ağustos;_U;Bilinmeyen;PN;Sayı;2006-08;206426;;;;;;;;;;;;
TR;Türkiye;M;Aylık;U_MKTS;Motorlu Kara Taşıtları Sayısı;M08;Ağustos;_U;Bilinmeyen;PN;Sayı;2005-08;256150;;;;;;;;;;;;
TR;Türkiye;M;Aylık;U_MKTS;Motorlu Kara Taşıtları Sayısı;M09;Eylül;_T;Toplam;PT;Yüzde;2025-09;100;;;;;;;;;;;;
TR;Türkiye;M;Aylık;U_MKTS;Motorlu Kara Taşıtları Sayısı;M09;Eylül;_T;Toplam;PT;Yüzde;2024-09;100;;;;;;;;;;;;
TR;Türkiye;M;Aylık;U_MKTS;Motorlu Kara Taşıtları Sayısı;M09;Eylül;_T;Toplam;PT;Yüzde;2023-09;100;;;;;;;;;;;;
TR;Türkiye;M;Aylık;U_MKTS;Motorlu Kara Taşıtları Sayısı;M09;Eylül;_T;Toplam;PT;Yüzde;2022-09;100;;;;;;;;;;;;
TR;Türkiye;M;Aylık;U_MKTS;Motorlu Kara Taşıtları Sayısı;M09;Eylül;_T;Toplam;PT;Yüzde;2021-09;100;;;;;;;;;;;;
TR;Türkiye;M;Aylık;U_MKTS;Motorlu Kara Taşıtları Sayısı;M09;Eylül;_T;Toplam;PT;Yüzde;2020-09;100;;;;;;;;;;;;
TR;Türkiye;M;Aylık;U_MKTS;Motorlu Kara Taşıtları Sayısı;M09;Eylül;_T;Toplam;PT;Yüzde;2019-09;100;;;;;;;;;;;;
TR;Türkiye;M;Aylık;U_MKTS;Motorlu Kara Taşıtları Sayısı;M09;Eylül;_T;Toplam;PT;Yüzde;2018-09;100;;;;;;;;;;;;
TR;Türkiye;M;Aylık;U_MKTS;Motorlu Kara Taşıtları Sayısı;M09;Eylül;_T;Toplam;PT;Yüzde;2017-09;100;;;;;;;;;;;;
TR;Türkiye;M;Aylık;U_MKTS;Motorlu Kara Taşıtları Sayısı;M09;Eylül;_T;Toplam;PT;Yüzde;2016-09;100;;;;;;;;;;;;
TR;Türkiye;M;Aylık;U_MKTS;Motorlu Kara Taşıtları Sayısı;M09;Eylül;_T;Toplam;PT;Yüzde;2015-09;100;;;;;;;;;;;;
TR;Türkiye;M;Aylık;U_MKTS;Motorlu Kara Taşıtları Sayısı;M09;Eylül;_T;Toplam;PT;Yüzde;2014-09;100;;;;;;;;;;;;
TR;Türkiye;M;Aylık;U_MKTS;Motorlu Kara Taşıtları Sayısı;M09;Eylül;_T;Toplam;PT;Yüzde;2013-09;100;;;;;;;;;;;;
TR;Türkiye;M;Aylık;U_MKTS;Motorlu Kara Taşıtları Sayısı;M09;Eylül;_T;Toplam;PT;Yüzde;2012-09;100;;;;;;;;;;;;
TR;Türkiye;M;Aylık;U_MKTS;Motorlu Kara Taşıtları Sayısı;M09;Eylül;_T;Toplam;PT;Yüzde;2011-09;100;;;;;;;;;;;;
TR;Türkiye;M;Aylık;U_MKTS;Motorlu Kara Taşıtları Sayısı;M09;Eylül;_T;Toplam;PT;Yüzde;2010-09;100;;;;;;;;;;;;
TR;Türkiye;M;Aylık;U_MKTS;Motorlu Kara Taşıtları Sayısı;M09;Eylül;_T;Toplam;PT;Yüzde;2009-09;100;;;;;;;;;;;;
TR;Türkiye;M;Aylık;U_MKTS;Motorlu Kara Taşıtları Sayısı;M09;Eylül;_T;Toplam;PT;Yüzde;2008-09;100;;;;;;;;;;;;
TR;Türkiye;M;Aylık;U_MKTS;Motorlu Kara Taşıtları Sayısı;M09;Eylül;_T;Toplam;PT;Yüzde;2007-09;100;;;;;;;;;;;;
TR;Türkiye;M;Aylık;U_MKTS;Motorlu Kara Taşıtları Sayısı;M09;Eylül;_T;Toplam;PT;Yüzde;2006-09;100;;;;;;;;;;;;
TR;Türkiye;M;Aylık;U_MKTS;Motorlu Kara Taşıtları Sayısı;M09;Eylül;_T;Toplam;PT;Yüzde;2005-09;100;;;;;;;;;;;;
TR;Türkiye;M;Aylık;U_MKTS;Motorlu Kara Taşıtları Sayısı;M09;Eylül;_T;Toplam;PN;Sayı;2025-09;17027089;;;;;;;;;;;;
TR;Türkiye;M;Aylık;U_MKTS;Motorlu Kara Taşıtları Sayısı;M09;Eylül;_T;Toplam;PN;Sayı;2024-09;15963660;;;;;;;;;;;;
TR;Türkiye;M;Aylık;U_MKTS;Motorlu Kara Taşıtları Sayısı;M09;Eylül;_T;Toplam;PN;Sayı;2023-09;14967044;;;;;;;;;;;;
TR;Türkiye;M;Aylık;U_MKTS;Motorlu Kara Taşıtları Sayısı;M09;Eylül;_T;Toplam;PN;Sayı;2022-09;14113925;;;;;;;;;;;;
TR;Türkiye;M;Aylık;U_MKTS;Motorlu Kara Taşıtları Sayısı;M09;Eylül;_T;Toplam;PN;Sayı;2021-09;13591103;;;;;;;;;;;;
TR;Türkiye;M;Aylık;U_MKTS;Motorlu Kara Taşıtları Sayısı;M09;Eylül;_T;Toplam;PN;Sayı;2020-09;12907648;;;;;;;;;;;;
TR;Türkiye;M;Aylık;U_MKTS;Motorlu Kara Taşıtları Sayısı;M09;Eylül;_T;Toplam;PN;Sayı;2019-09;12509319;;;;;;;;;;;;
TR;Türkiye;M;Aylık;U_MKTS;Motorlu Kara Taşıtları Sayısı;M09;Eylül;_T;Toplam;PN;Sayı;2018-09;12364139;;;;;;;;;;;;
TR;Türkiye;M;Aylık;U_MKTS;Motorlu Kara Taşıtları Sayısı;M09;Eylül;_T;Toplam;PN;Sayı;2017-09;11846085;;;;;;;;;;;;
TR;Türkiye;M;Aylık;U_MKTS;Motorlu Kara Taşıtları Sayısı;M09;Eylül;_T;Toplam;PN;Sayı;2016-09;11109440;;;;;;;;;;;;
TR;Türkiye;M;Aylık;U_MKTS;Motorlu Kara Taşıtları Sayısı;M09;Eylül;_T;Toplam;PN;Sayı;2015-09;10410486;;;;;;;;;;;;
TR;Türkiye;M;Aylık;U_MKTS;Motorlu Kara Taşıtları Sayısı;M09;Eylül;_T;Toplam;PN;Sayı;2014-09;9704722;;;;;;;;;;;;
TR;Türkiye;M;Aylık;U_MKTS;Motorlu Kara Taşıtları Sayısı;M09;Eylül;_T;Toplam;PN;Sayı;2013-09;9125545;;;;;;;;;;;;
TR;Türkiye;M;Aylık;U_MKTS;Motorlu Kara Taşıtları Sayısı;M09;Eylül;_T;Toplam;PN;Sayı;2012-09;8515776;;;;;;;;;;;;
TR;Türkiye;M;Aylık;U_MKTS;Motorlu Kara Taşıtları Sayısı;M09;Eylül;_T;Toplam;PN;Sayı;2011-09;7992187;;;;;;;;;;;;
TR;Türkiye;M;Aylık;U_MKTS;Motorlu Kara Taşıtları Sayısı;M09;Eylül;_T;Toplam;PN;Sayı;2010-09;7407870;;;;;;;;;;;;
TR;Türkiye;M;Aylık;U_MKTS;Motorlu Kara Taşıtları Sayısı;M09;Eylül;_T;Toplam;PN;Sayı;2009-09;7027524;;;;;;;;;;;;
TR;Türkiye;M;Aylık;U_MKTS;Motorlu Kara Taşıtları Sayısı;M09;Eylül;_T;Toplam;PN;Sayı;2008-09;6742300;;;;;;;;;;;;
TR;Türkiye;M;Aylık;U_MKTS;Motorlu Kara Taşıtları Sayısı;M09;Eylül;_T;Toplam;PN;Sayı;2007-09;6373305;;;;;;;;;;;;
TR;Türkiye;M;Aylık;U_MKTS;Motorlu Kara Taşıtları Sayısı;M09;Eylül;_T;Toplam;PN;Sayı;2006-09;6062458;;;;;;;;;;;;
TR;Türkiye;M;Aylık;U_MKTS;Motorlu Kara Taşıtları Sayısı;M09;Eylül;_T;Toplam;PN;Sayı;2005-09;5659624;;;;;;;;;;;;
TR;Türkiye;M;Aylık;U_MKTS;Motorlu Kara Taşıtları Sayısı;M09;Eylül;1;Benzinli;PT;Yüzde;2025-09;30.72;;;;;;;;;;;;
TR;Türkiye;M;Aylık;U_MKTS;Motorlu Kara Taşıtları Sayısı;M09;Eylül;1;Benzinli;PT;Yüzde;2024-09;29.96;;;;;;;;;;;;
TR;Türkiye;M;Aylık;U_MKTS;Motorlu Kara Taşıtları Sayısı;M09;Eylül;1;Benzinli;PT;Yüzde;2023-09;28.23;;;;;;;;;;;;
TR;Türkiye;M;Aylık;U_MKTS;Motorlu Kara Taşıtları Sayısı;M09;Eylül;1;Benzinli;PT;Yüzde;2022-09;26.45;;;;;;;;;;;;
TR;Türkiye;M;Aylık;U_MKTS;Motorlu Kara Taşıtları Sayısı;M09;Eylül;1;Benzinli;PT;Yüzde;2021-09;25.Mar;;;;;;;;;;;;
TR;Türkiye;M;Aylık;U_MKTS;Motorlu Kara Taşıtları Sayısı;M09;Eylül;1;Benzinli;PT;Yüzde;2020-09;24.28;;;;;;;;;;;;
TR;Türkiye;M;Aylık;U_MKTS;Motorlu Kara Taşıtları Sayısı;M09;Eylül;1;Benzinli;PT;Yüzde;2019-09;24.29;;;;;;;;;;;;
TR;Türkiye;M;Aylık;U_MKTS;Motorlu Kara Taşıtları Sayısı;M09;Eylül;1;Benzinli;PT;Yüzde;2018-09;25.14;;;;;;;;;;;;
TR;Türkiye;M;Aylık;U_MKTS;Motorlu Kara Taşıtları Sayısı;M09;Eylül;1;Benzinli;PT;Yüzde;2017-09;26.Ağu;;;;;;;;;;;;
TR;Türkiye;M;Aylık;U_MKTS;Motorlu Kara Taşıtları Sayısı;M09;Eylül;1;Benzinli;PT;Yüzde;2016-09;26.96;;;;;;;;;;;;
TR;Türkiye;M;Aylık;U_MKTS;Motorlu Kara Taşıtları Sayısı;M09;Eylül;1;Benzinli;PT;Yüzde;2015-09;27.Eyl;;;;;;;;;;;;
TR;Türkiye;M;Aylık;U_MKTS;Motorlu Kara Taşıtları Sayısı;M09;Eylül;1;Benzinli;PT;Yüzde;2014-09;29.43;;;;;;;;;;;;
TR;Türkiye;M;Aylık;U_MKTS;Motorlu Kara Taşıtları Sayısı;M09;Eylül;1;Benzinli;PT;Yüzde;2013-09;31.66;;;;;;;;;;;;
TR;Türkiye;M;Aylık;U_MKTS;Motorlu Kara Taşıtları Sayısı;M09;Eylül;1;Benzinli;PT;Yüzde;2012-09;34.69;;;;;;;;;;;;
TR;Türkiye;M;Aylık;U_MKTS;Motorlu Kara Taşıtları Sayısı;M09;Eylül;1;Benzinli;PT;Yüzde;2011-09;38.45;;;;;;;;;;;;
TR;Türkiye;M;Aylık;U_MKTS;Motorlu Kara Taşıtları Sayısı;M09;Eylül;1;Benzinli;PT;Yüzde;2010-09;43.46;;;;;;;;;;;;
TR;Türkiye;M;Aylık;U_MKTS;Motorlu Kara Taşıtları Sayısı;M09;Eylül;1;Benzinli;PT;Yüzde;2009-09;48.74;;;;;;;;;;;;
TR;Türkiye;M;Aylık;U_MKTS;Motorlu Kara Taşıtları Sayısı;M09;Eylül;1;Benzinli;PT;Yüzde;2008-09;52.86;;;;;;;;;;;;
TR;Türkiye;M;Aylık;U_MKTS;Motorlu Kara Taşıtları Sayısı;M09;Eylül;1;Benzinli;PT;Yüzde;2007-09;58.69;;;;;;;;;;;;
TR;Türkiye;M;Aylık;U_MKTS;Motorlu Kara Taşıtları Sayısı;M09;Eylül;1;Benzinli;PT;Yüzde;2006-09;63.66;;;;;;;;;;;;
TR;Türkiye;M;Aylık;U_MKTS;Motorlu Kara Taşıtları Sayısı;M09;Eylül;1;Benzinli;PT;Yüzde;2005-09;68.73;;;;;;;;;;;;
TR;Türkiye;M;Aylık;U_MKTS;Motorlu Kara Taşıtları Sayısı;M09;Eylül;1;Benzinli;PN;Sayı;2025-09;5231497;;;;;;;;;;;;
TR;Türkiye;M;Aylık;U_MKTS;Motorlu Kara Taşıtları Sayısı;M09;Eylül;1;Benzinli;PN;Sayı;2024-09;4783233;;;;;;;;;;;;
TR;Türkiye;M;Aylık;U_MKTS;Motorlu Kara Taşıtları Sayısı;M09;Eylül;1;Benzinli;PN;Sayı;2023-09;4225583;;;;;;;;;;;;
TR;Türkiye;M;Aylık;U_MKTS;Motorlu Kara Taşıtları Sayısı;M09;Eylül;1;Benzinli;PN;Sayı;2022-09;3733040;;;;;;;;;;;;
TR;Türkiye;M;Aylık;U_MKTS;Motorlu Kara Taşıtları Sayısı;M09;Eylül;1;Benzinli;PN;Sayı;2021-09;3438928;;;;;;;;;;;;
TR;Türkiye;M;Aylık;U_MKTS;Motorlu Kara Taşıtları Sayısı;M09;Eylül;1;Benzinli;PN;Sayı;2020-09;3133838;;;;;;;;;;;;
TR;Türkiye;M;Aylık;U_MKTS;Motorlu Kara Taşıtları Sayısı;M09;Eylül;1;Benzinli;PN;Sayı;2019-09;3038788;;;;;;;;;;;;
TR;Türkiye;M;Aylık;U_MKTS;Motorlu Kara Taşıtları Sayısı;M09;Eylül;1;Benzinli;PN;Sayı;2018-09;3108855;;;;;;;;;;;;
TR;Türkiye;M;Aylık;U_MKTS;Motorlu Kara Taşıtları Sayısı;M09;Eylül;1;Benzinli;PN;Sayı;2017-09;3089591;;;;;;;;;;;;
TR;Türkiye;M;Aylık;U_MKTS;Motorlu Kara Taşıtları Sayısı;M09;Eylül;1;Benzinli;PN;Sayı;2016-09;2995041;;;;;;;;;;;;
TR;Türkiye;M;Aylık;U_MKTS;Motorlu Kara Taşıtları Sayısı;M09;Eylül;1;Benzinli;PN;Sayı;2015-09;2904760;;;;;;;;;;;;
TR;Türkiye;M;Aylık;U_MKTS;Motorlu Kara Taşıtları Sayısı;M09;Eylül;1;Benzinli;PN;Sayı;2014-09;2855710;;;;;;;;;;;;
TR;Türkiye;M;Aylık;U_MKTS;Motorlu Kara Taşıtları Sayısı;M09;Eylül;1;Benzinli;PN;Sayı;2013-09;2889330;;;;;;;;;;;;
TR;Türkiye;M;Aylık;U_MKTS;Motorlu Kara Taşıtları Sayısı;M09;Eylül;1;Benzinli;PN;Sayı;2012-09;2953949;;;;;;;;;;;;
TR;Türkiye;M;Aylık;U_MKTS;Motorlu Kara Taşıtları Sayısı;M09;Eylül;1;Benzinli;PN;Sayı;2011-09;3072611;;;;;;;;;;;;
TR;Türkiye;M;Aylık;U_MKTS;Motorlu Kara Taşıtları Sayısı;M09;Eylül;1;Benzinli;PN;Sayı;2010-09;3219320;;;;;;;;;;;;
TR;Türkiye;M;Aylık;U_MKTS;Motorlu Kara Taşıtları Sayısı;M09;Eylül;1;Benzinli;PN;Sayı;2009-09;3425218;;;;;;;;;;;;
TR;Türkiye;M;Aylık;U_MKTS;Motorlu Kara Taşıtları Sayısı;M09;Eylül;1;Benzinli;PN;Sayı;2008-09;3564122;;;;;;;;;;;;
TR;Türkiye;M;Aylık;U_MKTS;Motorlu Kara Taşıtları Sayısı;M09;Eylül;1;Benzinli;PN;Sayı;2007-09;3740605;;;;;;;;;;;;
TR;Türkiye;M;Aylık;U_MKTS;Motorlu Kara Taşıtları Sayısı;M09;Eylül;1;Benzinli;PN;Sayı;2006-09;3859156;;;;;;;;;;;;
TR;Türkiye;M;Aylık;U_MKTS;Motorlu Kara Taşıtları Sayısı;M09;Eylül;1;Benzinli;PN;Sayı;2005-09;3889827;;;;;;;;;;;;
TR;Türkiye;M;Aylık;U_MKTS;Motorlu Kara Taşıtları Sayısı;M09;Eylül;2;Dizel;PT;Yüzde;2025-09;33.02;;;;;;;;;;;;
TR;Türkiye;M;Aylık;U_MKTS;Motorlu Kara Taşıtları Sayısı;M09;Eylül;2;Dizel;PT;Yüzde;2024-09;34.57;;;;;;;;;;;;
TR;Türkiye;M;Aylık;U_MKTS;Motorlu Kara Taşıtları Sayısı;M09;Eylül;2;Dizel;PT;Yüzde;2023-09;36.03;;;;;;;;;;;;
TR;Türkiye;M;Aylık;U_MKTS;Motorlu Kara Taşıtları Sayısı;M09;Eylül;2;Dizel;PT;Yüzde;2022-09;37.08;;;;;;;;;;;;
TR;Türkiye;M;Aylık;U_MKTS;Motorlu Kara Taşıtları Sayısı;M09;Eylül;2;Dizel;PT;Yüzde;2021-09;37.78;;;;;;;;;;;;
TR;Türkiye;M;Aylık;U_MKTS;Motorlu Kara Taşıtları Sayısı;M09;Eylül;2;Dizel;PT;Yüzde;2020-09;38.27;;;;;;;;;;;;
TR;Türkiye;M;Aylık;U_MKTS;Motorlu Kara Taşıtları Sayısı;M09;Eylül;2;Dizel;PT;Yüzde;2019-09;37.66;;;;;;;;;;;;
TR;Türkiye;M;Aylık;U_MKTS;Motorlu Kara Taşıtları Sayısı;M09;Eylül;2;Dizel;PT;Yüzde;2018-09;36.53;;;;;;;;;;;;
TR;Türkiye;M;Aylık;U_MKTS;Motorlu Kara Taşıtları Sayısı;M09;Eylül;2;Dizel;PT;Yüzde;2017-09;34.94;;;;;;;;;;;;
TR;Türkiye;M;Aylık;U_MKTS;Motorlu Kara Taşıtları Sayısı;M09;Eylül;2;Dizel;PT;Yüzde;2016-09;33.12;;;;;;;;;;;;
TR;Türkiye;M;Aylık;U_MKTS;Motorlu Kara Taşıtları Sayısı;M09;Eylül;2;Dizel;PT;Yüzde;2015-09;31.Ağu;;;;;;;;;;;;
TR;Türkiye;M;Aylık;U_MKTS;Motorlu Kara Taşıtları Sayısı;M09;Eylül;2;Dizel;PT;Yüzde;2014-09;28.68;;;;;;;;;;;;
TR;Türkiye;M;Aylık;U_MKTS;Motorlu Kara Taşıtları Sayısı;M09;Eylül;2;Dizel;PT;Yüzde;2013-09;26.33;;;;;;;;;;;;
TR;Türkiye;M;Aylık;U_MKTS;Motorlu Kara Taşıtları Sayısı;M09;Eylül;2;Dizel;PT;Yüzde;2012-09;23.69;;;;;;;;;;;;
TR;Türkiye;M;Aylık;U_MKTS;Motorlu Kara Taşıtları Sayısı;M09;Eylül;2;Dizel;PT;Yüzde;2011-09;20.96;;;;;;;;;;;;
TR;Türkiye;M;Aylık;U_MKTS;Motorlu Kara Taşıtları Sayısı;M09;Eylül;2;Dizel;PT;Yüzde;2010-09;17.53;;;;;;;;;;;;
TR;Türkiye;M;Aylık;U_MKTS;Motorlu Kara Taşıtları Sayısı;M09;Eylül;2;Dizel;PT;Yüzde;2009-09;15.29;;;;;;;;;;;;
TR;Türkiye;M;Aylık;U_MKTS;Motorlu Kara Taşıtları Sayısı;M09;Eylül;2;Dizel;PT;Yüzde;2008-09;13.59;;;;;;;;;;;;
TR;Türkiye;M;Aylık;U_MKTS;Motorlu Kara Taşıtları Sayısı;M09;Eylül;2;Dizel;PT;Yüzde;2007-09;Kas.14;;;;;;;;;;;;
TR;Türkiye;M;Aylık;U_MKTS;Motorlu Kara Taşıtları Sayısı;M09;Eylül;2;Dizel;PT;Yüzde;2006-09;Ağu.95;;;;;;;;;;;;
TR;Türkiye;M;Aylık;U_MKTS;Motorlu Kara Taşıtları Sayısı;M09;Eylül;2;Dizel;PT;Yüzde;2005-09;6.Oca;;;;;;;;;;;;
TR;Türkiye;M;Aylık;U_MKTS;Motorlu Kara Taşıtları Sayısı;M09;Eylül;2;Dizel;PN;Sayı;2025-09;5623183;;;;;;;;;;;;
TR;Türkiye;M;Aylık;U_MKTS;Motorlu Kara Taşıtları Sayısı;M09;Eylül;2;Dizel;PN;Sayı;2024-09;5518120;;;;;;;;;;;;
TR;Türkiye;M;Aylık;U_MKTS;Motorlu Kara Taşıtları Sayısı;M09;Eylül;2;Dizel;PN;Sayı;2023-09;5393012;;;;;;;;;;;;
TR;Türkiye;M;Aylık;U_MKTS;Motorlu Kara Taşıtları Sayısı;M09;Eylül;2;Dizel;PN;Sayı;2022-09;5233578;;;;;;;;;;;;
TR;Türkiye;M;Aylık;U_MKTS;Motorlu Kara Taşıtları Sayısı;M09;Eylül;2;Dizel;PN;Sayı;2021-09;5134615;;;;;;;;;;;;
TR;Türkiye;M;Aylık;U_MKTS;Motorlu Kara Taşıtları Sayısı;M09;Eylül;2;Dizel;PN;Sayı;2020-09;4939436;;;;;;;;;;;;
TR;Türkiye;M;Aylık;U_MKTS;Motorlu Kara Taşıtları Sayısı;M09;Eylül;2;Dizel;PN;Sayı;2019-09;4711205;;;;;;;;;;;;
TR;Türkiye;M;Aylık;U_MKTS;Motorlu Kara Taşıtları Sayısı;M09;Eylül;2;Dizel;PN;Sayı;2018-09;4516160;;;;;;;;;;;;
TR;Türkiye;M;Aylık;U_MKTS;Motorlu Kara Taşıtları Sayısı;M09;Eylül;2;Dizel;PN;Sayı;2017-09;4139491;;;;;;;;;;;;
TR;Türkiye;M;Aylık;U_MKTS;Motorlu Kara Taşıtları Sayısı;M09;Eylül;2;Dizel;PN;Sayı;2016-09;3679039;;;;;;;;;;;;
TR;Türkiye;M;Aylık;U_MKTS;Motorlu Kara Taşıtları Sayısı;M09;Eylül;2;Dizel;PN;Sayı;2015-09;3235725;;;;;;;;;;;;
TR;Türkiye;M;Aylık;U_MKTS;Motorlu Kara Taşıtları Sayısı;M09;Eylül;2;Dizel;PN;Sayı;2014-09;2783610;;;;;;;;;;;;
TR;Türkiye;M;Aylık;U_MKTS;Motorlu Kara Taşıtları Sayısı;M09;Eylül;2;Dizel;PN;Sayı;2013-09;2402530;;;;;;;;;;;;
TR;Türkiye;M;Aylık;U_MKTS;Motorlu Kara Taşıtları Sayısı;M09;Eylül;2;Dizel;PN;Sayı;2012-09;2017012;;;;;;;;;;;;
TR;Türkiye;M;Aylık;U_MKTS;Motorlu Kara Taşıtları Sayısı;M09;Eylül;2;Dizel;PN;Sayı;2011-09;1675298;;;;;;;;;;;;
TR;Türkiye;M;Aylık;U_MKTS;Motorlu Kara Taşıtları Sayısı;M09;Eylül;2;Dizel;PN;Sayı;2010-09;1298757;;;;;;;;;;;;
TR;Türkiye;M;Aylık;U_MKTS;Motorlu Kara Taşıtları Sayısı;M09;Eylül;2;Dizel;PN;Sayı;2009-09;1074577;;;;;;;;;;;;
TR;Türkiye;M;Aylık;U_MKTS;Motorlu Kara Taşıtları Sayısı;M09;Eylül;2;Dizel;PN;Sayı;2008-09;916581;;;;;;;;;;;;
TR;Türkiye;M;Aylık;U_MKTS;Motorlu Kara Taşıtları Sayısı;M09;Eylül;2;Dizel;PN;Sayı;2007-09;710085;;;;;;;;;;;;
TR;Türkiye;M;Aylık;U_MKTS;Motorlu Kara Taşıtları Sayısı;M09;Eylül;2;Dizel;PN;Sayı;2006-09;542336;;;;;;;;;;;;
TR;Türkiye;M;Aylık;U_MKTS;Motorlu Kara Taşıtları Sayısı;M09;Eylül;2;Dizel;PN;Sayı;2005-09;345153;;;;;;;;;;;;
TR;Türkiye;M;Aylık;U_MKTS;Motorlu Kara Taşıtları Sayısı;M09;Eylül;6;LPG;PT;Yüzde;2025-09;30.63;;;;;;;;;;;;
TR;Türkiye;M;Aylık;U_MKTS;Motorlu Kara Taşıtları Sayısı;M09;Eylül;6;LPG;PT;Yüzde;2024-09;32.27;;;;;;;;;;;;
TR;Türkiye;M;Aylık;U_MKTS;Motorlu Kara Taşıtları Sayısı;M09;Eylül;6;LPG;PT;Yüzde;2023-09;33.84;;;;;;;;;;;;
TR;Türkiye;M;Aylık;U_MKTS;Motorlu Kara Taşıtları Sayısı;M09;Eylül;6;LPG;PT;Yüzde;2022-09;35.28;;;;;;;;;;;;
TR;Türkiye;M;Aylık;U_MKTS;Motorlu Kara Taşıtları Sayısı;M09;Eylül;6;LPG;PT;Yüzde;2021-09;36.07;;;;;;;;;;;;
TR;Türkiye;M;Aylık;U_MKTS;Motorlu Kara Taşıtları Sayısı;M09;Eylül;6;LPG;PT;Yüzde;2020-09;36.96;;;;;;;;;;;;
TR;Türkiye;M;Aylık;U_MKTS;Motorlu Kara Taşıtları Sayısı;M09;Eylül;6;LPG;PT;Yüzde;2019-09;37.66;;;;;;;;;;;;
TR;Türkiye;M;Aylık;U_MKTS;Motorlu Kara Taşıtları Sayısı;M09;Eylül;6;LPG;PT;Yüzde;2018-09;37.97;;;;;;;;;;;;
TR;Türkiye;M;Aylık;U_MKTS;Motorlu Kara Taşıtları Sayısı;M09;Eylül;6;LPG;PT;Yüzde;2017-09;38.62;;;;;;;;;;;;
TR;Türkiye;M;Aylık;U_MKTS;Motorlu Kara Taşıtları Sayısı;M09;Eylül;6;LPG;PT;Yüzde;2016-09;39.54;;;;;;;;;;;;
TR;Türkiye;M;Aylık;U_MKTS;Motorlu Kara Taşıtları Sayısı;M09;Eylül;6;LPG;PT;Yüzde;2015-09;40.6;;;;;;;;;;;;
TR;Türkiye;M;Aylık;U_MKTS;Motorlu Kara Taşıtları Sayısı;M09;Eylül;6;LPG;PT;Yüzde;2014-09;41.43;;;;;;;;;;;;
TR;Türkiye;M;Aylık;U_MKTS;Motorlu Kara Taşıtları Sayısı;M09;Eylül;6;LPG;PT;Yüzde;2013-09;41.5;;;;;;;;;;;;
TR;Türkiye;M;Aylık;U_MKTS;Motorlu Kara Taşıtları Sayısı;M09;Eylül;6;LPG;PT;Yüzde;2012-09;41.03;;;;;;;;;;;;
TR;Türkiye;M;Aylık;U_MKTS;Motorlu Kara Taşıtları Sayısı;M09;Eylül;6;LPG;PT;Yüzde;2011-09;39.8;;;;;;;;;;;;
TR;Türkiye;M;Aylık;U_MKTS;Motorlu Kara Taşıtları Sayısı;M09;Eylül;6;LPG;PT;Yüzde;2010-09;38.01;;;;;;;;;;;;
TR;Türkiye;M;Aylık;U_MKTS;Motorlu Kara Taşıtları Sayısı;M09;Eylül;6;LPG;PT;Yüzde;2009-09;34.76;;;;;;;;;;;;
TR;Türkiye;M;Aylık;U_MKTS;Motorlu Kara Taşıtları Sayısı;M09;Eylül;6;LPG;PT;Yüzde;2008-09;31.46;;;;;;;;;;;;
TR;Türkiye;M;Aylık;U_MKTS;Motorlu Kara Taşıtları Sayısı;M09;Eylül;6;LPG;PT;Yüzde;2007-09;27.45;;;;;;;;;;;;
TR;Türkiye;M;Aylık;U_MKTS;Motorlu Kara Taşıtları Sayısı;M09;Eylül;6;LPG;PT;Yüzde;2006-09;24.Mar;;;;;;;;;;;;
TR;Türkiye;M;Aylık;U_MKTS;Motorlu Kara Taşıtları Sayısı;M09;Eylül;6;LPG;PT;Yüzde;2005-09;20.71;;;;;;;;;;;;
TR;Türkiye;M;Aylık;U_MKTS;Motorlu Kara Taşıtları Sayısı;M09;Eylül;6;LPG;PN;Sayı;2025-09;5215538;;;;;;;;;;;;
TR;Türkiye;M;Aylık;U_MKTS;Motorlu Kara Taşıtları Sayısı;M09;Eylül;6;LPG;PN;Sayı;2024-09;5150865;;;;;;;;;;;;
TR;Türkiye;M;Aylık;U_MKTS;Motorlu Kara Taşıtları Sayısı;M09;Eylül;6;LPG;PN;Sayı;2023-09;5064414;;;;;;;;;;;;
TR;Türkiye;M;Aylık;U_MKTS;Motorlu Kara Taşıtları Sayısı;M09;Eylül;6;LPG;PN;Sayı;2022-09;4979343;;;;;;;;;;;;
TR;Türkiye;M;Aylık;U_MKTS;Motorlu Kara Taşıtları Sayısı;M09;Eylül;6;LPG;PN;Sayı;2021-09;4901703;;;;;;;;;;;;
TR;Türkiye;M;Aylık;U_MKTS;Motorlu Kara Taşıtları Sayısı;M09;Eylül;6;LPG;PN;Sayı;2020-09;4770556;;;;;;;;;;;;
TR;Türkiye;M;Aylık;U_MKTS;Motorlu Kara Taşıtları Sayısı;M09;Eylül;6;LPG;PN;Sayı;2019-09;4710863;;;;;;;;;;;;
TR;Türkiye;M;Aylık;U_MKTS;Motorlu Kara Taşıtları Sayısı;M09;Eylül;6;LPG;PN;Sayı;2018-09;4694715;;;;;;;;;;;;
TR;Türkiye;M;Aylık;U_MKTS;Motorlu Kara Taşıtları Sayısı;M09;Eylül;6;LPG;PN;Sayı;2017-09;4574376;;;;;;;;;;;;
TR;Türkiye;M;Aylık;U_MKTS;Motorlu Kara Taşıtları Sayısı;M09;Eylül;6;LPG;PN;Sayı;2016-09;4392233;;;;;;;;;;;;
TR;Türkiye;M;Aylık;U_MKTS;Motorlu Kara Taşıtları Sayısı;M09;Eylül;6;LPG;PN;Sayı;2015-09;4226141;;;;;;;;;;;;
TR;Türkiye;M;Aylık;U_MKTS;Motorlu Kara Taşıtları Sayısı;M09;Eylül;6;LPG;PN;Sayı;2014-09;4021041;;;;;;;;;;;;
TR;Türkiye;M;Aylık;U_MKTS;Motorlu Kara Taşıtları Sayısı;M09;Eylül;6;LPG;PN;Sayı;2013-09;3787186;;;;;;;;;;;;
TR;Türkiye;M;Aylık;U_MKTS;Motorlu Kara Taşıtları Sayısı;M09;Eylül;6;LPG;PN;Sayı;2012-09;3494384;;;;;;;;;;;;
TR;Türkiye;M;Aylık;U_MKTS;Motorlu Kara Taşıtları Sayısı;M09;Eylül;6;LPG;PN;Sayı;2011-09;3180632;;;;;;;;;;;;
TR;Türkiye;M;Aylık;U_MKTS;Motorlu Kara Taşıtları Sayısı;M09;Eylül;6;LPG;PN;Sayı;2010-09;2815964;;;;;;;;;;;;
TR;Türkiye;M;Aylık;U_MKTS;Motorlu Kara Taşıtları Sayısı;M09;Eylül;6;LPG;PN;Sayı;2009-09;2442488;;;;;;;;;;;;
TR;Türkiye;M;Aylık;U_MKTS;Motorlu Kara Taşıtları Sayısı;M09;Eylül;6;LPG;PN;Sayı;2008-09;2120828;;;;;;;;;;;;
TR;Türkiye;M;Aylık;U_MKTS;Motorlu Kara Taşıtları Sayısı;M09;Eylül;6;LPG;PN;Sayı;2007-09;1749400;;;;;;;;;;;;
TR;Türkiye;M;Aylık;U_MKTS;Motorlu Kara Taşıtları Sayısı;M09;Eylül;6;LPG;PN;Sayı;2006-09;1457004;;;;;;;;;;;;
TR;Türkiye;M;Aylık;U_MKTS;Motorlu Kara Taşıtları Sayısı;M09;Eylül;6;LPG;PN;Sayı;2005-09;1171924;;;;;;;;;;;;
TR;Türkiye;M;Aylık;U_MKTS;Motorlu Kara Taşıtları Sayısı;M09;Eylül;20;Hibrit;PT;Yüzde;2025-09;Mar.54;;;;;;;;;;;;
TR;Türkiye;M;Aylık;U_MKTS;Motorlu Kara Taşıtları Sayısı;M09;Eylül;20;Hibrit;PT;Yüzde;2024-09;2.Tem;;;;;;;;;;;;
TR;Türkiye;M;Aylık;U_MKTS;Motorlu Kara Taşıtları Sayısı;M09;Eylül;20;Hibrit;PT;Yüzde;2023-09;Oca.32;;;;;;;;;;;;
TR;Türkiye;M;Aylık;U_MKTS;Motorlu Kara Taşıtları Sayısı;M09;Eylül;20;Hibrit;PT;Yüzde;2022-09;0.86;;;;;;;;;;;;
TR;Türkiye;M;Aylık;U_MKTS;Motorlu Kara Taşıtları Sayısı;M09;Eylül;20;Hibrit;PT;Yüzde;2021-09;0.55;;;;;;;;;;;;
TR;Türkiye;M;Aylık;U_MKTS;Motorlu Kara Taşıtları Sayısı;M09;Eylül;20;Hibrit;PT;Yüzde;2020-09;0.2;;;;;;;;;;;;
TR;Türkiye;M;Aylık;U_MKTS;Motorlu Kara Taşıtları Sayısı;M09;Eylül;20;Hibrit;PT;Yüzde;2019-09;0.08;;;;;;;;;;;;
TR;Türkiye;M;Aylık;U_MKTS;Motorlu Kara Taşıtları Sayısı;M09;Eylül;20;Hibrit;PT;Yüzde;2018-09;0.03;;;;;;;;;;;;
TR;Türkiye;M;Aylık;U_MKTS;Motorlu Kara Taşıtları Sayısı;M09;Eylül;20;Hibrit;PT;Yüzde;2017-09;0.01;;;;;;;;;;;;
TR;Türkiye;M;Aylık;U_MKTS;Motorlu Kara Taşıtları Sayısı;M09;Eylül;20;Hibrit;PT;Yüzde;2016-09;0;;;;;;;;;;;;
TR;Türkiye;M;Aylık;U_MKTS;Motorlu Kara Taşıtları Sayısı;M09;Eylül;20;Hibrit;PT;Yüzde;2015-09;0;;;;;;;;;;;;
TR;Türkiye;M;Aylık;U_MKTS;Motorlu Kara Taşıtları Sayısı;M09;Eylül;20;Hibrit;PT;Yüzde;2014-09;0;;;;;;;;;;;;
TR;Türkiye;M;Aylık;U_MKTS;Motorlu Kara Taşıtları Sayısı;M09;Eylül;20;Hibrit;PT;Yüzde;2013-09;0;;;;;;;;;;;;
TR;Türkiye;M;Aylık;U_MKTS;Motorlu Kara Taşıtları Sayısı;M09;Eylül;20;Hibrit;PT;Yüzde;2012-09;0;;;;;;;;;;;;
TR;Türkiye;M;Aylık;U_MKTS;Motorlu Kara Taşıtları Sayısı;M09;Eylül;20;Hibrit;PN;Sayı;2025-09;602150;;;;;;;;;;;;
TR;Türkiye;M;Aylık;U_MKTS;Motorlu Kara Taşıtları Sayısı;M09;Eylül;20;Hibrit;PN;Sayı;2024-09;330659;;;;;;;;;;;;
TR;Türkiye;M;Aylık;U_MKTS;Motorlu Kara Taşıtları Sayısı;M09;Eylül;20;Hibrit;PN;Sayı;2023-09;197379;;;;;;;;;;;;
TR;Türkiye;M;Aylık;U_MKTS;Motorlu Kara Taşıtları Sayısı;M09;Eylül;20;Hibrit;PN;Sayı;2022-09;121498;;;;;;;;;;;;
TR;Türkiye;M;Aylık;U_MKTS;Motorlu Kara Taşıtları Sayısı;M09;Eylül;20;Hibrit;PN;Sayı;2021-09;74973;;;;;;;;;;;;
TR;Türkiye;M;Aylık;U_MKTS;Motorlu Kara Taşıtları Sayısı;M09;Eylül;20;Hibrit;PN;Sayı;2020-09;25711;;;;;;;;;;;;
TR;Türkiye;M;Aylık;U_MKTS;Motorlu Kara Taşıtları Sayısı;M09;Eylül;20;Hibrit;PN;Sayı;2019-09;10467;;;;;;;;;;;;
TR;Türkiye;M;Aylık;U_MKTS;Motorlu Kara Taşıtları Sayısı;M09;Eylül;20;Hibrit;PN;Sayı;2018-09;3633;;;;;;;;;;;;
TR;Türkiye;M;Aylık;U_MKTS;Motorlu Kara Taşıtları Sayısı;M09;Eylül;20;Hibrit;PN;Sayı;2017-09;729;;;;;;;;;;;;
TR;Türkiye;M;Aylık;U_MKTS;Motorlu Kara Taşıtları Sayısı;M09;Eylül;20;Hibrit;PN;Sayı;2016-09;449;;;;;;;;;;;;
TR;Türkiye;M;Aylık;U_MKTS;Motorlu Kara Taşıtları Sayısı;M09;Eylül;20;Hibrit;PN;Sayı;2015-09;276;;;;;;;;;;;;
TR;Türkiye;M;Aylık;U_MKTS;Motorlu Kara Taşıtları Sayısı;M09;Eylül;20;Hibrit;PN;Sayı;2014-09;97;;;;;;;;;;;;
TR;Türkiye;M;Aylık;U_MKTS;Motorlu Kara Taşıtları Sayısı;M09;Eylül;20;Hibrit;PN;Sayı;2013-09;75;;;;;;;;;;;;
TR;Türkiye;M;Aylık;U_MKTS;Motorlu Kara Taşıtları Sayısı;M09;Eylül;20;Hibrit;PN;Sayı;2012-09;37;;;;;;;;;;;;
TR;Türkiye;M;Aylık;U_MKTS;Motorlu Kara Taşıtları Sayısı;M09;Eylül;5;Elektrik;PT;Yüzde;2025-09;Oca.87;;;;;;;;;;;;
TR;Türkiye;M;Aylık;U_MKTS;Motorlu Kara Taşıtları Sayısı;M09;Eylül;5;Elektrik;PT;Yüzde;2024-09;0.91;;;;;;;;;;;;
TR;Türkiye;M;Aylık;U_MKTS;Motorlu Kara Taşıtları Sayısı;M09;Eylül;5;Elektrik;PT;Yüzde;2023-09;0.34;;;;;;;;;;;;
TR;Türkiye;M;Aylık;U_MKTS;Motorlu Kara Taşıtları Sayısı;M09;Eylül;5;Elektrik;PT;Yüzde;2022-09;0.08;;;;;;;;;;;;
TR;Türkiye;M;Aylık;U_MKTS;Motorlu Kara Taşıtları Sayısı;M09;Eylül;5;Elektrik;PT;Yüzde;2021-09;0.04;;;;;;;;;;;;
TR;Türkiye;M;Aylık;U_MKTS;Motorlu Kara Taşıtları Sayısı;M09;Eylül;5;Elektrik;PT;Yüzde;2020-09;0.01;;;;;;;;;;;;
TR;Türkiye;M;Aylık;U_MKTS;Motorlu Kara Taşıtları Sayısı;M09;Eylül;5;Elektrik;PT;Yüzde;2019-09;0.01;;;;;;;;;;;;
TR;Türkiye;M;Aylık;U_MKTS;Motorlu Kara Taşıtları Sayısı;M09;Eylül;5;Elektrik;PT;Yüzde;2018-09;0.01;;;;;;;;;;;;
TR;Türkiye;M;Aylık;U_MKTS;Motorlu Kara Taşıtları Sayısı;M09;Eylül;5;Elektrik;PT;Yüzde;2017-09;0.01;;;;;;;;;;;;
TR;Türkiye;M;Aylık;U_MKTS;Motorlu Kara Taşıtları Sayısı;M09;Eylül;5;Elektrik;PT;Yüzde;2016-09;0.01;;;;;;;;;;;;
TR;Türkiye;M;Aylık;U_MKTS;Motorlu Kara Taşıtları Sayısı;M09;Eylül;5;Elektrik;PT;Yüzde;2015-09;0.01;;;;;;;;;;;;
TR;Türkiye;M;Aylık;U_MKTS;Motorlu Kara Taşıtları Sayısı;M09;Eylül;5;Elektrik;PT;Yüzde;2014-09;0;;;;;;;;;;;;
TR;Türkiye;M;Aylık;U_MKTS;Motorlu Kara Taşıtları Sayısı;M09;Eylül;5;Elektrik;PT;Yüzde;2013-09;0;;;;;;;;;;;;
TR;Türkiye;M;Aylık;U_MKTS;Motorlu Kara Taşıtları Sayısı;M09;Eylül;5;Elektrik;PT;Yüzde;2012-09;0;;;;;;;;;;;;
TR;Türkiye;M;Aylık;U_MKTS;Motorlu Kara Taşıtları Sayısı;M09;Eylül;5;Elektrik;PT;Yüzde;2011-09;0;;;;;;;;;;;;
TR;Türkiye;M;Aylık;U_MKTS;Motorlu Kara Taşıtları Sayısı;M09;Eylül;5;Elektrik;PN;Sayı;2025-09;319155;;;;;;;;;;;;
TR;Türkiye;M;Aylık;U_MKTS;Motorlu Kara Taşıtları Sayısı;M09;Eylül;5;Elektrik;PN;Sayı;2024-09;145497;;;;;;;;;;;;
TR;Türkiye;M;Aylık;U_MKTS;Motorlu Kara Taşıtları Sayısı;M09;Eylül;5;Elektrik;PN;Sayı;2023-09;51219;;;;;;;;;;;;
TR;Türkiye;M;Aylık;U_MKTS;Motorlu Kara Taşıtları Sayısı;M09;Eylül;5;Elektrik;PN;Sayı;2022-09;10820;;;;;;;;;;;;
TR;Türkiye;M;Aylık;U_MKTS;Motorlu Kara Taşıtları Sayısı;M09;Eylül;5;Elektrik;PN;Sayı;2021-09;4794;;;;;;;;;;;;
TR;Türkiye;M;Aylık;U_MKTS;Motorlu Kara Taşıtları Sayısı;M09;Eylül;5;Elektrik;PN;Sayı;2020-09;1749;;;;;;;;;;;;
TR;Türkiye;M;Aylık;U_MKTS;Motorlu Kara Taşıtları Sayısı;M09;Eylül;5;Elektrik;PN;Sayı;2019-09;1086;;;;;;;;;;;;
TR;Türkiye;M;Aylık;U_MKTS;Motorlu Kara Taşıtları Sayısı;M09;Eylül;5;Elektrik;PN;Sayı;2018-09;932;;;;;;;;;;;;
TR;Türkiye;M;Aylık;U_MKTS;Motorlu Kara Taşıtları Sayısı;M09;Eylül;5;Elektrik;PN;Sayı;2017-09;718;;;;;;;;;;;;
TR;Türkiye;M;Aylık;U_MKTS;Motorlu Kara Taşıtları Sayısı;M09;Eylül;5;Elektrik;PN;Sayı;2016-09;622;;;;;;;;;;;;
TR;Türkiye;M;Aylık;U_MKTS;Motorlu Kara Taşıtları Sayısı;M09;Eylül;5;Elektrik;PN;Sayı;2015-09;529;;;;;;;;;;;;
TR;Türkiye;M;Aylık;U_MKTS;Motorlu Kara Taşıtları Sayısı;M09;Eylül;5;Elektrik;PN;Sayı;2014-09;382;;;;;;;;;;;;
TR;Türkiye;M;Aylık;U_MKTS;Motorlu Kara Taşıtları Sayısı;M09;Eylül;5;Elektrik;PN;Sayı;2013-09;350;;;;;;;;;;;;
TR;Türkiye;M;Aylık;U_MKTS;Motorlu Kara Taşıtları Sayısı;M09;Eylül;5;Elektrik;PN;Sayı;2012-09;114;;;;;;;;;;;;
TR;Türkiye;M;Aylık;U_MKTS;Motorlu Kara Taşıtları Sayısı;M09;Eylül;5;Elektrik;PN;Sayı;2011-09;34;;;;;;;;;;;;
TR;Türkiye;M;Aylık;U_MKTS;Motorlu Kara Taşıtları Sayısı;M09;Eylül;_U;Bilinmeyen;PT;Yüzde;2025-09;0.21;;;;;;;;;;;;
TR;Türkiye;M;Aylık;U_MKTS;Motorlu Kara Taşıtları Sayısı;M09;Eylül;_U;Bilinmeyen;PT;Yüzde;2024-09;0.22;;;;;;;;;;;;
TR;Türkiye;M;Aylık;U_MKTS;Motorlu Kara Taşıtları Sayısı;M09;Eylül;_U;Bilinmeyen;PT;Yüzde;2023-09;0.24;;;;;;;;;;;;
TR;Türkiye;M;Aylık;U_MKTS;Motorlu Kara Taşıtları Sayısı;M09;Eylül;_U;Bilinmeyen;PT;Yüzde;2022-09;0.25;;;;;;;;;;;;
TR;Türkiye;M;Aylık;U_MKTS;Motorlu Kara Taşıtları Sayısı;M09;Eylül;_U;Bilinmeyen;PT;Yüzde;2021-09;0.27;;;;;;;;;;;;
TR;Türkiye;M;Aylık;U_MKTS;Motorlu Kara Taşıtları Sayısı;M09;Eylül;_U;Bilinmeyen;PT;Yüzde;2020-09;0.28;;;;;;;;;;;;
TR;Türkiye;M;Aylık;U_MKTS;Motorlu Kara Taşıtları Sayısı;M09;Eylül;_U;Bilinmeyen;PT;Yüzde;2019-09;0.3;;;;;;;;;;;;
TR;Türkiye;M;Aylık;U_MKTS;Motorlu Kara Taşıtları Sayısı;M09;Eylül;_U;Bilinmeyen;PT;Yüzde;2018-09;0.32;;;;;;;;;;;;
TR;Türkiye;M;Aylık;U_MKTS;Motorlu Kara Taşıtları Sayısı;M09;Eylül;_U;Bilinmeyen;PT;Yüzde;2017-09;0.35;;;;;;;;;;;;
TR;Türkiye;M;Aylık;U_MKTS;Motorlu Kara Taşıtları Sayısı;M09;Eylül;_U;Bilinmeyen;PT;Yüzde;2016-09;0.38;;;;;;;;;;;;
TR;Türkiye;M;Aylık;U_MKTS;Motorlu Kara Taşıtları Sayısı;M09;Eylül;_U;Bilinmeyen;PT;Yüzde;2015-09;0.41;;;;;;;;;;;;
TR;Türkiye;M;Aylık;U_MKTS;Motorlu Kara Taşıtları Sayısı;M09;Eylül;_U;Bilinmeyen;PT;Yüzde;2014-09;0.45;;;;;;;;;;;;
TR;Türkiye;M;Aylık;U_MKTS;Motorlu Kara Taşıtları Sayısı;M09;Eylül;_U;Bilinmeyen;PT;Yüzde;2013-09;0.5;;;;;;;;;;;;
TR;Türkiye;M;Aylık;U_MKTS;Motorlu Kara Taşıtları Sayısı;M09;Eylül;_U;Bilinmeyen;PT;Yüzde;2012-09;0.59;;;;;;;;;;;;
TR;Türkiye;M;Aylık;U_MKTS;Motorlu Kara Taşıtları Sayısı;M09;Eylül;_U;Bilinmeyen;PT;Yüzde;2011-09;0.8;;;;;;;;;;;;
TR;Türkiye;M;Aylık;U_MKTS;Motorlu Kara Taşıtları Sayısı;M09;Eylül;_U;Bilinmeyen;PT;Yüzde;2010-09;1;;;;;;;;;;;;
TR;Türkiye;M;Aylık;U_MKTS;Motorlu Kara Taşıtları Sayısı;M09;Eylül;_U;Bilinmeyen;PT;Yüzde;2009-09;Oca.21;;;;;;;;;;;;
TR;Türkiye;M;Aylık;U_MKTS;Motorlu Kara Taşıtları Sayısı;M09;Eylül;_U;Bilinmeyen;PT;Yüzde;2008-09;2.Eyl;;;;;;;;;;;;
TR;Türkiye;M;Aylık;U_MKTS;Motorlu Kara Taşıtları Sayısı;M09;Eylül;_U;Bilinmeyen;PT;Yüzde;2007-09;Şub.72;;;;;;;;;;;;
TR;Türkiye;M;Aylık;U_MKTS;Motorlu Kara Taşıtları Sayısı;M09;Eylül;_U;Bilinmeyen;PT;Yüzde;2006-09;Mar.36;;;;;;;;;;;;
TR;Türkiye;M;Aylık;U_MKTS;Motorlu Kara Taşıtları Sayısı;M09;Eylül;_U;Bilinmeyen;PT;Yüzde;2005-09;Nis.47;;;;;;;;;;;;
TR;Türkiye;M;Aylık;U_MKTS;Motorlu Kara Taşıtları Sayısı;M09;Eylül;_U;Bilinmeyen;PN;Sayı;2025-09;35566;;;;;;;;;;;;
TR;Türkiye;M;Aylık;U_MKTS;Motorlu Kara Taşıtları Sayısı;M09;Eylül;_U;Bilinmeyen;PN;Sayı;2024-09;35286;;;;;;;;;;;;
TR;Türkiye;M;Aylık;U_MKTS;Motorlu Kara Taşıtları Sayısı;M09;Eylül;_U;Bilinmeyen;PN;Sayı;2023-09;35437;;;;;;;;;;;;
TR;Türkiye;M;Aylık;U_MKTS;Motorlu Kara Taşıtları Sayısı;M09;Eylül;_U;Bilinmeyen;PN;Sayı;2022-09;35646;;;;;;;;;;;;
TR;Türkiye;M;Aylık;U_MKTS;Motorlu Kara Taşıtları Sayısı;M09;Eylül;_U;Bilinmeyen;PN;Sayı;2021-09;36090;;;;;;;;;;;;
TR;Türkiye;M;Aylık;U_MKTS;Motorlu Kara Taşıtları Sayısı;M09;Eylül;_U;Bilinmeyen;PN;Sayı;2020-09;36358;;;;;;;;;;;;
TR;Türkiye;M;Aylık;U_MKTS;Motorlu Kara Taşıtları Sayısı;M09;Eylül;_U;Bilinmeyen;PN;Sayı;2019-09;36910;;;;;;;;;;;;
TR;Türkiye;M;Aylık;U_MKTS;Motorlu Kara Taşıtları Sayısı;M09;Eylül;_U;Bilinmeyen;PN;Sayı;2018-09;39844;;;;;;;;;;;;
TR;Türkiye;M;Aylık;U_MKTS;Motorlu Kara Taşıtları Sayısı;M09;Eylül;_U;Bilinmeyen;PN;Sayı;2017-09;41180;;;;;;;;;;;;
TR;Türkiye;M;Aylık;U_MKTS;Motorlu Kara Taşıtları Sayısı;M09;Eylül;_U;Bilinmeyen;PN;Sayı;2016-09;42056;;;;;;;;;;;;
TR;Türkiye;M;Aylık;U_MKTS;Motorlu Kara Taşıtları Sayısı;M09;Eylül;_U;Bilinmeyen;PN;Sayı;2015-09;43055;;;;;;;;;;;;
TR;Türkiye;M;Aylık;U_MKTS;Motorlu Kara Taşıtları Sayısı;M09;Eylül;_U;Bilinmeyen;PN;Sayı;2014-09;43882;;;;;;;;;;;;
TR;Türkiye;M;Aylık;U_MKTS;Motorlu Kara Taşıtları Sayısı;M09;Eylül;_U;Bilinmeyen;PN;Sayı;2013-09;46074;;;;;;;;;;;;
TR;Türkiye;M;Aylık;U_MKTS;Motorlu Kara Taşıtları Sayısı;M09;Eylül;_U;Bilinmeyen;PN;Sayı;2012-09;50280;;;;;;;;;;;;
TR;Türkiye;M;Aylık;U_MKTS;Motorlu Kara Taşıtları Sayısı;M09;Eylül;_U;Bilinmeyen;PN;Sayı;2011-09;63612;;;;;;;;;;;;
TR;Türkiye;M;Aylık;U_MKTS;Motorlu Kara Taşıtları Sayısı;M09;Eylül;_U;Bilinmeyen;PN;Sayı;2010-09;73829;;;;;;;;;;;;
TR;Türkiye;M;Aylık;U_MKTS;Motorlu Kara Taşıtları Sayısı;M09;Eylül;_U;Bilinmeyen;PN;Sayı;2009-09;85241;;;;;;;;;;;;
TR;Türkiye;M;Aylık;U_MKTS;Motorlu Kara Taşıtları Sayısı;M09;Eylül;_U;Bilinmeyen;PN;Sayı;2008-09;140769;;;;;;;;;;;;
TR;Türkiye;M;Aylık;U_MKTS;Motorlu Kara Taşıtları Sayısı;M09;Eylül;_U;Bilinmeyen;PN;Sayı;2007-09;173215;;;;;;;;;;;;
TR;Türkiye;M;Aylık;U_MKTS;Motorlu Kara Taşıtları Sayısı;M09;Eylül;_U;Bilinmeyen;PN;Sayı;2006-09;203962;;;;;;;;;;;;
TR;Türkiye;M;Aylık;U_MKTS;Motorlu Kara Taşıtları Sayısı;M09;Eylül;_U;Bilinmeyen;PN;Sayı;2005-09;252720;;;;;;;;;;;;
TR;Türkiye;M;Aylık;U_MKTS;Motorlu Kara Taşıtları Sayısı;M10;Ekim;_T;Toplam;PT;Yüzde;2025-10;100;;;;;;;;;;;;
TR;Türkiye;M;Aylık;U_MKTS;Motorlu Kara Taşıtları Sayısı;M10;Ekim;_T;Toplam;PT;Yüzde;2024-10;100;;;;;;;;;;;;
TR;Türkiye;M;Aylık;U_MKTS;Motorlu Kara Taşıtları Sayısı;M10;Ekim;_T;Toplam;PT;Yüzde;2023-10;100;;;;;;;;;;;;
TR;Türkiye;M;Aylık;U_MKTS;Motorlu Kara Taşıtları Sayısı;M10;Ekim;_T;Toplam;PT;Yüzde;2022-10;100;;;;;;;;;;;;
TR;Türkiye;M;Aylık;U_MKTS;Motorlu Kara Taşıtları Sayısı;M10;Ekim;_T;Toplam;PT;Yüzde;2021-10;100;;;;;;;;;;;;
TR;Türkiye;M;Aylık;U_MKTS;Motorlu Kara Taşıtları Sayısı;M10;Ekim;_T;Toplam;PT;Yüzde;2020-10;100;;;;;;;;;;;;
TR;Türkiye;M;Aylık;U_MKTS;Motorlu Kara Taşıtları Sayısı;M10;Ekim;_T;Toplam;PT;Yüzde;2019-10;100;;;;;;;;;;;;
TR;Türkiye;M;Aylık;U_MKTS;Motorlu Kara Taşıtları Sayısı;M10;Ekim;_T;Toplam;PT;Yüzde;2018-10;100;;;;;;;;;;;;
TR;Türkiye;M;Aylık;U_MKTS;Motorlu Kara Taşıtları Sayısı;M10;Ekim;_T;Toplam;PT;Yüzde;2017-10;100;;;;;;;;;;;;
TR;Türkiye;M;Aylık;U_MKTS;Motorlu Kara Taşıtları Sayısı;M10;Ekim;_T;Toplam;PT;Yüzde;2016-10;100;;;;;;;;;;;;
TR;Türkiye;M;Aylık;U_MKTS;Motorlu Kara Taşıtları Sayısı;M10;Ekim;_T;Toplam;PT;Yüzde;2015-10;100;;;;;;;;;;;;
TR;Türkiye;M;Aylık;U_MKTS;Motorlu Kara Taşıtları Sayısı;M10;Ekim;_T;Toplam;PT;Yüzde;2014-10;100;;;;;;;;;;;;
TR;Türkiye;M;Aylık;U_MKTS;Motorlu Kara Taşıtları Sayısı;M10;Ekim;_T;Toplam;PT;Yüzde;2013-10;100;;;;;;;;;;;;
TR;Türkiye;M;Aylık;U_MKTS;Motorlu Kara Taşıtları Sayısı;M10;Ekim;_T;Toplam;PT;Yüzde;2012-10;100;;;;;;;;;;;;
TR;Türkiye;M;Aylık;U_MKTS;Motorlu Kara Taşıtları Sayısı;M10;Ekim;_T;Toplam;PT;Yüzde;2011-10;100;;;;;;;;;;;;
TR;Türkiye;M;Aylık;U_MKTS;Motorlu Kara Taşıtları Sayısı;M10;Ekim;_T;Toplam;PT;Yüzde;2010-10;100;;;;;;;;;;;;
TR;Türkiye;M;Aylık;U_MKTS;Motorlu Kara Taşıtları Sayısı;M10;Ekim;_T;Toplam;PT;Yüzde;2009-10;100;;;;;;;;;;;;
TR;Türkiye;M;Aylık;U_MKTS;Motorlu Kara Taşıtları Sayısı;M10;Ekim;_T;Toplam;PT;Yüzde;2008-10;100;;;;;;;;;;;;
TR;Türkiye;M;Aylık;U_MKTS;Motorlu Kara Taşıtları Sayısı;M10;Ekim;_T;Toplam;PT;Yüzde;2007-10;100;;;;;;;;;;;;
TR;Türkiye;M;Aylık;U_MKTS;Motorlu Kara Taşıtları Sayısı;M10;Ekim;_T;Toplam;PT;Yüzde;2006-10;100;;;;;;;;;;;;
TR;Türkiye;M;Aylık;U_MKTS;Motorlu Kara Taşıtları Sayısı;M10;Ekim;_T;Toplam;PT;Yüzde;2005-10;100;;;;;;;;;;;;
TR;Türkiye;M;Aylık;U_MKTS;Motorlu Kara Taşıtları Sayısı;M10;Ekim;_T;Toplam;PN;Sayı;2025-10;17117983;;;;;;;;;;;;
TR;Türkiye;M;Aylık;U_MKTS;Motorlu Kara Taşıtları Sayısı;M10;Ekim;_T;Toplam;PN;Sayı;2024-10;16038061;;;;;;;;;;;;
TR;Türkiye;M;Aylık;U_MKTS;Motorlu Kara Taşıtları Sayısı;M10;Ekim;_T;Toplam;PN;Sayı;2023-10;15044117;;;;;;;;;;;;
TR;Türkiye;M;Aylık;U_MKTS;Motorlu Kara Taşıtları Sayısı;M10;Ekim;_T;Toplam;PN;Sayı;2022-10;14157691;;;;;;;;;;;;
TR;Türkiye;M;Aylık;U_MKTS;Motorlu Kara Taşıtları Sayısı;M10;Ekim;_T;Toplam;PN;Sayı;2021-10;13634249;;;;;;;;;;;;
TR;Türkiye;M;Aylık;U_MKTS;Motorlu Kara Taşıtları Sayısı;M10;Ekim;_T;Toplam;PN;Sayı;2020-10;12978106;;;;;;;;;;;;
TR;Türkiye;M;Aylık;U_MKTS;Motorlu Kara Taşıtları Sayısı;M10;Ekim;_T;Toplam;PN;Sayı;2019-10;12515365;;;;;;;;;;;;
TR;Türkiye;M;Aylık;U_MKTS;Motorlu Kara Taşıtları Sayısı;M10;Ekim;_T;Toplam;PN;Sayı;2018-10;12373601;;;;;;;;;;;;
TR;Türkiye;M;Aylık;U_MKTS;Motorlu Kara Taşıtları Sayısı;M10;Ekim;_T;Toplam;PN;Sayı;2017-10;11907977;;;;;;;;;;;;
TR;Türkiye;M;Aylık;U_MKTS;Motorlu Kara Taşıtları Sayısı;M10;Ekim;_T;Toplam;PN;Sayı;2016-10;11167328;;;;;;;;;;;;
TR;Türkiye;M;Aylık;U_MKTS;Motorlu Kara Taşıtları Sayısı;M10;Ekim;_T;Toplam;PN;Sayı;2015-10;10454465;;;;;;;;;;;;
TR;Türkiye;M;Aylık;U_MKTS;Motorlu Kara Taşıtları Sayısı;M10;Ekim;_T;Toplam;PN;Sayı;2014-10;9754588;;;;;;;;;;;;
TR;Türkiye;M;Aylık;U_MKTS;Motorlu Kara Taşıtları Sayısı;M10;Ekim;_T;Toplam;PN;Sayı;2013-10;9171181;;;;;;;;;;;;
TR;Türkiye;M;Aylık;U_MKTS;Motorlu Kara Taşıtları Sayısı;M10;Ekim;_T;Toplam;PN;Sayı;2012-10;8560374;;;;;;;;;;;;
TR;Türkiye;M;Aylık;U_MKTS;Motorlu Kara Taşıtları Sayısı;M10;Ekim;_T;Toplam;PN;Sayı;2011-10;8034268;;;;;;;;;;;;
TR;Türkiye;M;Aylık;U_MKTS;Motorlu Kara Taşıtları Sayısı;M10;Ekim;_T;Toplam;PN;Sayı;2010-10;7450737;;;;;;;;;;;;
TR;Türkiye;M;Aylık;U_MKTS;Motorlu Kara Taşıtları Sayısı;M10;Ekim;_T;Toplam;PN;Sayı;2009-10;7056945;;;;;;;;;;;;
TR;Türkiye;M;Aylık;U_MKTS;Motorlu Kara Taşıtları Sayısı;M10;Ekim;_T;Toplam;PN;Sayı;2008-10;6765680;;;;;;;;;;;;
TR;Türkiye;M;Aylık;U_MKTS;Motorlu Kara Taşıtları Sayısı;M10;Ekim;_T;Toplam;PN;Sayı;2007-10;6401618;;;;;;;;;;;;
TR;Türkiye;M;Aylık;U_MKTS;Motorlu Kara Taşıtları Sayısı;M10;Ekim;_T;Toplam;PN;Sayı;2006-10;6085671;;;;;;;;;;;;
TR;Türkiye;M;Aylık;U_MKTS;Motorlu Kara Taşıtları Sayısı;M10;Ekim;_T;Toplam;PN;Sayı;2005-10;5694793;;;;;;;;;;;;
TR;Türkiye;M;Aylık;U_MKTS;Motorlu Kara Taşıtları Sayısı;M10;Ekim;1;Benzinli;PT;Yüzde;2025-10;30.Ağu;;;;;;;;;;;;
TR;Türkiye;M;Aylık;U_MKTS;Motorlu Kara Taşıtları Sayısı;M10;Ekim;1;Benzinli;PT;Yüzde;2024-10;30.May;;;;;;;;;;;;
TR;Türkiye;M;Aylık;U_MKTS;Motorlu Kara Taşıtları Sayısı;M10;Ekim;1;Benzinli;PT;Yüzde;2023-10;28.35;;;;;;;;;;;;
TR;Türkiye;M;Aylık;U_MKTS;Motorlu Kara Taşıtları Sayısı;M10;Ekim;1;Benzinli;PT;Yüzde;2022-10;26.55;;;;;;;;;;;;
TR;Türkiye;M;Aylık;U_MKTS;Motorlu Kara Taşıtları Sayısı;M10;Ekim;1;Benzinli;PT;Yüzde;2021-10;25.39;;;;;;;;;;;;
TR;Türkiye;M;Aylık;U_MKTS;Motorlu Kara Taşıtları Sayısı;M10;Ekim;1;Benzinli;PT;Yüzde;2020-10;24.35;;;;;;;;;;;;
TR;Türkiye;M;Aylık;U_MKTS;Motorlu Kara Taşıtları Sayısı;M10;Ekim;1;Benzinli;PT;Yüzde;2019-10;24.25;;;;;;;;;;;;
TR;Türkiye;M;Aylık;U_MKTS;Motorlu Kara Taşıtları Sayısı;M10;Ekim;1;Benzinli;PT;Yüzde;2018-10;25.May;;;;;;;;;;;;
TR;Türkiye;M;Aylık;U_MKTS;Motorlu Kara Taşıtları Sayısı;M10;Ekim;1;Benzinli;PT;Yüzde;2017-10;26.Nis;;;;;;;;;;;;
TR;Türkiye;M;Aylık;U_MKTS;Motorlu Kara Taşıtları Sayısı;M10;Ekim;1;Benzinli;PT;Yüzde;2016-10;26.91;;;;;;;;;;;;
TR;Türkiye;M;Aylık;U_MKTS;Motorlu Kara Taşıtları Sayısı;M10;Ekim;1;Benzinli;PT;Yüzde;2015-10;27.Ağu;;;;;;;;;;;;
TR;Türkiye;M;Aylık;U_MKTS;Motorlu Kara Taşıtları Sayısı;M10;Ekim;1;Benzinli;PT;Yüzde;2014-10;29.31;;;;;;;;;;;;
TR;Türkiye;M;Aylık;U_MKTS;Motorlu Kara Taşıtları Sayısı;M10;Ekim;1;Benzinli;PT;Yüzde;2013-10;31.49;;;;;;;;;;;;
TR;Türkiye;M;Aylık;U_MKTS;Motorlu Kara Taşıtları Sayısı;M10;Ekim;1;Benzinli;PT;Yüzde;2012-10;34.45;;;;;;;;;;;;
TR;Türkiye;M;Aylık;U_MKTS;Motorlu Kara Taşıtları Sayısı;M10;Ekim;1;Benzinli;PT;Yüzde;2011-10;38.11;;;;;;;;;;;;
TR;Türkiye;M;Aylık;U_MKTS;Motorlu Kara Taşıtları Sayısı;M10;Ekim;1;Benzinli;PT;Yüzde;2010-10;43.1;;;;;;;;;;;;
TR;Türkiye;M;Aylık;U_MKTS;Motorlu Kara Taşıtları Sayısı;M10;Ekim;1;Benzinli;PT;Yüzde;2009-10;48.36;;;;;;;;;;;;
TR;Türkiye;M;Aylık;U_MKTS;Motorlu Kara Taşıtları Sayısı;M10;Ekim;1;Benzinli;PT;Yüzde;2008-10;52.57;;;;;;;;;;;;
TR;Türkiye;M;Aylık;U_MKTS;Motorlu Kara Taşıtları Sayısı;M10;Ekim;1;Benzinli;PT;Yüzde;2007-10;58.31;;;;;;;;;;;;
TR;Türkiye;M;Aylık;U_MKTS;Motorlu Kara Taşıtları Sayısı;M10;Ekim;1;Benzinli;PT;Yüzde;2006-10;63.33;;;;;;;;;;;;
TR;Türkiye;M;Aylık;U_MKTS;Motorlu Kara Taşıtları Sayısı;M10;Ekim;1;Benzinli;PT;Yüzde;2005-10;68.24;;;;;;;;;;;;
TR;Türkiye;M;Aylık;U_MKTS;Motorlu Kara Taşıtları Sayısı;M10;Ekim;1;Benzinli;PN;Sayı;2025-10;5272563;;;;;;;;;;;;
TR;Türkiye;M;Aylık;U_MKTS;Motorlu Kara Taşıtları Sayısı;M10;Ekim;1;Benzinli;PN;Sayı;2024-10;4819942;;;;;;;;;;;;
TR;Türkiye;M;Aylık;U_MKTS;Motorlu Kara Taşıtları Sayısı;M10;Ekim;1;Benzinli;PN;Sayı;2023-10;4265339;;;;;;;;;;;;
TR;Türkiye;M;Aylık;U_MKTS;Motorlu Kara Taşıtları Sayısı;M10;Ekim;1;Benzinli;PN;Sayı;2022-10;3758770;;;;;;;;;;;;
TR;Türkiye;M;Aylık;U_MKTS;Motorlu Kara Taşıtları Sayısı;M10;Ekim;1;Benzinli;PN;Sayı;2021-10;3461663;;;;;;;;;;;;
TR;Türkiye;M;Aylık;U_MKTS;Motorlu Kara Taşıtları Sayısı;M10;Ekim;1;Benzinli;PN;Sayı;2020-10;3160808;;;;;;;;;;;;
TR;Türkiye;M;Aylık;U_MKTS;Motorlu Kara Taşıtları Sayısı;M10;Ekim;1;Benzinli;PN;Sayı;2019-10;3035365;;;;;;;;;;;;
TR;Türkiye;M;Aylık;U_MKTS;Motorlu Kara Taşıtları Sayısı;M10;Ekim;1;Benzinli;PN;Sayı;2018-10;3099231;;;;;;;;;;;;
TR;Türkiye;M;Aylık;U_MKTS;Motorlu Kara Taşıtları Sayısı;M10;Ekim;1;Benzinli;PN;Sayı;2017-10;3100487;;;;;;;;;;;;
TR;Türkiye;M;Aylık;U_MKTS;Motorlu Kara Taşıtları Sayısı;M10;Ekim;1;Benzinli;PN;Sayı;2016-10;3005056;;;;;;;;;;;;
TR;Türkiye;M;Aylık;U_MKTS;Motorlu Kara Taşıtları Sayısı;M10;Ekim;1;Benzinli;PN;Sayı;2015-10;2906263;;;;;;;;;;;;
TR;Türkiye;M;Aylık;U_MKTS;Motorlu Kara Taşıtları Sayısı;M10;Ekim;1;Benzinli;PN;Sayı;2014-10;2858814;;;;;;;;;;;;
TR;Türkiye;M;Aylık;U_MKTS;Motorlu Kara Taşıtları Sayısı;M10;Ekim;1;Benzinli;PN;Sayı;2013-10;2887954;;;;;;;;;;;;
TR;Türkiye;M;Aylık;U_MKTS;Motorlu Kara Taşıtları Sayısı;M10;Ekim;1;Benzinli;PN;Sayı;2012-10;2948809;;;;;;;;;;;;
TR;Türkiye;M;Aylık;U_MKTS;Motorlu Kara Taşıtları Sayısı;M10;Ekim;1;Benzinli;PN;Sayı;2011-10;3061784;;;;;;;;;;;;
TR;Türkiye;M;Aylık;U_MKTS;Motorlu Kara Taşıtları Sayısı;M10;Ekim;1;Benzinli;PN;Sayı;2010-10;3211558;;;;;;;;;;;;
TR;Türkiye;M;Aylık;U_MKTS;Motorlu Kara Taşıtları Sayısı;M10;Ekim;1;Benzinli;PN;Sayı;2009-10;3412920;;;;;;;;;;;;
TR;Türkiye;M;Aylık;U_MKTS;Motorlu Kara Taşıtları Sayısı;M10;Ekim;1;Benzinli;PN;Sayı;2008-10;3556992;;;;;;;;;;;;
TR;Türkiye;M;Aylık;U_MKTS;Motorlu Kara Taşıtları Sayısı;M10;Ekim;1;Benzinli;PN;Sayı;2007-10;3732848;;;;;;;;;;;;
TR;Türkiye;M;Aylık;U_MKTS;Motorlu Kara Taşıtları Sayısı;M10;Ekim;1;Benzinli;PN;Sayı;2006-10;3854357;;;;;;;;;;;;
TR;Türkiye;M;Aylık;U_MKTS;Motorlu Kara Taşıtları Sayısı;M10;Ekim;1;Benzinli;PN;Sayı;2005-10;3886134;;;;;;;;;;;;
TR;Türkiye;M;Aylık;U_MKTS;Motorlu Kara Taşıtları Sayısı;M10;Ekim;2;Dizel;PT;Yüzde;2025-10;32.91;;;;;;;;;;;;
TR;Türkiye;M;Aylık;U_MKTS;Motorlu Kara Taşıtları Sayısı;M10;Ekim;2;Dizel;PT;Yüzde;2024-10;34.45;;;;;;;;;;;;
TR;Türkiye;M;Aylık;U_MKTS;Motorlu Kara Taşıtları Sayısı;M10;Ekim;2;Dizel;PT;Yüzde;2023-10;35.93;;;;;;;;;;;;
TR;Türkiye;M;Aylık;U_MKTS;Motorlu Kara Taşıtları Sayısı;M10;Ekim;2;Dizel;PT;Yüzde;2022-10;37.01;;;;;;;;;;;;
TR;Türkiye;M;Aylık;U_MKTS;Motorlu Kara Taşıtları Sayısı;M10;Ekim;2;Dizel;PT;Yüzde;2021-10;37.72;;;;;;;;;;;;
TR;Türkiye;M;Aylık;U_MKTS;Motorlu Kara Taşıtları Sayısı;M10;Ekim;2;Dizel;PT;Yüzde;2020-10;38.27;;;;;;;;;;;;
TR;Türkiye;M;Aylık;U_MKTS;Motorlu Kara Taşıtları Sayısı;M10;Ekim;2;Dizel;PT;Yüzde;2019-10;37.8;;;;;;;;;;;;
TR;Türkiye;M;Aylık;U_MKTS;Motorlu Kara Taşıtları Sayısı;M10;Ekim;2;Dizel;PT;Yüzde;2018-10;36.58;;;;;;;;;;;;
TR;Türkiye;M;Aylık;U_MKTS;Motorlu Kara Taşıtları Sayısı;M10;Ekim;2;Dizel;PT;Yüzde;2017-10;35.08;;;;;;;;;;;;
TR;Türkiye;M;Aylık;U_MKTS;Motorlu Kara Taşıtları Sayısı;M10;Ekim;2;Dizel;PT;Yüzde;2016-10;33.26;;;;;;;;;;;;
TR;Türkiye;M;Aylık;U_MKTS;Motorlu Kara Taşıtları Sayısı;M10;Ekim;2;Dizel;PT;Yüzde;2015-10;31.23;;;;;;;;;;;;
TR;Türkiye;M;Aylık;U_MKTS;Motorlu Kara Taşıtları Sayısı;M10;Ekim;2;Dizel;PT;Yüzde;2014-10;28.86;;;;;;;;;;;;
TR;Türkiye;M;Aylık;U_MKTS;Motorlu Kara Taşıtları Sayısı;M10;Ekim;2;Dizel;PT;Yüzde;2013-10;26.49;;;;;;;;;;;;
TR;Türkiye;M;Aylık;U_MKTS;Motorlu Kara Taşıtları Sayısı;M10;Ekim;2;Dizel;PT;Yüzde;2012-10;23.88;;;;;;;;;;;;
TR;Türkiye;M;Aylık;U_MKTS;Motorlu Kara Taşıtları Sayısı;M10;Ekim;2;Dizel;PT;Yüzde;2011-10;21.19;;;;;;;;;;;;
TR;Türkiye;M;Aylık;U_MKTS;Motorlu Kara Taşıtları Sayısı;M10;Ekim;2;Dizel;PT;Yüzde;2010-10;17.78;;;;;;;;;;;;
TR;Türkiye;M;Aylık;U_MKTS;Motorlu Kara Taşıtları Sayısı;M10;Ekim;2;Dizel;PT;Yüzde;2009-10;15.46;;;;;;;;;;;;
TR;Türkiye;M;Aylık;U_MKTS;Motorlu Kara Taşıtları Sayısı;M10;Ekim;2;Dizel;PT;Yüzde;2008-10;13.75;;;;;;;;;;;;
TR;Türkiye;M;Aylık;U_MKTS;Motorlu Kara Taşıtları Sayısı;M10;Ekim;2;Dizel;PT;Yüzde;2007-10;Kas.33;;;;;;;;;;;;
TR;Türkiye;M;Aylık;U_MKTS;Motorlu Kara Taşıtları Sayısı;M10;Ekim;2;Dizel;PT;Yüzde;2006-10;9.Kas;;;;;;;;;;;;
TR;Türkiye;M;Aylık;U_MKTS;Motorlu Kara Taşıtları Sayısı;M10;Ekim;2;Dizel;PT;Yüzde;2005-10;Haz.32;;;;;;;;;;;;
TR;Türkiye;M;Aylık;U_MKTS;Motorlu Kara Taşıtları Sayısı;M10;Ekim;2;Dizel;PN;Sayı;2025-10;5633791;;;;;;;;;;;;
TR;Türkiye;M;Aylık;U_MKTS;Motorlu Kara Taşıtları Sayısı;M10;Ekim;2;Dizel;PN;Sayı;2024-10;5524915;;;;;;;;;;;;
TR;Türkiye;M;Aylık;U_MKTS;Motorlu Kara Taşıtları Sayısı;M10;Ekim;2;Dizel;PN;Sayı;2023-10;5405634;;;;;;;;;;;;
TR;Türkiye;M;Aylık;U_MKTS;Motorlu Kara Taşıtları Sayısı;M10;Ekim;2;Dizel;PN;Sayı;2022-10;5240432;;;;;;;;;;;;
TR;Türkiye;M;Aylık;U_MKTS;Motorlu Kara Taşıtları Sayısı;M10;Ekim;2;Dizel;PN;Sayı;2021-10;5143268;;;;;;;;;;;;
TR;Türkiye;M;Aylık;U_MKTS;Motorlu Kara Taşıtları Sayısı;M10;Ekim;2;Dizel;PN;Sayı;2020-10;4966568;;;;;;;;;;;;
TR;Türkiye;M;Aylık;U_MKTS;Motorlu Kara Taşıtları Sayısı;M10;Ekim;2;Dizel;PN;Sayı;2019-10;4731231;;;;;;;;;;;;
TR;Türkiye;M;Aylık;U_MKTS;Motorlu Kara Taşıtları Sayısı;M10;Ekim;2;Dizel;PN;Sayı;2018-10;4526611;;;;;;;;;;;;
TR;Türkiye;M;Aylık;U_MKTS;Motorlu Kara Taşıtları Sayısı;M10;Ekim;2;Dizel;PN;Sayı;2017-10;4176741;;;;;;;;;;;;
TR;Türkiye;M;Aylık;U_MKTS;Motorlu Kara Taşıtları Sayısı;M10;Ekim;2;Dizel;PN;Sayı;2016-10;3713755;;;;;;;;;;;;
TR;Türkiye;M;Aylık;U_MKTS;Motorlu Kara Taşıtları Sayısı;M10;Ekim;2;Dizel;PN;Sayı;2015-10;3264442;;;;;;;;;;;;
TR;Türkiye;M;Aylık;U_MKTS;Motorlu Kara Taşıtları Sayısı;M10;Ekim;2;Dizel;PN;Sayı;2014-10;2814800;;;;;;;;;;;;
TR;Türkiye;M;Aylık;U_MKTS;Motorlu Kara Taşıtları Sayısı;M10;Ekim;2;Dizel;PN;Sayı;2013-10;2429724;;;;;;;;;;;;
TR;Türkiye;M;Aylık;U_MKTS;Motorlu Kara Taşıtları Sayısı;M10;Ekim;2;Dizel;PN;Sayı;2012-10;2044572;;;;;;;;;;;;
TR;Türkiye;M;Aylık;U_MKTS;Motorlu Kara Taşıtları Sayısı;M10;Ekim;2;Dizel;PN;Sayı;2011-10;1702651;;;;;;;;;;;;
TR;Türkiye;M;Aylık;U_MKTS;Motorlu Kara Taşıtları Sayısı;M10;Ekim;2;Dizel;PN;Sayı;2010-10;1324645;;;;;;;;;;;;
TR;Türkiye;M;Aylık;U_MKTS;Motorlu Kara Taşıtları Sayısı;M10;Ekim;2;Dizel;PN;Sayı;2009-10;1090751;;;;;;;;;;;;
TR;Türkiye;M;Aylık;U_MKTS;Motorlu Kara Taşıtları Sayısı;M10;Ekim;2;Dizel;PN;Sayı;2008-10;930353;;;;;;;;;;;;
TR;Türkiye;M;Aylık;U_MKTS;Motorlu Kara Taşıtları Sayısı;M10;Ekim;2;Dizel;PN;Sayı;2007-10;725375;;;;;;;;;;;;
TR;Türkiye;M;Aylık;U_MKTS;Motorlu Kara Taşıtları Sayısı;M10;Ekim;2;Dizel;PN;Sayı;2006-10;554465;;;;;;;;;;;;
TR;Türkiye;M;Aylık;U_MKTS;Motorlu Kara Taşıtları Sayısı;M10;Ekim;2;Dizel;PN;Sayı;2005-10;360084;;;;;;;;;;;;
TR;Türkiye;M;Aylık;U_MKTS;Motorlu Kara Taşıtları Sayısı;M10;Ekim;6;LPG;PT;Yüzde;2025-10;30.May;;;;;;;;;;;;
TR;Türkiye;M;Aylık;U_MKTS;Motorlu Kara Taşıtları Sayısı;M10;Ekim;6;LPG;PT;Yüzde;2024-10;32.15;;;;;;;;;;;;
TR;Türkiye;M;Aylık;U_MKTS;Motorlu Kara Taşıtları Sayısı;M10;Ekim;6;LPG;PT;Yüzde;2023-10;33.72;;;;;;;;;;;;
TR;Türkiye;M;Aylık;U_MKTS;Motorlu Kara Taşıtları Sayısı;M10;Ekim;6;LPG;PT;Yüzde;2022-10;35.22;;;;;;;;;;;;
TR;Türkiye;M;Aylık;U_MKTS;Motorlu Kara Taşıtları Sayısı;M10;Ekim;6;LPG;PT;Yüzde;2021-10;36;;;;;;;;;;;;
TR;Türkiye;M;Aylık;U_MKTS;Motorlu Kara Taşıtları Sayısı;M10;Ekim;6;LPG;PT;Yüzde;2020-10;36.86;;;;;;;;;;;;
TR;Türkiye;M;Aylık;U_MKTS;Motorlu Kara Taşıtları Sayısı;M10;Ekim;6;LPG;PT;Yüzde;2019-10;37.55;;;;;;;;;;;;
TR;Türkiye;M;Aylık;U_MKTS;Motorlu Kara Taşıtları Sayısı;M10;Ekim;6;LPG;PT;Yüzde;2018-10;38.01;;;;;;;;;;;;
TR;Türkiye;M;Aylık;U_MKTS;Motorlu Kara Taşıtları Sayısı;M10;Ekim;6;LPG;PT;Yüzde;2017-10;38.53;;;;;;;;;;;;
TR;Türkiye;M;Aylık;U_MKTS;Motorlu Kara Taşıtları Sayısı;M10;Ekim;6;LPG;PT;Yüzde;2016-10;39.45;;;;;;;;;;;;
TR;Türkiye;M;Aylık;U_MKTS;Motorlu Kara Taşıtları Sayısı;M10;Ekim;6;LPG;PT;Yüzde;2015-10;40.56;;;;;;;;;;;;
TR;Türkiye;M;Aylık;U_MKTS;Motorlu Kara Taşıtları Sayısı;M10;Ekim;6;LPG;PT;Yüzde;2014-10;41.38;;;;;;;;;;;;
TR;Türkiye;M;Aylık;U_MKTS;Motorlu Kara Taşıtları Sayısı;M10;Ekim;6;LPG;PT;Yüzde;2013-10;41.51;;;;;;;;;;;;
TR;Türkiye;M;Aylık;U_MKTS;Motorlu Kara Taşıtları Sayısı;M10;Ekim;6;LPG;PT;Yüzde;2012-10;41.08;;;;;;;;;;;;
TR;Türkiye;M;Aylık;U_MKTS;Motorlu Kara Taşıtları Sayısı;M10;Ekim;6;LPG;PT;Yüzde;2011-10;39.91;;;;;;;;;;;;
TR;Türkiye;M;Aylık;U_MKTS;Motorlu Kara Taşıtları Sayısı;M10;Ekim;6;LPG;PT;Yüzde;2010-10;38.14;;;;;;;;;;;;
TR;Türkiye;M;Aylık;U_MKTS;Motorlu Kara Taşıtları Sayısı;M10;Ekim;6;LPG;PT;Yüzde;2009-10;35;;;;;;;;;;;;
TR;Türkiye;M;Aylık;U_MKTS;Motorlu Kara Taşıtları Sayısı;M10;Ekim;6;LPG;PT;Yüzde;2008-10;31.81;;;;;;;;;;;;
TR;Türkiye;M;Aylık;U_MKTS;Motorlu Kara Taşıtları Sayısı;M10;Ekim;6;LPG;PT;Yüzde;2007-10;27.68;;;;;;;;;;;;
TR;Türkiye;M;Aylık;U_MKTS;Motorlu Kara Taşıtları Sayısı;M10;Ekim;6;LPG;PT;Yüzde;2006-10;24.24;;;;;;;;;;;;
TR;Türkiye;M;Aylık;U_MKTS;Motorlu Kara Taşıtları Sayısı;M10;Ekim;6;LPG;PT;Yüzde;2005-10;21.Haz;;;;;;;;;;;;
TR;Türkiye;M;Aylık;U_MKTS;Motorlu Kara Taşıtları Sayısı;M10;Ekim;6;LPG;PN;Sayı;2025-10;5220572;;;;;;;;;;;;
TR;Türkiye;M;Aylık;U_MKTS;Motorlu Kara Taşıtları Sayısı;M10;Ekim;6;LPG;PN;Sayı;2024-10;5157013;;;;;;;;;;;;
TR;Türkiye;M;Aylık;U_MKTS;Motorlu Kara Taşıtları Sayısı;M10;Ekim;6;LPG;PN;Sayı;2023-10;5073404;;;;;;;;;;;;
TR;Türkiye;M;Aylık;U_MKTS;Motorlu Kara Taşıtları Sayısı;M10;Ekim;6;LPG;PN;Sayı;2022-10;4985916;;;;;;;;;;;;
TR;Türkiye;M;Aylık;U_MKTS;Motorlu Kara Taşıtları Sayısı;M10;Ekim;6;LPG;PN;Sayı;2021-10;4908948;;;;;;;;;;;;
TR;Türkiye;M;Aylık;U_MKTS;Motorlu Kara Taşıtları Sayısı;M10;Ekim;6;LPG;PN;Sayı;2020-10;4783670;;;;;;;;;;;;
TR;Türkiye;M;Aylık;U_MKTS;Motorlu Kara Taşıtları Sayısı;M10;Ekim;6;LPG;PN;Sayı;2019-10;4699190;;;;;;;;;;;;
TR;Türkiye;M;Aylık;U_MKTS;Motorlu Kara Taşıtları Sayısı;M10;Ekim;6;LPG;PN;Sayı;2018-10;4703168;;;;;;;;;;;;
TR;Türkiye;M;Aylık;U_MKTS;Motorlu Kara Taşıtları Sayısı;M10;Ekim;6;LPG;PN;Sayı;2017-10;4588217;;;;;;;;;;;;
TR;Türkiye;M;Aylık;U_MKTS;Motorlu Kara Taşıtları Sayısı;M10;Ekim;6;LPG;PN;Sayı;2016-10;4405476;;;;;;;;;;;;
TR;Türkiye;M;Aylık;U_MKTS;Motorlu Kara Taşıtları Sayısı;M10;Ekim;6;LPG;PN;Sayı;2015-10;4239967;;;;;;;;;;;;
TR;Türkiye;M;Aylık;U_MKTS;Motorlu Kara Taşıtları Sayısı;M10;Ekim;6;LPG;PN;Sayı;2014-10;4036812;;;;;;;;;;;;
TR;Türkiye;M;Aylık;U_MKTS;Motorlu Kara Taşıtları Sayısı;M10;Ekim;6;LPG;PN;Sayı;2013-10;3807185;;;;;;;;;;;;
TR;Türkiye;M;Aylık;U_MKTS;Motorlu Kara Taşıtları Sayısı;M10;Ekim;6;LPG;PN;Sayı;2012-10;3516928;;;;;;;;;;;;
TR;Türkiye;M;Aylık;U_MKTS;Motorlu Kara Taşıtları Sayısı;M10;Ekim;6;LPG;PN;Sayı;2011-10;3206782;;;;;;;;;;;;
TR;Türkiye;M;Aylık;U_MKTS;Motorlu Kara Taşıtları Sayısı;M10;Ekim;6;LPG;PN;Sayı;2010-10;2841570;;;;;;;;;;;;
TR;Türkiye;M;Aylık;U_MKTS;Motorlu Kara Taşıtları Sayısı;M10;Ekim;6;LPG;PN;Sayı;2009-10;2469610;;;;;;;;;;;;
TR;Türkiye;M;Aylık;U_MKTS;Motorlu Kara Taşıtları Sayısı;M10;Ekim;6;LPG;PN;Sayı;2008-10;2152374;;;;;;;;;;;;
TR;Türkiye;M;Aylık;U_MKTS;Motorlu Kara Taşıtları Sayısı;M10;Ekim;6;LPG;PN;Sayı;2007-10;1772018;;;;;;;;;;;;
TR;Türkiye;M;Aylık;U_MKTS;Motorlu Kara Taşıtları Sayısı;M10;Ekim;6;LPG;PN;Sayı;2006-10;1475174;;;;;;;;;;;;
TR;Türkiye;M;Aylık;U_MKTS;Motorlu Kara Taşıtları Sayısı;M10;Ekim;6;LPG;PN;Sayı;2005-10;1199379;;;;;;;;;;;;
TR;Türkiye;M;Aylık;U_MKTS;Motorlu Kara Taşıtları Sayısı;M10;Ekim;20;Hibrit;PT;Yüzde;2025-10;Mar.64;;;;;;;;;;;;
TR;Türkiye;M;Aylık;U_MKTS;Motorlu Kara Taşıtları Sayısı;M10;Ekim;20;Hibrit;PT;Yüzde;2024-10;Şub.16;;;;;;;;;;;;
TR;Türkiye;M;Aylık;U_MKTS;Motorlu Kara Taşıtları Sayısı;M10;Ekim;20;Hibrit;PT;Yüzde;2023-10;Oca.36;;;;;;;;;;;;
TR;Türkiye;M;Aylık;U_MKTS;Motorlu Kara Taşıtları Sayısı;M10;Ekim;20;Hibrit;PT;Yüzde;2022-10;0.88;;;;;;;;;;;;
TR;Türkiye;M;Aylık;U_MKTS;Motorlu Kara Taşıtları Sayısı;M10;Ekim;20;Hibrit;PT;Yüzde;2021-10;0.58;;;;;;;;;;;;
TR;Türkiye;M;Aylık;U_MKTS;Motorlu Kara Taşıtları Sayısı;M10;Ekim;20;Hibrit;PT;Yüzde;2020-10;0.22;;;;;;;;;;;;
TR;Türkiye;M;Aylık;U_MKTS;Motorlu Kara Taşıtları Sayısı;M10;Ekim;20;Hibrit;PT;Yüzde;2019-10;0.09;;;;;;;;;;;;
TR;Türkiye;M;Aylık;U_MKTS;Motorlu Kara Taşıtları Sayısı;M10;Ekim;20;Hibrit;PT;Yüzde;2018-10;0.03;;;;;;;;;;;;
TR;Türkiye;M;Aylık;U_MKTS;Motorlu Kara Taşıtları Sayısı;M10;Ekim;20;Hibrit;PT;Yüzde;2017-10;0.01;;;;;;;;;;;;
TR;Türkiye;M;Aylık;U_MKTS;Motorlu Kara Taşıtları Sayısı;M10;Ekim;20;Hibrit;PT;Yüzde;2016-10;0;;;;;;;;;;;;
TR;Türkiye;M;Aylık;U_MKTS;Motorlu Kara Taşıtları Sayısı;M10;Ekim;20;Hibrit;PT;Yüzde;2015-10;0;;;;;;;;;;;;
TR;Türkiye;M;Aylık;U_MKTS;Motorlu Kara Taşıtları Sayısı;M10;Ekim;20;Hibrit;PT;Yüzde;2014-10;0;;;;;;;;;;;;
TR;Türkiye;M;Aylık;U_MKTS;Motorlu Kara Taşıtları Sayısı;M10;Ekim;20;Hibrit;PT;Yüzde;2013-10;0;;;;;;;;;;;;
TR;Türkiye;M;Aylık;U_MKTS;Motorlu Kara Taşıtları Sayısı;M10;Ekim;20;Hibrit;PT;Yüzde;2012-10;0;;;;;;;;;;;;
TR;Türkiye;M;Aylık;U_MKTS;Motorlu Kara Taşıtları Sayısı;M10;Ekim;20;Hibrit;PN;Sayı;2025-10;623907;;;;;;;;;;;;
TR;Türkiye;M;Aylık;U_MKTS;Motorlu Kara Taşıtları Sayısı;M10;Ekim;20;Hibrit;PN;Sayı;2024-10;347134;;;;;;;;;;;;
TR;Türkiye;M;Aylık;U_MKTS;Motorlu Kara Taşıtları Sayısı;M10;Ekim;20;Hibrit;PN;Sayı;2023-10;204764;;;;;;;;;;;;
TR;Türkiye;M;Aylık;U_MKTS;Motorlu Kara Taşıtları Sayısı;M10;Ekim;20;Hibrit;PN;Sayı;2022-10;125159;;;;;;;;;;;;
TR;Türkiye;M;Aylık;U_MKTS;Motorlu Kara Taşıtları Sayısı;M10;Ekim;20;Hibrit;PN;Sayı;2021-10;79034;;;;;;;;;;;;
TR;Türkiye;M;Aylık;U_MKTS;Motorlu Kara Taşıtları Sayısı;M10;Ekim;20;Hibrit;PN;Sayı;2020-10;28801;;;;;;;;;;;;
TR;Türkiye;M;Aylık;U_MKTS;Motorlu Kara Taşıtları Sayısı;M10;Ekim;20;Hibrit;PN;Sayı;2019-10;11636;;;;;;;;;;;;
TR;Türkiye;M;Aylık;U_MKTS;Motorlu Kara Taşıtları Sayısı;M10;Ekim;20;Hibrit;PN;Sayı;2018-10;3900;;;;;;;;;;;;
TR;Türkiye;M;Aylık;U_MKTS;Motorlu Kara Taşıtları Sayısı;M10;Ekim;20;Hibrit;PN;Sayı;2017-10;790;;;;;;;;;;;;
TR;Türkiye;M;Aylık;U_MKTS;Motorlu Kara Taşıtları Sayısı;M10;Ekim;20;Hibrit;PN;Sayı;2016-10;468;;;;;;;;;;;;
TR;Türkiye;M;Aylık;U_MKTS;Motorlu Kara Taşıtları Sayısı;M10;Ekim;20;Hibrit;PN;Sayı;2015-10;288;;;;;;;;;;;;
TR;Türkiye;M;Aylık;U_MKTS;Motorlu Kara Taşıtları Sayısı;M10;Ekim;20;Hibrit;PN;Sayı;2014-10;96;;;;;;;;;;;;
TR;Türkiye;M;Aylık;U_MKTS;Motorlu Kara Taşıtları Sayısı;M10;Ekim;20;Hibrit;PN;Sayı;2013-10;78;;;;;;;;;;;;
TR;Türkiye;M;Aylık;U_MKTS;Motorlu Kara Taşıtları Sayısı;M10;Ekim;20;Hibrit;PN;Sayı;2012-10;44;;;;;;;;;;;;
TR;Türkiye;M;Aylık;U_MKTS;Motorlu Kara Taşıtları Sayısı;M10;Ekim;5;Elektrik;PT;Yüzde;2025-10;Oca.94;;;;;;;;;;;;
TR;Türkiye;M;Aylık;U_MKTS;Motorlu Kara Taşıtları Sayısı;M10;Ekim;5;Elektrik;PT;Yüzde;2024-10;0.96;;;;;;;;;;;;
TR;Türkiye;M;Aylık;U_MKTS;Motorlu Kara Taşıtları Sayısı;M10;Ekim;5;Elektrik;PT;Yüzde;2023-10;0.4;;;;;;;;;;;;
TR;Türkiye;M;Aylık;U_MKTS;Motorlu Kara Taşıtları Sayısı;M10;Ekim;5;Elektrik;PT;Yüzde;2022-10;0.08;;;;;;;;;;;;
TR;Türkiye;M;Aylık;U_MKTS;Motorlu Kara Taşıtları Sayısı;M10;Ekim;5;Elektrik;PT;Yüzde;2021-10;0.04;;;;;;;;;;;;
TR;Türkiye;M;Aylık;U_MKTS;Motorlu Kara Taşıtları Sayısı;M10;Ekim;5;Elektrik;PT;Yüzde;2020-10;0.01;;;;;;;;;;;;
TR;Türkiye;M;Aylık;U_MKTS;Motorlu Kara Taşıtları Sayısı;M10;Ekim;5;Elektrik;PT;Yüzde;2019-10;0.01;;;;;;;;;;;;
TR;Türkiye;M;Aylık;U_MKTS;Motorlu Kara Taşıtları Sayısı;M10;Ekim;5;Elektrik;PT;Yüzde;2018-10;0.01;;;;;;;;;;;;
TR;Türkiye;M;Aylık;U_MKTS;Motorlu Kara Taşıtları Sayısı;M10;Ekim;5;Elektrik;PT;Yüzde;2017-10;0.01;;;;;;;;;;;;
TR;Türkiye;M;Aylık;U_MKTS;Motorlu Kara Taşıtları Sayısı;M10;Ekim;5;Elektrik;PT;Yüzde;2016-10;0.01;;;;;;;;;;;;
TR;Türkiye;M;Aylık;U_MKTS;Motorlu Kara Taşıtları Sayısı;M10;Ekim;5;Elektrik;PT;Yüzde;2015-10;0.01;;;;;;;;;;;;
TR;Türkiye;M;Aylık;U_MKTS;Motorlu Kara Taşıtları Sayısı;M10;Ekim;5;Elektrik;PT;Yüzde;2014-10;0;;;;;;;;;;;;
TR;Türkiye;M;Aylık;U_MKTS;Motorlu Kara Taşıtları Sayısı;M10;Ekim;5;Elektrik;PT;Yüzde;2013-10;0;;;;;;;;;;;;
TR;Türkiye;M;Aylık;U_MKTS;Motorlu Kara Taşıtları Sayısı;M10;Ekim;5;Elektrik;PT;Yüzde;2012-10;0;;;;;;;;;;;;
TR;Türkiye;M;Aylık;U_MKTS;Motorlu Kara Taşıtları Sayısı;M10;Ekim;5;Elektrik;PT;Yüzde;2011-10;0;;;;;;;;;;;;
TR;Türkiye;M;Aylık;U_MKTS;Motorlu Kara Taşıtları Sayısı;M10;Ekim;5;Elektrik;PN;Sayı;2025-10;332010;;;;;;;;;;;;
TR;Türkiye;M;Aylık;U_MKTS;Motorlu Kara Taşıtları Sayısı;M10;Ekim;5;Elektrik;PN;Sayı;2024-10;153772;;;;;;;;;;;;
TR;Türkiye;M;Aylık;U_MKTS;Motorlu Kara Taşıtları Sayısı;M10;Ekim;5;Elektrik;PN;Sayı;2023-10;59554;;;;;;;;;;;;
TR;Türkiye;M;Aylık;U_MKTS;Motorlu Kara Taşıtları Sayısı;M10;Ekim;5;Elektrik;PN;Sayı;2022-10;11780;;;;;;;;;;;;
TR;Türkiye;M;Aylık;U_MKTS;Motorlu Kara Taşıtları Sayısı;M10;Ekim;5;Elektrik;PN;Sayı;2021-10;5268;;;;;;;;;;;;
TR;Türkiye;M;Aylık;U_MKTS;Motorlu Kara Taşıtları Sayısı;M10;Ekim;5;Elektrik;PN;Sayı;2020-10;1913;;;;;;;;;;;;
TR;Türkiye;M;Aylık;U_MKTS;Motorlu Kara Taşıtları Sayısı;M10;Ekim;5;Elektrik;PN;Sayı;2019-10;1113;;;;;;;;;;;;
TR;Türkiye;M;Aylık;U_MKTS;Motorlu Kara Taşıtları Sayısı;M10;Ekim;5;Elektrik;PN;Sayı;2018-10;932;;;;;;;;;;;;
TR;Türkiye;M;Aylık;U_MKTS;Motorlu Kara Taşıtları Sayısı;M10;Ekim;5;Elektrik;PN;Sayı;2017-10;732;;;;;;;;;;;;
TR;Türkiye;M;Aylık;U_MKTS;Motorlu Kara Taşıtları Sayısı;M10;Ekim;5;Elektrik;PN;Sayı;2016-10;628;;;;;;;;;;;;
TR;Türkiye;M;Aylık;U_MKTS;Motorlu Kara Taşıtları Sayısı;M10;Ekim;5;Elektrik;PN;Sayı;2015-10;539;;;;;;;;;;;;
TR;Türkiye;M;Aylık;U_MKTS;Motorlu Kara Taşıtları Sayısı;M10;Ekim;5;Elektrik;PN;Sayı;2014-10;386;;;;;;;;;;;;
TR;Türkiye;M;Aylık;U_MKTS;Motorlu Kara Taşıtları Sayısı;M10;Ekim;5;Elektrik;PN;Sayı;2013-10;353;;;;;;;;;;;;
TR;Türkiye;M;Aylık;U_MKTS;Motorlu Kara Taşıtları Sayısı;M10;Ekim;5;Elektrik;PN;Sayı;2012-10;115;;;;;;;;;;;;
TR;Türkiye;M;Aylık;U_MKTS;Motorlu Kara Taşıtları Sayısı;M10;Ekim;5;Elektrik;PN;Sayı;2011-10;37;;;;;;;;;;;;
TR;Türkiye;M;Aylık;U_MKTS;Motorlu Kara Taşıtları Sayısı;M10;Ekim;_U;Bilinmeyen;PT;Yüzde;2025-10;0.21;;;;;;;;;;;;
TR;Türkiye;M;Aylık;U_MKTS;Motorlu Kara Taşıtları Sayısı;M10;Ekim;_U;Bilinmeyen;PT;Yüzde;2024-10;0.22;;;;;;;;;;;;
TR;Türkiye;M;Aylık;U_MKTS;Motorlu Kara Taşıtları Sayısı;M10;Ekim;_U;Bilinmeyen;PT;Yüzde;2023-10;0.24;;;;;;;;;;;;
TR;Türkiye;M;Aylık;U_MKTS;Motorlu Kara Taşıtları Sayısı;M10;Ekim;_U;Bilinmeyen;PT;Yüzde;2022-10;0.25;;;;;;;;;;;;
TR;Türkiye;M;Aylık;U_MKTS;Motorlu Kara Taşıtları Sayısı;M10;Ekim;_U;Bilinmeyen;PT;Yüzde;2021-10;0.26;;;;;;;;;;;;
TR;Türkiye;M;Aylık;U_MKTS;Motorlu Kara Taşıtları Sayısı;M10;Ekim;_U;Bilinmeyen;PT;Yüzde;2020-10;0.28;;;;;;;;;;;;
TR;Türkiye;M;Aylık;U_MKTS;Motorlu Kara Taşıtları Sayısı;M10;Ekim;_U;Bilinmeyen;PT;Yüzde;2019-10;0.29;;;;;;;;;;;;
TR;Türkiye;M;Aylık;U_MKTS;Motorlu Kara Taşıtları Sayısı;M10;Ekim;_U;Bilinmeyen;PT;Yüzde;2018-10;0.32;;;;;;;;;;;;
TR;Türkiye;M;Aylık;U_MKTS;Motorlu Kara Taşıtları Sayısı;M10;Ekim;_U;Bilinmeyen;PT;Yüzde;2017-10;0.34;;;;;;;;;;;;
TR;Türkiye;M;Aylık;U_MKTS;Motorlu Kara Taşıtları Sayısı;M10;Ekim;_U;Bilinmeyen;PT;Yüzde;2016-10;0.38;;;;;;;;;;;;
TR;Türkiye;M;Aylık;U_MKTS;Motorlu Kara Taşıtları Sayısı;M10;Ekim;_U;Bilinmeyen;PT;Yüzde;2015-10;0.41;;;;;;;;;;;;
TR;Türkiye;M;Aylık;U_MKTS;Motorlu Kara Taşıtları Sayısı;M10;Ekim;_U;Bilinmeyen;PT;Yüzde;2014-10;0.45;;;;;;;;;;;;
TR;Türkiye;M;Aylık;U_MKTS;Motorlu Kara Taşıtları Sayısı;M10;Ekim;_U;Bilinmeyen;PT;Yüzde;2013-10;0.5;;;;;;;;;;;;
TR;Türkiye;M;Aylık;U_MKTS;Motorlu Kara Taşıtları Sayısı;M10;Ekim;_U;Bilinmeyen;PT;Yüzde;2012-10;0.58;;;;;;;;;;;;
TR;Türkiye;M;Aylık;U_MKTS;Motorlu Kara Taşıtları Sayısı;M10;Ekim;_U;Bilinmeyen;PT;Yüzde;2011-10;0.78;;;;;;;;;;;;
TR;Türkiye;M;Aylık;U_MKTS;Motorlu Kara Taşıtları Sayısı;M10;Ekim;_U;Bilinmeyen;PT;Yüzde;2010-10;0.98;;;;;;;;;;;;
TR;Türkiye;M;Aylık;U_MKTS;Motorlu Kara Taşıtları Sayısı;M10;Ekim;_U;Bilinmeyen;PT;Yüzde;2009-10;Oca.19;;;;;;;;;;;;
TR;Türkiye;M;Aylık;U_MKTS;Motorlu Kara Taşıtları Sayısı;M10;Ekim;_U;Bilinmeyen;PT;Yüzde;2008-10;Oca.86;;;;;;;;;;;;
TR;Türkiye;M;Aylık;U_MKTS;Motorlu Kara Taşıtları Sayısı;M10;Ekim;_U;Bilinmeyen;PT;Yüzde;2007-10;Şub.68;;;;;;;;;;;;
TR;Türkiye;M;Aylık;U_MKTS;Motorlu Kara Taşıtları Sayısı;M10;Ekim;_U;Bilinmeyen;PT;Yüzde;2006-10;Mar.31;;;;;;;;;;;;
TR;Türkiye;M;Aylık;U_MKTS;Motorlu Kara Taşıtları Sayısı;M10;Ekim;_U;Bilinmeyen;PT;Yüzde;2005-10;Nis.38;;;;;;;;;;;;
TR;Türkiye;M;Aylık;U_MKTS;Motorlu Kara Taşıtları Sayısı;M10;Ekim;_U;Bilinmeyen;PN;Sayı;2025-10;35140;;;;;;;;;;;;
TR;Türkiye;M;Aylık;U_MKTS;Motorlu Kara Taşıtları Sayısı;M10;Ekim;_U;Bilinmeyen;PN;Sayı;2024-10;35285;;;;;;;;;;;;
TR;Türkiye;M;Aylık;U_MKTS;Motorlu Kara Taşıtları Sayısı;M10;Ekim;_U;Bilinmeyen;PN;Sayı;2023-10;35422;;;;;;;;;;;;
TR;Türkiye;M;Aylık;U_MKTS;Motorlu Kara Taşıtları Sayısı;M10;Ekim;_U;Bilinmeyen;PN;Sayı;2022-10;35634;;;;;;;;;;;;
TR;Türkiye;M;Aylık;U_MKTS;Motorlu Kara Taşıtları Sayısı;M10;Ekim;_U;Bilinmeyen;PN;Sayı;2021-10;36068;;;;;;;;;;;;
TR;Türkiye;M;Aylık;U_MKTS;Motorlu Kara Taşıtları Sayısı;M10;Ekim;_U;Bilinmeyen;PN;Sayı;2020-10;36346;;;;;;;;;;;;
TR;Türkiye;M;Aylık;U_MKTS;Motorlu Kara Taşıtları Sayısı;M10;Ekim;_U;Bilinmeyen;PN;Sayı;2019-10;36830;;;;;;;;;;;;
TR;Türkiye;M;Aylık;U_MKTS;Motorlu Kara Taşıtları Sayısı;M10;Ekim;_U;Bilinmeyen;PN;Sayı;2018-10;39759;;;;;;;;;;;;
TR;Türkiye;M;Aylık;U_MKTS;Motorlu Kara Taşıtları Sayısı;M10;Ekim;_U;Bilinmeyen;PN;Sayı;2017-10;41010;;;;;;;;;;;;
TR;Türkiye;M;Aylık;U_MKTS;Motorlu Kara Taşıtları Sayısı;M10;Ekim;_U;Bilinmeyen;PN;Sayı;2016-10;41945;;;;;;;;;;;;
TR;Türkiye;M;Aylık;U_MKTS;Motorlu Kara Taşıtları Sayısı;M10;Ekim;_U;Bilinmeyen;PN;Sayı;2015-10;42966;;;;;;;;;;;;
TR;Türkiye;M;Aylık;U_MKTS;Motorlu Kara Taşıtları Sayısı;M10;Ekim;_U;Bilinmeyen;PN;Sayı;2014-10;43680;;;;;;;;;;;;
TR;Türkiye;M;Aylık;U_MKTS;Motorlu Kara Taşıtları Sayısı;M10;Ekim;_U;Bilinmeyen;PN;Sayı;2013-10;45887;;;;;;;;;;;;
TR;Türkiye;M;Aylık;U_MKTS;Motorlu Kara Taşıtları Sayısı;M10;Ekim;_U;Bilinmeyen;PN;Sayı;2012-10;49906;;;;;;;;;;;;
TR;Türkiye;M;Aylık;U_MKTS;Motorlu Kara Taşıtları Sayısı;M10;Ekim;_U;Bilinmeyen;PN;Sayı;2011-10;63014;;;;;;;;;;;;
TR;Türkiye;M;Aylık;U_MKTS;Motorlu Kara Taşıtları Sayısı;M10;Ekim;_U;Bilinmeyen;PN;Sayı;2010-10;72964;;;;;;;;;;;;
TR;Türkiye;M;Aylık;U_MKTS;Motorlu Kara Taşıtları Sayısı;M10;Ekim;_U;Bilinmeyen;PN;Sayı;2009-10;83664;;;;;;;;;;;;
TR;Türkiye;M;Aylık;U_MKTS;Motorlu Kara Taşıtları Sayısı;M10;Ekim;_U;Bilinmeyen;PN;Sayı;2008-10;125961;;;;;;;;;;;;
TR;Türkiye;M;Aylık;U_MKTS;Motorlu Kara Taşıtları Sayısı;M10;Ekim;_U;Bilinmeyen;PN;Sayı;2007-10;171377;;;;;;;;;;;;
TR;Türkiye;M;Aylık;U_MKTS;Motorlu Kara Taşıtları Sayısı;M10;Ekim;_U;Bilinmeyen;PN;Sayı;2006-10;201675;;;;;;;;;;;;
TR;Türkiye;M;Aylık;U_MKTS;Motorlu Kara Taşıtları Sayısı;M10;Ekim;_U;Bilinmeyen;PN;Sayı;2005-10;249196;;;;;;;;;;;;
TR;Türkiye;M;Aylık;U_MKTS;Motorlu Kara Taşıtları Sayısı;M11;Kasım;_T;Toplam;PT;Yüzde;2025-11;100;;;;;;;;;;;;
TR;Türkiye;M;Aylık;U_MKTS;Motorlu Kara Taşıtları Sayısı;M11;Kasım;_T;Toplam;PT;Yüzde;2024-11;100;;;;;;;;;;;;
TR;Türkiye;M;Aylık;U_MKTS;Motorlu Kara Taşıtları Sayısı;M11;Kasım;_T;Toplam;PT;Yüzde;2023-11;100;;;;;;;;;;;;
TR;Türkiye;M;Aylık;U_MKTS;Motorlu Kara Taşıtları Sayısı;M11;Kasım;_T;Toplam;PT;Yüzde;2022-11;100;;;;;;;;;;;;
TR;Türkiye;M;Aylık;U_MKTS;Motorlu Kara Taşıtları Sayısı;M11;Kasım;_T;Toplam;PT;Yüzde;2021-11;100;;;;;;;;;;;;
TR;Türkiye;M;Aylık;U_MKTS;Motorlu Kara Taşıtları Sayısı;M11;Kasım;_T;Toplam;PT;Yüzde;2020-11;100;;;;;;;;;;;;
TR;Türkiye;M;Aylık;U_MKTS;Motorlu Kara Taşıtları Sayısı;M11;Kasım;_T;Toplam;PT;Yüzde;2019-11;100;;;;;;;;;;;;
TR;Türkiye;M;Aylık;U_MKTS;Motorlu Kara Taşıtları Sayısı;M11;Kasım;_T;Toplam;PT;Yüzde;2018-11;100;;;;;;;;;;;;
TR;Türkiye;M;Aylık;U_MKTS;Motorlu Kara Taşıtları Sayısı;M11;Kasım;_T;Toplam;PT;Yüzde;2017-11;100;;;;;;;;;;;;
TR;Türkiye;M;Aylık;U_MKTS;Motorlu Kara Taşıtları Sayısı;M11;Kasım;_T;Toplam;PT;Yüzde;2016-11;100;;;;;;;;;;;;
TR;Türkiye;M;Aylık;U_MKTS;Motorlu Kara Taşıtları Sayısı;M11;Kasım;_T;Toplam;PT;Yüzde;2015-11;100;;;;;;;;;;;;
TR;Türkiye;M;Aylık;U_MKTS;Motorlu Kara Taşıtları Sayısı;M11;Kasım;_T;Toplam;PT;Yüzde;2014-11;100;;;;;;;;;;;;
TR;Türkiye;M;Aylık;U_MKTS;Motorlu Kara Taşıtları Sayısı;M11;Kasım;_T;Toplam;PT;Yüzde;2013-11;100;;;;;;;;;;;;
TR;Türkiye;M;Aylık;U_MKTS;Motorlu Kara Taşıtları Sayısı;M11;Kasım;_T;Toplam;PT;Yüzde;2012-11;100;;;;;;;;;;;;
TR;Türkiye;M;Aylık;U_MKTS;Motorlu Kara Taşıtları Sayısı;M11;Kasım;_T;Toplam;PT;Yüzde;2011-11;100;;;;;;;;;;;;
TR;Türkiye;M;Aylık;U_MKTS;Motorlu Kara Taşıtları Sayısı;M11;Kasım;_T;Toplam;PT;Yüzde;2010-11;100;;;;;;;;;;;;
TR;Türkiye;M;Aylık;U_MKTS;Motorlu Kara Taşıtları Sayısı;M11;Kasım;_T;Toplam;PT;Yüzde;2008-11;100;;;;;;;;;;;;
TR;Türkiye;M;Aylık;U_MKTS;Motorlu Kara Taşıtları Sayısı;M11;Kasım;_T;Toplam;PT;Yüzde;2007-11;100;;;;;;;;;;;;
TR;Türkiye;M;Aylık;U_MKTS;Motorlu Kara Taşıtları Sayısı;M11;Kasım;_T;Toplam;PT;Yüzde;2006-11;100;;;;;;;;;;;;
TR;Türkiye;M;Aylık;U_MKTS;Motorlu Kara Taşıtları Sayısı;M11;Kasım;_T;Toplam;PT;Yüzde;2005-11;100;;;;;;;;;;;;
TR;Türkiye;M;Aylık;U_MKTS;Motorlu Kara Taşıtları Sayısı;M11;Kasım;_T;Toplam;PN;Sayı;2025-11;17218442;;;;;;;;;;;;
TR;Türkiye;M;Aylık;U_MKTS;Motorlu Kara Taşıtları Sayısı;M11;Kasım;_T;Toplam;PN;Sayı;2024-11;16122636;;;;;;;;;;;;
TR;Türkiye;M;Aylık;U_MKTS;Motorlu Kara Taşıtları Sayısı;M11;Kasım;_T;Toplam;PN;Sayı;2023-11;15131392;;;;;;;;;;;;
TR;Türkiye;M;Aylık;U_MKTS;Motorlu Kara Taşıtları Sayısı;M11;Kasım;_T;Toplam;PN;Sayı;2022-11;14213013;;;;;;;;;;;;
TR;Türkiye;M;Aylık;U_MKTS;Motorlu Kara Taşıtları Sayısı;M11;Kasım;_T;Toplam;PN;Sayı;2021-11;13676615;;;;;;;;;;;;
TR;Türkiye;M;Aylık;U_MKTS;Motorlu Kara Taşıtları Sayısı;M11;Kasım;_T;Toplam;PN;Sayı;2020-11;13044176;;;;;;;;;;;;
TR;Türkiye;M;Aylık;U_MKTS;Motorlu Kara Taşıtları Sayısı;M11;Kasım;_T;Toplam;PN;Sayı;2019-11;12519508;;;;;;;;;;;;
TR;Türkiye;M;Aylık;U_MKTS;Motorlu Kara Taşıtları Sayısı;M11;Kasım;_T;Toplam;PN;Sayı;2018-11;12390486;;;;;;;;;;;;
TR;Türkiye;M;Aylık;U_MKTS;Motorlu Kara Taşıtları Sayısı;M11;Kasım;_T;Toplam;PN;Sayı;2017-11;11973699;;;;;;;;;;;;
TR;Türkiye;M;Aylık;U_MKTS;Motorlu Kara Taşıtları Sayısı;M11;Kasım;_T;Toplam;PN;Sayı;2016-11;11254357;;;;;;;;;;;;
TR;Türkiye;M;Aylık;U_MKTS;Motorlu Kara Taşıtları Sayısı;M11;Kasım;_T;Toplam;PN;Sayı;2015-11;10509258;;;;;;;;;;;;
TR;Türkiye;M;Aylık;U_MKTS;Motorlu Kara Taşıtları Sayısı;M11;Kasım;_T;Toplam;PN;Sayı;2014-11;9806661;;;;;;;;;;;;
TR;Türkiye;M;Aylık;U_MKTS;Motorlu Kara Taşıtları Sayısı;M11;Kasım;_T;Toplam;PN;Sayı;2013-11;9232097;;;;;;;;;;;;
TR;Türkiye;M;Aylık;U_MKTS;Motorlu Kara Taşıtları Sayısı;M11;Kasım;_T;Toplam;PN;Sayı;2012-11;8609811;;;;;;;;;;;;
TR;Türkiye;M;Aylık;U_MKTS;Motorlu Kara Taşıtları Sayısı;M11;Kasım;_T;Toplam;PN;Sayı;2011-11;8077830;;;;;;;;;;;;
TR;Türkiye;M;Aylık;U_MKTS;Motorlu Kara Taşıtları Sayısı;M11;Kasım;_T;Toplam;PN;Sayı;2010-11;7498086;;;;;;;;;;;;
TR;Türkiye;M;Aylık;U_MKTS;Motorlu Kara Taşıtları Sayısı;M11;Kasım;_T;Toplam;PN;Sayı;2008-11;6783711;;;;;;;;;;;;
TR;Türkiye;M;Aylık;U_MKTS;Motorlu Kara Taşıtları Sayısı;M11;Kasım;_T;Toplam;PN;Sayı;2007-11;6439708;;;;;;;;;;;;
TR;Türkiye;M;Aylık;U_MKTS;Motorlu Kara Taşıtları Sayısı;M11;Kasım;_T;Toplam;PN;Sayı;2006-11;6111341;;;;;;;;;;;;
TR;Türkiye;M;Aylık;U_MKTS;Motorlu Kara Taşıtları Sayısı;M11;Kasım;_T;Toplam;PN;Sayı;2005-11;5730320;;;;;;;;;;;;
TR;Türkiye;M;Aylık;U_MKTS;Motorlu Kara Taşıtları Sayısı;M11;Kasım;1;Benzinli;PT;Yüzde;2025-11;30.85;;;;;;;;;;;;
TR;Türkiye;M;Aylık;U_MKTS;Motorlu Kara Taşıtları Sayısı;M11;Kasım;1;Benzinli;PT;Yüzde;2024-11;30.15;;;;;;;;;;;;
TR;Türkiye;M;Aylık;U_MKTS;Motorlu Kara Taşıtları Sayısı;M11;Kasım;1;Benzinli;PT;Yüzde;2023-11;28.May;;;;;;;;;;;;
TR;Türkiye;M;Aylık;U_MKTS;Motorlu Kara Taşıtları Sayısı;M11;Kasım;1;Benzinli;PT;Yüzde;2022-11;26.66;;;;;;;;;;;;
TR;Türkiye;M;Aylık;U_MKTS;Motorlu Kara Taşıtları Sayısı;M11;Kasım;1;Benzinli;PT;Yüzde;2021-11;25.45;;;;;;;;;;;;
TR;Türkiye;M;Aylık;U_MKTS;Motorlu Kara Taşıtları Sayısı;M11;Kasım;1;Benzinli;PT;Yüzde;2020-11;24.Nis;;;;;;;;;;;;
TR;Türkiye;M;Aylık;U_MKTS;Motorlu Kara Taşıtları Sayısı;M11;Kasım;1;Benzinli;PT;Yüzde;2019-11;24.21;;;;;;;;;;;;
TR;Türkiye;M;Aylık;U_MKTS;Motorlu Kara Taşıtları Sayısı;M11;Kasım;1;Benzinli;PT;Yüzde;2018-11;25;;;;;;;;;;;;
TR;Türkiye;M;Aylık;U_MKTS;Motorlu Kara Taşıtları Sayısı;M11;Kasım;1;Benzinli;PT;Yüzde;2017-11;25.98;;;;;;;;;;;;
TR;Türkiye;M;Aylık;U_MKTS;Motorlu Kara Taşıtları Sayısı;M11;Kasım;1;Benzinli;PT;Yüzde;2016-11;26.88;;;;;;;;;;;;
TR;Türkiye;M;Aylık;U_MKTS;Motorlu Kara Taşıtları Sayısı;M11;Kasım;1;Benzinli;PT;Yüzde;2015-11;27.71;;;;;;;;;;;;
TR;Türkiye;M;Aylık;U_MKTS;Motorlu Kara Taşıtları Sayısı;M11;Kasım;1;Benzinli;PT;Yüzde;2014-11;29.16;;;;;;;;;;;;
TR;Türkiye;M;Aylık;U_MKTS;Motorlu Kara Taşıtları Sayısı;M11;Kasım;1;Benzinli;PT;Yüzde;2013-11;31.31;;;;;;;;;;;;
TR;Türkiye;M;Aylık;U_MKTS;Motorlu Kara Taşıtları Sayısı;M11;Kasım;1;Benzinli;PT;Yüzde;2012-11;34.17;;;;;;;;;;;;
TR;Türkiye;M;Aylık;U_MKTS;Motorlu Kara Taşıtları Sayısı;M11;Kasım;1;Benzinli;PT;Yüzde;2011-11;37.78;;;;;;;;;;;;
TR;Türkiye;M;Aylık;U_MKTS;Motorlu Kara Taşıtları Sayısı;M11;Kasım;1;Benzinli;PT;Yüzde;2010-11;42.77;;;;;;;;;;;;
TR;Türkiye;M;Aylık;U_MKTS;Motorlu Kara Taşıtları Sayısı;M11;Kasım;1;Benzinli;PT;Yüzde;2008-11;52.33;;;;;;;;;;;;
TR;Türkiye;M;Aylık;U_MKTS;Motorlu Kara Taşıtları Sayısı;M11;Kasım;1;Benzinli;PT;Yüzde;2007-11;57.85;;;;;;;;;;;;
TR;Türkiye;M;Aylık;U_MKTS;Motorlu Kara Taşıtları Sayısı;M11;Kasım;1;Benzinli;PT;Yüzde;2006-11;62.96;;;;;;;;;;;;
TR;Türkiye;M;Aylık;U_MKTS;Motorlu Kara Taşıtları Sayısı;M11;Kasım;1;Benzinli;PT;Yüzde;2005-11;67.89;;;;;;;;;;;;
TR;Türkiye;M;Aylık;U_MKTS;Motorlu Kara Taşıtları Sayısı;M11;Kasım;1;Benzinli;PN;Sayı;2025-11;5311552;;;;;;;;;;;;
TR;Türkiye;M;Aylık;U_MKTS;Motorlu Kara Taşıtları Sayısı;M11;Kasım;1;Benzinli;PN;Sayı;2024-11;4860582;;;;;;;;;;;;
TR;Türkiye;M;Aylık;U_MKTS;Motorlu Kara Taşıtları Sayısı;M11;Kasım;1;Benzinli;PN;Sayı;2023-11;4312931;;;;;;;;;;;;
TR;Türkiye;M;Aylık;U_MKTS;Motorlu Kara Taşıtları Sayısı;M11;Kasım;1;Benzinli;PN;Sayı;2022-11;3789203;;;;;;;;;;;;
TR;Türkiye;M;Aylık;U_MKTS;Motorlu Kara Taşıtları Sayısı;M11;Kasım;1;Benzinli;PN;Sayı;2021-11;3481259;;;;;;;;;;;;
TR;Türkiye;M;Aylık;U_MKTS;Motorlu Kara Taşıtları Sayısı;M11;Kasım;1;Benzinli;PN;Sayı;2020-11;3182771;;;;;;;;;;;;
TR;Türkiye;M;Aylık;U_MKTS;Motorlu Kara Taşıtları Sayısı;M11;Kasım;1;Benzinli;PN;Sayı;2019-11;3031467;;;;;;;;;;;;
TR;Türkiye;M;Aylık;U_MKTS;Motorlu Kara Taşıtları Sayısı;M11;Kasım;1;Benzinli;PN;Sayı;2018-11;3098071;;;;;;;;;;;;
TR;Türkiye;M;Aylık;U_MKTS;Motorlu Kara Taşıtları Sayısı;M11;Kasım;1;Benzinli;PN;Sayı;2017-11;3111183;;;;;;;;;;;;
TR;Türkiye;M;Aylık;U_MKTS;Motorlu Kara Taşıtları Sayısı;M11;Kasım;1;Benzinli;PN;Sayı;2016-11;3025321;;;;;;;;;;;;
TR;Türkiye;M;Aylık;U_MKTS;Motorlu Kara Taşıtları Sayısı;M11;Kasım;1;Benzinli;PN;Sayı;2015-11;2912170;;;;;;;;;;;;
TR;Türkiye;M;Aylık;U_MKTS;Motorlu Kara Taşıtları Sayısı;M11;Kasım;1;Benzinli;PN;Sayı;2014-11;2859781;;;;;;;;;;;;
TR;Türkiye;M;Aylık;U_MKTS;Motorlu Kara Taşıtları Sayısı;M11;Kasım;1;Benzinli;PN;Sayı;2013-11;2890596;;;;;;;;;;;;
TR;Türkiye;M;Aylık;U_MKTS;Motorlu Kara Taşıtları Sayısı;M11;Kasım;1;Benzinli;PN;Sayı;2012-11;2941573;;;;;;;;;;;;
TR;Türkiye;M;Aylık;U_MKTS;Motorlu Kara Taşıtları Sayısı;M11;Kasım;1;Benzinli;PN;Sayı;2011-11;3052040;;;;;;;;;;;;
TR;Türkiye;M;Aylık;U_MKTS;Motorlu Kara Taşıtları Sayısı;M11;Kasım;1;Benzinli;PN;Sayı;2010-11;3206759;;;;;;;;;;;;
TR;Türkiye;M;Aylık;U_MKTS;Motorlu Kara Taşıtları Sayısı;M11;Kasım;1;Benzinli;PN;Sayı;2008-11;3549593;;;;;;;;;;;;
TR;Türkiye;M;Aylık;U_MKTS;Motorlu Kara Taşıtları Sayısı;M11;Kasım;1;Benzinli;PN;Sayı;2007-11;3725090;;;;;;;;;;;;
TR;Türkiye;M;Aylık;U_MKTS;Motorlu Kara Taşıtları Sayısı;M11;Kasım;1;Benzinli;PN;Sayı;2006-11;3847791;;;;;;;;;;;;
TR;Türkiye;M;Aylık;U_MKTS;Motorlu Kara Taşıtları Sayısı;M11;Kasım;1;Benzinli;PN;Sayı;2005-11;3890118;;;;;;;;;;;;
TR;Türkiye;M;Aylık;U_MKTS;Motorlu Kara Taşıtları Sayısı;M11;Kasım;2;Dizel;PT;Yüzde;2025-11;32.78;;;;;;;;;;;;
TR;Türkiye;M;Aylık;U_MKTS;Motorlu Kara Taşıtları Sayısı;M11;Kasım;2;Dizel;PT;Yüzde;2024-11;34.31;;;;;;;;;;;;
TR;Türkiye;M;Aylık;U_MKTS;Motorlu Kara Taşıtları Sayısı;M11;Kasım;2;Dizel;PT;Yüzde;2023-11;35.8;;;;;;;;;;;;
TR;Türkiye;M;Aylık;U_MKTS;Motorlu Kara Taşıtları Sayısı;M11;Kasım;2;Dizel;PT;Yüzde;2022-11;36.94;;;;;;;;;;;;
TR;Türkiye;M;Aylık;U_MKTS;Motorlu Kara Taşıtları Sayısı;M11;Kasım;2;Dizel;PT;Yüzde;2021-11;37.68;;;;;;;;;;;;
TR;Türkiye;M;Aylık;U_MKTS;Motorlu Kara Taşıtları Sayısı;M11;Kasım;2;Dizel;PT;Yüzde;2020-11;38.29;;;;;;;;;;;;
TR;Türkiye;M;Aylık;U_MKTS;Motorlu Kara Taşıtları Sayısı;M11;Kasım;2;Dizel;PT;Yüzde;2019-11;37.95;;;;;;;;;;;;
TR;Türkiye;M;Aylık;U_MKTS;Motorlu Kara Taşıtları Sayısı;M11;Kasım;2;Dizel;PT;Yüzde;2018-11;36.7;;;;;;;;;;;;
TR;Türkiye;M;Aylık;U_MKTS;Motorlu Kara Taşıtları Sayısı;M11;Kasım;2;Dizel;PT;Yüzde;2017-11;35.23;;;;;;;;;;;;
TR;Türkiye;M;Aylık;U_MKTS;Motorlu Kara Taşıtları Sayısı;M11;Kasım;2;Dizel;PT;Yüzde;2016-11;33.45;;;;;;;;;;;;
TR;Türkiye;M;Aylık;U_MKTS;Motorlu Kara Taşıtları Sayısı;M11;Kasım;2;Dizel;PT;Yüzde;2015-11;31.39;;;;;;;;;;;;
TR;Türkiye;M;Aylık;U_MKTS;Motorlu Kara Taşıtları Sayısı;M11;Kasım;2;Dizel;PT;Yüzde;2014-11;29.May;;;;;;;;;;;;
TR;Türkiye;M;Aylık;U_MKTS;Motorlu Kara Taşıtları Sayısı;M11;Kasım;2;Dizel;PT;Yüzde;2013-11;26.71;;;;;;;;;;;;
TR;Türkiye;M;Aylık;U_MKTS;Motorlu Kara Taşıtları Sayısı;M11;Kasım;2;Dizel;PT;Yüzde;2012-11;24.Kas;;;;;;;;;;;;
TR;Türkiye;M;Aylık;U_MKTS;Motorlu Kara Taşıtları Sayısı;M11;Kasım;2;Dizel;PT;Yüzde;2011-11;21.43;;;;;;;;;;;;
TR;Türkiye;M;Aylık;U_MKTS;Motorlu Kara Taşıtları Sayısı;M11;Kasım;2;Dizel;PT;Yüzde;2010-11;18.Nis;;;;;;;;;;;;
TR;Türkiye;M;Aylık;U_MKTS;Motorlu Kara Taşıtları Sayısı;M11;Kasım;2;Dizel;PT;Yüzde;2008-11;13.87;;;;;;;;;;;;
TR;Türkiye;M;Aylık;U_MKTS;Motorlu Kara Taşıtları Sayısı;M11;Kasım;2;Dizel;PT;Yüzde;2007-11;Kas.59;;;;;;;;;;;;
TR;Türkiye;M;Aylık;U_MKTS;Motorlu Kara Taşıtları Sayısı;M11;Kasım;2;Dizel;PT;Yüzde;2006-11;Eyl.29;;;;;;;;;;;;
TR;Türkiye;M;Aylık;U_MKTS;Motorlu Kara Taşıtları Sayısı;M11;Kasım;2;Dizel;PT;Yüzde;2005-11;Haz.55;;;;;;;;;;;;
TR;Türkiye;M;Aylık;U_MKTS;Motorlu Kara Taşıtları Sayısı;M11;Kasım;2;Dizel;PN;Sayı;2025-11;5645037;;;;;;;;;;;;
TR;Türkiye;M;Aylık;U_MKTS;Motorlu Kara Taşıtları Sayısı;M11;Kasım;2;Dizel;PN;Sayı;2024-11;5531873;;;;;;;;;;;;
TR;Türkiye;M;Aylık;U_MKTS;Motorlu Kara Taşıtları Sayısı;M11;Kasım;2;Dizel;PN;Sayı;2023-11;5416875;;;;;;;;;;;;
TR;Türkiye;M;Aylık;U_MKTS;Motorlu Kara Taşıtları Sayısı;M11;Kasım;2;Dizel;PN;Sayı;2022-11;5250887;;;;;;;;;;;;
TR;Türkiye;M;Aylık;U_MKTS;Motorlu Kara Taşıtları Sayısı;M11;Kasım;2;Dizel;PN;Sayı;2021-11;5152815;;;;;;;;;;;;
TR;Türkiye;M;Aylık;U_MKTS;Motorlu Kara Taşıtları Sayısı;M11;Kasım;2;Dizel;PN;Sayı;2020-11;4994864;;;;;;;;;;;;
TR;Türkiye;M;Aylık;U_MKTS;Motorlu Kara Taşıtları Sayısı;M11;Kasım;2;Dizel;PN;Sayı;2019-11;4751432;;;;;;;;;;;;
TR;Türkiye;M;Aylık;U_MKTS;Motorlu Kara Taşıtları Sayısı;M11;Kasım;2;Dizel;PN;Sayı;2018-11;4547143;;;;;;;;;;;;
TR;Türkiye;M;Aylık;U_MKTS;Motorlu Kara Taşıtları Sayısı;M11;Kasım;2;Dizel;PN;Sayı;2017-11;4217811;;;;;;;;;;;;
TR;Türkiye;M;Aylık;U_MKTS;Motorlu Kara Taşıtları Sayısı;M11;Kasım;2;Dizel;PN;Sayı;2016-11;3764105;;;;;;;;;;;;
TR;Türkiye;M;Aylık;U_MKTS;Motorlu Kara Taşıtları Sayısı;M11;Kasım;2;Dizel;PN;Sayı;2015-11;3298656;;;;;;;;;;;;
TR;Türkiye;M;Aylık;U_MKTS;Motorlu Kara Taşıtları Sayısı;M11;Kasım;2;Dizel;PN;Sayı;2014-11;2848377;;;;;;;;;;;;
TR;Türkiye;M;Aylık;U_MKTS;Motorlu Kara Taşıtları Sayısı;M11;Kasım;2;Dizel;PN;Sayı;2013-11;2465793;;;;;;;;;;;;
TR;Türkiye;M;Aylık;U_MKTS;Motorlu Kara Taşıtları Sayısı;M11;Kasım;2;Dizel;PN;Sayı;2012-11;2075803;;;;;;;;;;;;
TR;Türkiye;M;Aylık;U_MKTS;Motorlu Kara Taşıtları Sayısı;M11;Kasım;2;Dizel;PN;Sayı;2011-11;1731326;;;;;;;;;;;;
TR;Türkiye;M;Aylık;U_MKTS;Motorlu Kara Taşıtları Sayısı;M11;Kasım;2;Dizel;PN;Sayı;2010-11;1352611;;;;;;;;;;;;
TR;Türkiye;M;Aylık;U_MKTS;Motorlu Kara Taşıtları Sayısı;M11;Kasım;2;Dizel;PN;Sayı;2008-11;940682;;;;;;;;;;;;
TR;Türkiye;M;Aylık;U_MKTS;Motorlu Kara Taşıtları Sayısı;M11;Kasım;2;Dizel;PN;Sayı;2007-11;746375;;;;;;;;;;;;
TR;Türkiye;M;Aylık;U_MKTS;Motorlu Kara Taşıtları Sayısı;M11;Kasım;2;Dizel;PN;Sayı;2006-11;567981;;;;;;;;;;;;
TR;Türkiye;M;Aylık;U_MKTS;Motorlu Kara Taşıtları Sayısı;M11;Kasım;2;Dizel;PN;Sayı;2005-11;375226;;;;;;;;;;;;
TR;Türkiye;M;Aylık;U_MKTS;Motorlu Kara Taşıtları Sayısı;M11;Kasım;6;LPG;PT;Yüzde;2025-11;30.35;;;;;;;;;;;;
TR;Türkiye;M;Aylık;U_MKTS;Motorlu Kara Taşıtları Sayısı;M11;Kasım;6;LPG;PT;Yüzde;2024-11;32.03;;;;;;;;;;;;
TR;Türkiye;M;Aylık;U_MKTS;Motorlu Kara Taşıtları Sayısı;M11;Kasım;6;LPG;PT;Yüzde;2023-11;33.59;;;;;;;;;;;;
TR;Türkiye;M;Aylık;U_MKTS;Motorlu Kara Taşıtları Sayısı;M11;Kasım;6;LPG;PT;Yüzde;2022-11;35.14;;;;;;;;;;;;
TR;Türkiye;M;Aylık;U_MKTS;Motorlu Kara Taşıtları Sayısı;M11;Kasım;6;LPG;PT;Yüzde;2021-11;35.95;;;;;;;;;;;;
TR;Türkiye;M;Aylık;U_MKTS;Motorlu Kara Taşıtları Sayısı;M11;Kasım;6;LPG;PT;Yüzde;2020-11;36.77;;;;;;;;;;;;
TR;Türkiye;M;Aylık;U_MKTS;Motorlu Kara Taşıtları Sayısı;M11;Kasım;6;LPG;PT;Yüzde;2019-11;37.43;;;;;;;;;;;;
TR;Türkiye;M;Aylık;U_MKTS;Motorlu Kara Taşıtları Sayısı;M11;Kasım;6;LPG;PT;Yüzde;2018-11;37.94;;;;;;;;;;;;
TR;Türkiye;M;Aylık;U_MKTS;Motorlu Kara Taşıtları Sayısı;M11;Kasım;6;LPG;PT;Yüzde;2017-11;38.44;;;;;;;;;;;;
TR;Türkiye;M;Aylık;U_MKTS;Motorlu Kara Taşıtları Sayısı;M11;Kasım;6;LPG;PT;Yüzde;2016-11;39.29;;;;;;;;;;;;
TR;Türkiye;M;Aylık;U_MKTS;Motorlu Kara Taşıtları Sayısı;M11;Kasım;6;LPG;PT;Yüzde;2015-11;40.49;;;;;;;;;;;;
TR;Türkiye;M;Aylık;U_MKTS;Motorlu Kara Taşıtları Sayısı;M11;Kasım;6;LPG;PT;Yüzde;2014-11;41.35;;;;;;;;;;;;
TR;Türkiye;M;Aylık;U_MKTS;Motorlu Kara Taşıtları Sayısı;M11;Kasım;6;LPG;PT;Yüzde;2013-11;41.48;;;;;;;;;;;;
TR;Türkiye;M;Aylık;U_MKTS;Motorlu Kara Taşıtları Sayısı;M11;Kasım;6;LPG;PT;Yüzde;2012-11;41.15;;;;;;;;;;;;
TR;Türkiye;M;Aylık;U_MKTS;Motorlu Kara Taşıtları Sayısı;M11;Kasım;6;LPG;PT;Yüzde;2011-11;40.01;;;;;;;;;;;;
TR;Türkiye;M;Aylık;U_MKTS;Motorlu Kara Taşıtları Sayısı;M11;Kasım;6;LPG;PT;Yüzde;2010-11;38.23;;;;;;;;;;;;
TR;Türkiye;M;Aylık;U_MKTS;Motorlu Kara Taşıtları Sayısı;M11;Kasım;6;LPG;PT;Yüzde;2008-11;32.18;;;;;;;;;;;;
TR;Türkiye;M;Aylık;U_MKTS;Motorlu Kara Taşıtları Sayısı;M11;Kasım;6;LPG;PT;Yüzde;2007-11;27.94;;;;;;;;;;;;
TR;Türkiye;M;Aylık;U_MKTS;Motorlu Kara Taşıtları Sayısı;M11;Kasım;6;LPG;PT;Yüzde;2006-11;24.49;;;;;;;;;;;;
TR;Türkiye;M;Aylık;U_MKTS;Motorlu Kara Taşıtları Sayısı;M11;Kasım;6;LPG;PT;Yüzde;2005-11;21.32;;;;;;;;;;;;
TR;Türkiye;M;Aylık;U_MKTS;Motorlu Kara Taşıtları Sayısı;M11;Kasım;6;LPG;PN;Sayı;2025-11;5225069;;;;;;;;;;;;
TR;Türkiye;M;Aylık;U_MKTS;Motorlu Kara Taşıtları Sayısı;M11;Kasım;6;LPG;PN;Sayı;2024-11;5163524;;;;;;;;;;;;
TR;Türkiye;M;Aylık;U_MKTS;Motorlu Kara Taşıtları Sayısı;M11;Kasım;6;LPG;PN;Sayı;2023-11;5083162;;;;;;;;;;;;
TR;Türkiye;M;Aylık;U_MKTS;Motorlu Kara Taşıtları Sayısı;M11;Kasım;6;LPG;PN;Sayı;2022-11;4994066;;;;;;;;;;;;
TR;Türkiye;M;Aylık;U_MKTS;Motorlu Kara Taşıtları Sayısı;M11;Kasım;6;LPG;PN;Sayı;2021-11;4917035;;;;;;;;;;;;
TR;Türkiye;M;Aylık;U_MKTS;Motorlu Kara Taşıtları Sayısı;M11;Kasım;6;LPG;PN;Sayı;2020-11;4796336;;;;;;;;;;;;
TR;Türkiye;M;Aylık;U_MKTS;Motorlu Kara Taşıtları Sayısı;M11;Kasım;6;LPG;PN;Sayı;2019-11;4685760;;;;;;;;;;;;
TR;Türkiye;M;Aylık;U_MKTS;Motorlu Kara Taşıtları Sayısı;M11;Kasım;6;LPG;PN;Sayı;2018-11;4700449;;;;;;;;;;;;
TR;Türkiye;M;Aylık;U_MKTS;Motorlu Kara Taşıtları Sayısı;M11;Kasım;6;LPG;PN;Sayı;2017-11;4602208;;;;;;;;;;;;
TR;Türkiye;M;Aylık;U_MKTS;Motorlu Kara Taşıtları Sayısı;M11;Kasım;6;LPG;PN;Sayı;2016-11;4421974;;;;;;;;;;;;
TR;Türkiye;M;Aylık;U_MKTS;Motorlu Kara Taşıtları Sayısı;M11;Kasım;6;LPG;PN;Sayı;2015-11;4254722;;;;;;;;;;;;
TR;Türkiye;M;Aylık;U_MKTS;Motorlu Kara Taşıtları Sayısı;M11;Kasım;6;LPG;PN;Sayı;2014-11;4054738;;;;;;;;;;;;
TR;Türkiye;M;Aylık;U_MKTS;Motorlu Kara Taşıtları Sayısı;M11;Kasım;6;LPG;PN;Sayı;2013-11;3829648;;;;;;;;;;;;
TR;Türkiye;M;Aylık;U_MKTS;Motorlu Kara Taşıtları Sayısı;M11;Kasım;6;LPG;PN;Sayı;2012-11;3542790;;;;;;;;;;;;
TR;Türkiye;M;Aylık;U_MKTS;Motorlu Kara Taşıtları Sayısı;M11;Kasım;6;LPG;PN;Sayı;2011-11;3232073;;;;;;;;;;;;
TR;Türkiye;M;Aylık;U_MKTS;Motorlu Kara Taşıtları Sayısı;M11;Kasım;6;LPG;PN;Sayı;2010-11;2866434;;;;;;;;;;;;
TR;Türkiye;M;Aylık;U_MKTS;Motorlu Kara Taşıtları Sayısı;M11;Kasım;6;LPG;PN;Sayı;2008-11;2182817;;;;;;;;;;;;
TR;Türkiye;M;Aylık;U_MKTS;Motorlu Kara Taşıtları Sayısı;M11;Kasım;6;LPG;PN;Sayı;2007-11;1798990;;;;;;;;;;;;
TR;Türkiye;M;Aylık;U_MKTS;Motorlu Kara Taşıtları Sayısı;M11;Kasım;6;LPG;PN;Sayı;2006-11;1496423;;;;;;;;;;;;
TR;Türkiye;M;Aylık;U_MKTS;Motorlu Kara Taşıtları Sayısı;M11;Kasım;6;LPG;PN;Sayı;2005-11;1221600;;;;;;;;;;;;
TR;Türkiye;M;Aylık;U_MKTS;Motorlu Kara Taşıtları Sayısı;M11;Kasım;20;Hibrit;PT;Yüzde;2025-11;Mar.79;;;;;;;;;;;;
TR;Türkiye;M;Aylık;U_MKTS;Motorlu Kara Taşıtları Sayısı;M11;Kasım;20;Hibrit;PT;Yüzde;2024-11;Şub.27;;;;;;;;;;;;
TR;Türkiye;M;Aylık;U_MKTS;Motorlu Kara Taşıtları Sayısı;M11;Kasım;20;Hibrit;PT;Yüzde;2023-11;Oca.41;;;;;;;;;;;;
TR;Türkiye;M;Aylık;U_MKTS;Motorlu Kara Taşıtları Sayısı;M11;Kasım;20;Hibrit;PT;Yüzde;2022-11;0.91;;;;;;;;;;;;
TR;Türkiye;M;Aylık;U_MKTS;Motorlu Kara Taşıtları Sayısı;M11;Kasım;20;Hibrit;PT;Yüzde;2021-11;0.61;;;;;;;;;;;;
TR;Türkiye;M;Aylık;U_MKTS;Motorlu Kara Taşıtları Sayısı;M11;Kasım;20;Hibrit;PT;Yüzde;2020-11;0.24;;;;;;;;;;;;
TR;Türkiye;M;Aylık;U_MKTS;Motorlu Kara Taşıtları Sayısı;M11;Kasım;20;Hibrit;PT;Yüzde;2019-11;0.1;;;;;;;;;;;;
TR;Türkiye;M;Aylık;U_MKTS;Motorlu Kara Taşıtları Sayısı;M11;Kasım;20;Hibrit;PT;Yüzde;2018-11;0.03;;;;;;;;;;;;
TR;Türkiye;M;Aylık;U_MKTS;Motorlu Kara Taşıtları Sayısı;M11;Kasım;20;Hibrit;PT;Yüzde;2017-11;0.01;;;;;;;;;;;;
TR;Türkiye;M;Aylık;U_MKTS;Motorlu Kara Taşıtları Sayısı;M11;Kasım;20;Hibrit;PT;Yüzde;2016-11;0;;;;;;;;;;;;
TR;Türkiye;M;Aylık;U_MKTS;Motorlu Kara Taşıtları Sayısı;M11;Kasım;20;Hibrit;PT;Yüzde;2015-11;0;;;;;;;;;;;;
TR;Türkiye;M;Aylık;U_MKTS;Motorlu Kara Taşıtları Sayısı;M11;Kasım;20;Hibrit;PT;Yüzde;2014-11;0;;;;;;;;;;;;
TR;Türkiye;M;Aylık;U_MKTS;Motorlu Kara Taşıtları Sayısı;M11;Kasım;20;Hibrit;PT;Yüzde;2013-11;0;;;;;;;;;;;;
TR;Türkiye;M;Aylık;U_MKTS;Motorlu Kara Taşıtları Sayısı;M11;Kasım;20;Hibrit;PT;Yüzde;2012-11;0;;;;;;;;;;;;
TR;Türkiye;M;Aylık;U_MKTS;Motorlu Kara Taşıtları Sayısı;M11;Kasım;20;Hibrit;PN;Sayı;2025-11;652752;;;;;;;;;;;;
TR;Türkiye;M;Aylık;U_MKTS;Motorlu Kara Taşıtları Sayısı;M11;Kasım;20;Hibrit;PN;Sayı;2024-11;365480;;;;;;;;;;;;
TR;Türkiye;M;Aylık;U_MKTS;Motorlu Kara Taşıtları Sayısı;M11;Kasım;20;Hibrit;PN;Sayı;2023-11;213105;;;;;;;;;;;;
TR;Türkiye;M;Aylık;U_MKTS;Motorlu Kara Taşıtları Sayısı;M11;Kasım;20;Hibrit;PN;Sayı;2022-11;129972;;;;;;;;;;;;
TR;Türkiye;M;Aylık;U_MKTS;Motorlu Kara Taşıtları Sayısı;M11;Kasım;20;Hibrit;PN;Sayı;2021-11;83735;;;;;;;;;;;;
TR;Türkiye;M;Aylık;U_MKTS;Motorlu Kara Taşıtları Sayısı;M11;Kasım;20;Hibrit;PN;Sayı;2020-11;31579;;;;;;;;;;;;
TR;Türkiye;M;Aylık;U_MKTS;Motorlu Kara Taşıtları Sayısı;M11;Kasım;20;Hibrit;PN;Sayı;2019-11;12986;;;;;;;;;;;;
TR;Türkiye;M;Aylık;U_MKTS;Motorlu Kara Taşıtları Sayısı;M11;Kasım;20;Hibrit;PN;Sayı;2018-11;4216;;;;;;;;;;;;
TR;Türkiye;M;Aylık;U_MKTS;Motorlu Kara Taşıtları Sayısı;M11;Kasım;20;Hibrit;PN;Sayı;2017-11;860;;;;;;;;;;;;
TR;Türkiye;M;Aylık;U_MKTS;Motorlu Kara Taşıtları Sayısı;M11;Kasım;20;Hibrit;PN;Sayı;2016-11;503;;;;;;;;;;;;
TR;Türkiye;M;Aylık;U_MKTS;Motorlu Kara Taşıtları Sayısı;M11;Kasım;20;Hibrit;PN;Sayı;2015-11;300;;;;;;;;;;;;
TR;Türkiye;M;Aylık;U_MKTS;Motorlu Kara Taşıtları Sayısı;M11;Kasım;20;Hibrit;PN;Sayı;2014-11;97;;;;;;;;;;;;
TR;Türkiye;M;Aylık;U_MKTS;Motorlu Kara Taşıtları Sayısı;M11;Kasım;20;Hibrit;PN;Sayı;2013-11;80;;;;;;;;;;;;
TR;Türkiye;M;Aylık;U_MKTS;Motorlu Kara Taşıtları Sayısı;M11;Kasım;20;Hibrit;PN;Sayı;2012-11;51;;;;;;;;;;;;
TR;Türkiye;M;Aylık;U_MKTS;Motorlu Kara Taşıtları Sayısı;M11;Kasım;5;Elektrik;PT;Yüzde;2025-11;2.Mar;;;;;;;;;;;;
TR;Türkiye;M;Aylık;U_MKTS;Motorlu Kara Taşıtları Sayısı;M11;Kasım;5;Elektrik;PT;Yüzde;2024-11;1.Mar;;;;;;;;;;;;
TR;Türkiye;M;Aylık;U_MKTS;Motorlu Kara Taşıtları Sayısı;M11;Kasım;5;Elektrik;PT;Yüzde;2023-11;0.46;;;;;;;;;;;;
TR;Türkiye;M;Aylık;U_MKTS;Motorlu Kara Taşıtları Sayısı;M11;Kasım;5;Elektrik;PT;Yüzde;2022-11;0.09;;;;;;;;;;;;
TR;Türkiye;M;Aylık;U_MKTS;Motorlu Kara Taşıtları Sayısı;M11;Kasım;5;Elektrik;PT;Yüzde;2021-11;0.04;;;;;;;;;;;;
TR;Türkiye;M;Aylık;U_MKTS;Motorlu Kara Taşıtları Sayısı;M11;Kasım;5;Elektrik;PT;Yüzde;2020-11;0.02;;;;;;;;;;;;
TR;Türkiye;M;Aylık;U_MKTS;Motorlu Kara Taşıtları Sayısı;M11;Kasım;5;Elektrik;PT;Yüzde;2019-11;0.01;;;;;;;;;;;;
TR;Türkiye;M;Aylık;U_MKTS;Motorlu Kara Taşıtları Sayısı;M11;Kasım;5;Elektrik;PT;Yüzde;2018-11;0.01;;;;;;;;;;;;
TR;Türkiye;M;Aylık;U_MKTS;Motorlu Kara Taşıtları Sayısı;M11;Kasım;5;Elektrik;PT;Yüzde;2017-11;0.01;;;;;;;;;;;;
TR;Türkiye;M;Aylık;U_MKTS;Motorlu Kara Taşıtları Sayısı;M11;Kasım;5;Elektrik;PT;Yüzde;2016-11;0.01;;;;;;;;;;;;
TR;Türkiye;M;Aylık;U_MKTS;Motorlu Kara Taşıtları Sayısı;M11;Kasım;5;Elektrik;PT;Yüzde;2015-11;0.01;;;;;;;;;;;;
TR;Türkiye;M;Aylık;U_MKTS;Motorlu Kara Taşıtları Sayısı;M11;Kasım;5;Elektrik;PT;Yüzde;2014-11;0;;;;;;;;;;;;
TR;Türkiye;M;Aylık;U_MKTS;Motorlu Kara Taşıtları Sayısı;M11;Kasım;5;Elektrik;PT;Yüzde;2013-11;0;;;;;;;;;;;;
TR;Türkiye;M;Aylık;U_MKTS;Motorlu Kara Taşıtları Sayısı;M11;Kasım;5;Elektrik;PT;Yüzde;2012-11;0;;;;;;;;;;;;
TR;Türkiye;M;Aylık;U_MKTS;Motorlu Kara Taşıtları Sayısı;M11;Kasım;5;Elektrik;PT;Yüzde;2011-11;0;;;;;;;;;;;;
TR;Türkiye;M;Aylık;U_MKTS;Motorlu Kara Taşıtları Sayısı;M11;Kasım;5;Elektrik;PN;Sayı;2025-11;348908;;;;;;;;;;;;
TR;Türkiye;M;Aylık;U_MKTS;Motorlu Kara Taşıtları Sayısı;M11;Kasım;5;Elektrik;PN;Sayı;2024-11;165898;;;;;;;;;;;;
TR;Türkiye;M;Aylık;U_MKTS;Motorlu Kara Taşıtları Sayısı;M11;Kasım;5;Elektrik;PN;Sayı;2023-11;69914;;;;;;;;;;;;
TR;Türkiye;M;Aylık;U_MKTS;Motorlu Kara Taşıtları Sayısı;M11;Kasım;5;Elektrik;PN;Sayı;2022-11;13267;;;;;;;;;;;;
TR;Türkiye;M;Aylık;U_MKTS;Motorlu Kara Taşıtları Sayısı;M11;Kasım;5;Elektrik;PN;Sayı;2021-11;5884;;;;;;;;;;;;
TR;Türkiye;M;Aylık;U_MKTS;Motorlu Kara Taşıtları Sayısı;M11;Kasım;5;Elektrik;PN;Sayı;2020-11;2295;;;;;;;;;;;;
TR;Türkiye;M;Aylık;U_MKTS;Motorlu Kara Taşıtları Sayısı;M11;Kasım;5;Elektrik;PN;Sayı;2019-11;1129;;;;;;;;;;;;
TR;Türkiye;M;Aylık;U_MKTS;Motorlu Kara Taşıtları Sayısı;M11;Kasım;5;Elektrik;PN;Sayı;2018-11;938;;;;;;;;;;;;
TR;Türkiye;M;Aylık;U_MKTS;Motorlu Kara Taşıtları Sayısı;M11;Kasım;5;Elektrik;PN;Sayı;2017-11;746;;;;;;;;;;;;
TR;Türkiye;M;Aylık;U_MKTS;Motorlu Kara Taşıtları Sayısı;M11;Kasım;5;Elektrik;PN;Sayı;2016-11;638;;;;;;;;;;;;
TR;Türkiye;M;Aylık;U_MKTS;Motorlu Kara Taşıtları Sayısı;M11;Kasım;5;Elektrik;PN;Sayı;2015-11;553;;;;;;;;;;;;
TR;Türkiye;M;Aylık;U_MKTS;Motorlu Kara Taşıtları Sayısı;M11;Kasım;5;Elektrik;PN;Sayı;2014-11;404;;;;;;;;;;;;
TR;Türkiye;M;Aylık;U_MKTS;Motorlu Kara Taşıtları Sayısı;M11;Kasım;5;Elektrik;PN;Sayı;2013-11;353;;;;;;;;;;;;
TR;Türkiye;M;Aylık;U_MKTS;Motorlu Kara Taşıtları Sayısı;M11;Kasım;5;Elektrik;PN;Sayı;2012-11;116;;;;;;;;;;;;
TR;Türkiye;M;Aylık;U_MKTS;Motorlu Kara Taşıtları Sayısı;M11;Kasım;5;Elektrik;PN;Sayı;2011-11;38;;;;;;;;;;;;
TR;Türkiye;M;Aylık;U_MKTS;Motorlu Kara Taşıtları Sayısı;M11;Kasım;_U;Bilinmeyen;PT;Yüzde;2025-11;0.2;;;;;;;;;;;;
TR;Türkiye;M;Aylık;U_MKTS;Motorlu Kara Taşıtları Sayısı;M11;Kasım;_U;Bilinmeyen;PT;Yüzde;2024-11;0.22;;;;;;;;;;;;
TR;Türkiye;M;Aylık;U_MKTS;Motorlu Kara Taşıtları Sayısı;M11;Kasım;_U;Bilinmeyen;PT;Yüzde;2023-11;0.23;;;;;;;;;;;;
TR;Türkiye;M;Aylık;U_MKTS;Motorlu Kara Taşıtları Sayısı;M11;Kasım;_U;Bilinmeyen;PT;Yüzde;2022-11;0.25;;;;;;;;;;;;
TR;Türkiye;M;Aylık;U_MKTS;Motorlu Kara Taşıtları Sayısı;M11;Kasım;_U;Bilinmeyen;PT;Yüzde;2021-11;0.26;;;;;;;;;;;;
TR;Türkiye;M;Aylık;U_MKTS;Motorlu Kara Taşıtları Sayısı;M11;Kasım;_U;Bilinmeyen;PT;Yüzde;2020-11;0.28;;;;;;;;;;;;
TR;Türkiye;M;Aylık;U_MKTS;Motorlu Kara Taşıtları Sayısı;M11;Kasım;_U;Bilinmeyen;PT;Yüzde;2019-11;0.29;;;;;;;;;;;;
TR;Türkiye;M;Aylık;U_MKTS;Motorlu Kara Taşıtları Sayısı;M11;Kasım;_U;Bilinmeyen;PT;Yüzde;2018-11;0.32;;;;;;;;;;;;
TR;Türkiye;M;Aylık;U_MKTS;Motorlu Kara Taşıtları Sayısı;M11;Kasım;_U;Bilinmeyen;PT;Yüzde;2017-11;0.34;;;;;;;;;;;;
TR;Türkiye;M;Aylık;U_MKTS;Motorlu Kara Taşıtları Sayısı;M11;Kasım;_U;Bilinmeyen;PT;Yüzde;2016-11;0.37;;;;;;;;;;;;
TR;Türkiye;M;Aylık;U_MKTS;Motorlu Kara Taşıtları Sayısı;M11;Kasım;_U;Bilinmeyen;PT;Yüzde;2015-11;0.41;;;;;;;;;;;;
TR;Türkiye;M;Aylık;U_MKTS;Motorlu Kara Taşıtları Sayısı;M11;Kasım;_U;Bilinmeyen;PT;Yüzde;2014-11;0.44;;;;;;;;;;;;
TR;Türkiye;M;Aylık;U_MKTS;Motorlu Kara Taşıtları Sayısı;M11;Kasım;_U;Bilinmeyen;PT;Yüzde;2013-11;0.49;;;;;;;;;;;;
TR;Türkiye;M;Aylık;U_MKTS;Motorlu Kara Taşıtları Sayısı;M11;Kasım;_U;Bilinmeyen;PT;Yüzde;2012-11;0.57;;;;;;;;;;;;
TR;Türkiye;M;Aylık;U_MKTS;Motorlu Kara Taşıtları Sayısı;M11;Kasım;_U;Bilinmeyen;PT;Yüzde;2011-11;0.77;;;;;;;;;;;;
TR;Türkiye;M;Aylık;U_MKTS;Motorlu Kara Taşıtları Sayısı;M11;Kasım;_U;Bilinmeyen;PT;Yüzde;2010-11;0.96;;;;;;;;;;;;
TR;Türkiye;M;Aylık;U_MKTS;Motorlu Kara Taşıtları Sayısı;M11;Kasım;_U;Bilinmeyen;PT;Yüzde;2008-11;Oca.63;;;;;;;;;;;;
TR;Türkiye;M;Aylık;U_MKTS;Motorlu Kara Taşıtları Sayısı;M11;Kasım;_U;Bilinmeyen;PT;Yüzde;2007-11;Şub.63;;;;;;;;;;;;
TR;Türkiye;M;Aylık;U_MKTS;Motorlu Kara Taşıtları Sayısı;M11;Kasım;_U;Bilinmeyen;PT;Yüzde;2006-11;Mar.26;;;;;;;;;;;;
TR;Türkiye;M;Aylık;U_MKTS;Motorlu Kara Taşıtları Sayısı;M11;Kasım;_U;Bilinmeyen;PT;Yüzde;2005-11;Nis.25;;;;;;;;;;;;
TR;Türkiye;M;Aylık;U_MKTS;Motorlu Kara Taşıtları Sayısı;M11;Kasım;_U;Bilinmeyen;PN;Sayı;2025-11;35124;;;;;;;;;;;;
TR;Türkiye;M;Aylık;U_MKTS;Motorlu Kara Taşıtları Sayısı;M11;Kasım;_U;Bilinmeyen;PN;Sayı;2024-11;35279;;;;;;;;;;;;
TR;Türkiye;M;Aylık;U_MKTS;Motorlu Kara Taşıtları Sayısı;M11;Kasım;_U;Bilinmeyen;PN;Sayı;2023-11;35405;;;;;;;;;;;;
TR;Türkiye;M;Aylık;U_MKTS;Motorlu Kara Taşıtları Sayısı;M11;Kasım;_U;Bilinmeyen;PN;Sayı;2022-11;35618;;;;;;;;;;;;
TR;Türkiye;M;Aylık;U_MKTS;Motorlu Kara Taşıtları Sayısı;M11;Kasım;_U;Bilinmeyen;PN;Sayı;2021-11;35887;;;;;;;;;;;;
TR;Türkiye;M;Aylık;U_MKTS;Motorlu Kara Taşıtları Sayısı;M11;Kasım;_U;Bilinmeyen;PN;Sayı;2020-11;36331;;;;;;;;;;;;
TR;Türkiye;M;Aylık;U_MKTS;Motorlu Kara Taşıtları Sayısı;M11;Kasım;_U;Bilinmeyen;PN;Sayı;2019-11;36734;;;;;;;;;;;;
TR;Türkiye;M;Aylık;U_MKTS;Motorlu Kara Taşıtları Sayısı;M11;Kasım;_U;Bilinmeyen;PN;Sayı;2018-11;39669;;;;;;;;;;;;
TR;Türkiye;M;Aylık;U_MKTS;Motorlu Kara Taşıtları Sayısı;M11;Kasım;_U;Bilinmeyen;PN;Sayı;2017-11;40891;;;;;;;;;;;;
TR;Türkiye;M;Aylık;U_MKTS;Motorlu Kara Taşıtları Sayısı;M11;Kasım;_U;Bilinmeyen;PN;Sayı;2016-11;41816;;;;;;;;;;;;
TR;Türkiye;M;Aylık;U_MKTS;Motorlu Kara Taşıtları Sayısı;M11;Kasım;_U;Bilinmeyen;PN;Sayı;2015-11;42857;;;;;;;;;;;;
TR;Türkiye;M;Aylık;U_MKTS;Motorlu Kara Taşıtları Sayısı;M11;Kasım;_U;Bilinmeyen;PN;Sayı;2014-11;43264;;;;;;;;;;;;
TR;Türkiye;M;Aylık;U_MKTS;Motorlu Kara Taşıtları Sayısı;M11;Kasım;_U;Bilinmeyen;PN;Sayı;2013-11;45627;;;;;;;;;;;;
TR;Türkiye;M;Aylık;U_MKTS;Motorlu Kara Taşıtları Sayısı;M11;Kasım;_U;Bilinmeyen;PN;Sayı;2012-11;49478;;;;;;;;;;;;
TR;Türkiye;M;Aylık;U_MKTS;Motorlu Kara Taşıtları Sayısı;M11;Kasım;_U;Bilinmeyen;PN;Sayı;2011-11;62353;;;;;;;;;;;;
TR;Türkiye;M;Aylık;U_MKTS;Motorlu Kara Taşıtları Sayısı;M11;Kasım;_U;Bilinmeyen;PN;Sayı;2010-11;72282;;;;;;;;;;;;
TR;Türkiye;M;Aylık;U_MKTS;Motorlu Kara Taşıtları Sayısı;M11;Kasım;_U;Bilinmeyen;PN;Sayı;2008-11;110619;;;;;;;;;;;;
TR;Türkiye;M;Aylık;U_MKTS;Motorlu Kara Taşıtları Sayısı;M11;Kasım;_U;Bilinmeyen;PN;Sayı;2007-11;169253;;;;;;;;;;;;
TR;Türkiye;M;Aylık;U_MKTS;Motorlu Kara Taşıtları Sayısı;M11;Kasım;_U;Bilinmeyen;PN;Sayı;2006-11;199146;;;;;;;;;;;;
TR;Türkiye;M;Aylık;U_MKTS;Motorlu Kara Taşıtları Sayısı;M11;Kasım;_U;Bilinmeyen;PN;Sayı;2005-11;243376;;;;;;;;;;;;
TR;Türkiye;M;Aylık;U_MKTS;Motorlu Kara Taşıtları Sayısı;M12;Aralık;_T;Toplam;PT;Yüzde;2025-12;100;;;;;;;;;;;;
TR;Türkiye;M;Aylık;U_MKTS;Motorlu Kara Taşıtları Sayısı;M12;Aralık;_T;Toplam;PT;Yüzde;2024-12;100;;;;;;;;;;;;
TR;Türkiye;M;Aylık;U_MKTS;Motorlu Kara Taşıtları Sayısı;M12;Aralık;_T;Toplam;PT;Yüzde;2023-12;100;;;;;;;;;;;;
TR;Türkiye;M;Aylık;U_MKTS;Motorlu Kara Taşıtları Sayısı;M12;Aralık;_T;Toplam;PT;Yüzde;2022-12;100;;;;;;;;;;;;
TR;Türkiye;M;Aylık;U_MKTS;Motorlu Kara Taşıtları Sayısı;M12;Aralık;_T;Toplam;PT;Yüzde;2021-12;100;;;;;;;;;;;;
TR;Türkiye;M;Aylık;U_MKTS;Motorlu Kara Taşıtları Sayısı;M12;Aralık;_T;Toplam;PT;Yüzde;2020-12;100;;;;;;;;;;;;
TR;Türkiye;M;Aylık;U_MKTS;Motorlu Kara Taşıtları Sayısı;M12;Aralık;_T;Toplam;PT;Yüzde;2019-12;100;;;;;;;;;;;;
TR;Türkiye;M;Aylık;U_MKTS;Motorlu Kara Taşıtları Sayısı;M12;Aralık;_T;Toplam;PT;Yüzde;2018-12;100;;;;;;;;;;;;
TR;Türkiye;M;Aylık;U_MKTS;Motorlu Kara Taşıtları Sayısı;M12;Aralık;_T;Toplam;PT;Yüzde;2017-12;100;;;;;;;;;;;;
TR;Türkiye;M;Aylık;U_MKTS;Motorlu Kara Taşıtları Sayısı;M12;Aralık;_T;Toplam;PT;Yüzde;2016-12;100;;;;;;;;;;;;
TR;Türkiye;M;Aylık;U_MKTS;Motorlu Kara Taşıtları Sayısı;M12;Aralık;_T;Toplam;PT;Yüzde;2015-12;100;;;;;;;;;;;;
TR;Türkiye;M;Aylık;U_MKTS;Motorlu Kara Taşıtları Sayısı;M12;Aralık;_T;Toplam;PT;Yüzde;2014-12;100;;;;;;;;;;;;
TR;Türkiye;M;Aylık;U_MKTS;Motorlu Kara Taşıtları Sayısı;M12;Aralık;_T;Toplam;PT;Yüzde;2013-12;100;;;;;;;;;;;;
TR;Türkiye;M;Aylık;U_MKTS;Motorlu Kara Taşıtları Sayısı;M12;Aralık;_T;Toplam;PT;Yüzde;2012-12;100;;;;;;;;;;;;
TR;Türkiye;M;Aylık;U_MKTS;Motorlu Kara Taşıtları Sayısı;M12;Aralık;_T;Toplam;PT;Yüzde;2011-12;100;;;;;;;;;;;;
TR;Türkiye;M;Aylık;U_MKTS;Motorlu Kara Taşıtları Sayısı;M12;Aralık;_T;Toplam;PT;Yüzde;2010-12;100;;;;;;;;;;;;
TR;Türkiye;M;Aylık;U_MKTS;Motorlu Kara Taşıtları Sayısı;M12;Aralık;_T;Toplam;PT;Yüzde;2009-12;100;;;;;;;;;;;;
TR;Türkiye;M;Aylık;U_MKTS;Motorlu Kara Taşıtları Sayısı;M12;Aralık;_T;Toplam;PT;Yüzde;2008-12;100;;;;;;;;;;;;
TR;Türkiye;M;Aylık;U_MKTS;Motorlu Kara Taşıtları Sayısı;M12;Aralık;_T;Toplam;PT;Yüzde;2007-12;100;;;;;;;;;;;;
TR;Türkiye;M;Aylık;U_MKTS;Motorlu Kara Taşıtları Sayısı;M12;Aralık;_T;Toplam;PT;Yüzde;2006-12;100;;;;;;;;;;;;
TR;Türkiye;M;Aylık;U_MKTS;Motorlu Kara Taşıtları Sayısı;M12;Aralık;_T;Toplam;PT;Yüzde;2005-12;100;;;;;;;;;;;;
TR;Türkiye;M;Aylık;U_MKTS;Motorlu Kara Taşıtları Sayısı;M12;Aralık;_T;Toplam;PN;Sayı;2025-12;17373581;;;;;;;;;;;;
TR;Türkiye;M;Aylık;U_MKTS;Motorlu Kara Taşıtları Sayısı;M12;Aralık;_T;Toplam;PN;Sayı;2024-12;16232458;;;;;;;;;;;;
TR;Türkiye;M;Aylık;U_MKTS;Motorlu Kara Taşıtları Sayısı;M12;Aralık;_T;Toplam;PN;Sayı;2023-12;15221134;;;;;;;;;;;;
TR;Türkiye;M;Aylık;U_MKTS;Motorlu Kara Taşıtları Sayısı;M12;Aralık;_T;Toplam;PN;Sayı;2022-12;14269352;;;;;;;;;;;;
TR;Türkiye;M;Aylık;U_MKTS;Motorlu Kara Taşıtları Sayısı;M12;Aralık;_T;Toplam;PN;Sayı;2021-12;13706065;;;;;;;;;;;;
TR;Türkiye;M;Aylık;U_MKTS;Motorlu Kara Taşıtları Sayısı;M12;Aralık;_T;Toplam;PN;Sayı;2020-12;13099041;;;;;;;;;;;;
TR;Türkiye;M;Aylık;U_MKTS;Motorlu Kara Taşıtları Sayısı;M12;Aralık;_T;Toplam;PN;Sayı;2019-12;12503049;;;;;;;;;;;;
TR;Türkiye;M;Aylık;U_MKTS;Motorlu Kara Taşıtları Sayısı;M12;Aralık;_T;Toplam;PN;Sayı;2018-12;12398190;;;;;;;;;;;;
TR;Türkiye;M;Aylık;U_MKTS;Motorlu Kara Taşıtları Sayısı;M12;Aralık;_T;Toplam;PN;Sayı;2017-12;12035978;;;;;;;;;;;;
TR;Türkiye;M;Aylık;U_MKTS;Motorlu Kara Taşıtları Sayısı;M12;Aralık;_T;Toplam;PN;Sayı;2016-12;11317998;;;;;;;;;;;;
TR;Türkiye;M;Aylık;U_MKTS;Motorlu Kara Taşıtları Sayısı;M12;Aralık;_T;Toplam;PN;Sayı;2015-12;10589337;;;;;;;;;;;;
TR;Türkiye;M;Aylık;U_MKTS;Motorlu Kara Taşıtları Sayısı;M12;Aralık;_T;Toplam;PN;Sayı;2014-12;9857915;;;;;;;;;;;;
TR;Türkiye;M;Aylık;U_MKTS;Motorlu Kara Taşıtları Sayısı;M12;Aralık;_T;Toplam;PN;Sayı;2013-12;9283923;;;;;;;;;;;;
TR;Türkiye;M;Aylık;U_MKTS;Motorlu Kara Taşıtları Sayısı;M12;Aralık;_T;Toplam;PN;Sayı;2012-12;8648875;;;;;;;;;;;;
TR;Türkiye;M;Aylık;U_MKTS;Motorlu Kara Taşıtları Sayısı;M12;Aralık;_T;Toplam;PN;Sayı;2011-12;8113111;;;;;;;;;;;;
TR;Türkiye;M;Aylık;U_MKTS;Motorlu Kara Taşıtları Sayısı;M12;Aralık;_T;Toplam;PN;Sayı;2010-12;7544871;;;;;;;;;;;;
TR;Türkiye;M;Aylık;U_MKTS;Motorlu Kara Taşıtları Sayısı;M12;Aralık;_T;Toplam;PN;Sayı;2009-12;7093964;;;;;;;;;;;;
TR;Türkiye;M;Aylık;U_MKTS;Motorlu Kara Taşıtları Sayısı;M12;Aralık;_T;Toplam;PN;Sayı;2008-12;6796629;;;;;;;;;;;;
TR;Türkiye;M;Aylık;U_MKTS;Motorlu Kara Taşıtları Sayısı;M12;Aralık;_T;Toplam;PN;Sayı;2007-12;6472156;;;;;;;;;;;;
TR;Türkiye;M;Aylık;U_MKTS;Motorlu Kara Taşıtları Sayısı;M12;Aralık;_T;Toplam;PN;Sayı;2006-12;6140992;;;;;;;;;;;;
TR;Türkiye;M;Aylık;U_MKTS;Motorlu Kara Taşıtları Sayısı;M12;Aralık;_T;Toplam;PN;Sayı;2005-12;5772745;;;;;;;;;;;;
TR;Türkiye;M;Aylık;U_MKTS;Motorlu Kara Taşıtları Sayısı;M12;Aralık;1;Benzinli;PT;Yüzde;2025-12;30.94;;;;;;;;;;;;
TR;Türkiye;M;Aylık;U_MKTS;Motorlu Kara Taşıtları Sayısı;M12;Aralık;1;Benzinli;PT;Yüzde;2024-12;30.24;;;;;;;;;;;;
TR;Türkiye;M;Aylık;U_MKTS;Motorlu Kara Taşıtları Sayısı;M12;Aralık;1;Benzinli;PT;Yüzde;2023-12;28.66;;;;;;;;;;;;
TR;Türkiye;M;Aylık;U_MKTS;Motorlu Kara Taşıtları Sayısı;M12;Aralık;1;Benzinli;PT;Yüzde;2022-12;26.75;;;;;;;;;;;;
TR;Türkiye;M;Aylık;U_MKTS;Motorlu Kara Taşıtları Sayısı;M12;Aralık;1;Benzinli;PT;Yüzde;2021-12;25.May;;;;;;;;;;;;
TR;Türkiye;M;Aylık;U_MKTS;Motorlu Kara Taşıtları Sayısı;M12;Aralık;1;Benzinli;PT;Yüzde;2020-12;24.44;;;;;;;;;;;;
TR;Türkiye;M;Aylık;U_MKTS;Motorlu Kara Taşıtları Sayısı;M12;Aralık;1;Benzinli;PT;Yüzde;2019-12;24.15;;;;;;;;;;;;
TR;Türkiye;M;Aylık;U_MKTS;Motorlu Kara Taşıtları Sayısı;M12;Aralık;1;Benzinli;PT;Yüzde;2018-12;24.92;;;;;;;;;;;;
TR;Türkiye;M;Aylık;U_MKTS;Motorlu Kara Taşıtları Sayısı;M12;Aralık;1;Benzinli;PT;Yüzde;2017-12;25.93;;;;;;;;;;;;
TR;Türkiye;M;Aylık;U_MKTS;Motorlu Kara Taşıtları Sayısı;M12;Aralık;1;Benzinli;PT;Yüzde;2016-12;26.79;;;;;;;;;;;;
TR;Türkiye;M;Aylık;U_MKTS;Motorlu Kara Taşıtları Sayısı;M12;Aralık;1;Benzinli;PT;Yüzde;2015-12;27.65;;;;;;;;;;;;
TR;Türkiye;M;Aylık;U_MKTS;Motorlu Kara Taşıtları Sayısı;M12;Aralık;1;Benzinli;PT;Yüzde;2014-12;28.96;;;;;;;;;;;;
TR;Türkiye;M;Aylık;U_MKTS;Motorlu Kara Taşıtları Sayısı;M12;Aralık;1;Benzinli;PT;Yüzde;2013-12;31.11;;;;;;;;;;;;
TR;Türkiye;M;Aylık;U_MKTS;Motorlu Kara Taşıtları Sayısı;M12;Aralık;1;Benzinli;PT;Yüzde;2012-12;33.87;;;;;;;;;;;;
TR;Türkiye;M;Aylık;U_MKTS;Motorlu Kara Taşıtları Sayısı;M12;Aralık;1;Benzinli;PT;Yüzde;2011-12;37.42;;;;;;;;;;;;
TR;Türkiye;M;Aylık;U_MKTS;Motorlu Kara Taşıtları Sayısı;M12;Aralık;1;Benzinli;PT;Yüzde;2010-12;42.31;;;;;;;;;;;;
TR;Türkiye;M;Aylık;U_MKTS;Motorlu Kara Taşıtları Sayısı;M12;Aralık;1;Benzinli;PT;Yüzde;2009-12;47.56;;;;;;;;;;;;
TR;Türkiye;M;Aylık;U_MKTS;Motorlu Kara Taşıtları Sayısı;M12;Aralık;1;Benzinli;PT;Yüzde;2008-12;51.96;;;;;;;;;;;;
TR;Türkiye;M;Aylık;U_MKTS;Motorlu Kara Taşıtları Sayısı;M12;Aralık;1;Benzinli;PT;Yüzde;2007-12;57.4;;;;;;;;;;;;
TR;Türkiye;M;Aylık;U_MKTS;Motorlu Kara Taşıtları Sayısı;M12;Aralık;1;Benzinli;PT;Yüzde;2006-12;62.51;;;;;;;;;;;;
TR;Türkiye;M;Aylık;U_MKTS;Motorlu Kara Taşıtları Sayısı;M12;Aralık;1;Benzinli;PT;Yüzde;2005-12;67.27;;;;;;;;;;;;
TR;Türkiye;M;Aylık;U_MKTS;Motorlu Kara Taşıtları Sayısı;M12;Aralık;1;Benzinli;PN;Sayı;2025-12;5375752;;;;;;;;;;;;
TR;Türkiye;M;Aylık;U_MKTS;Motorlu Kara Taşıtları Sayısı;M12;Aralık;1;Benzinli;PN;Sayı;2024-12;4908203;;;;;;;;;;;;
TR;Türkiye;M;Aylık;U_MKTS;Motorlu Kara Taşıtları Sayısı;M12;Aralık;1;Benzinli;PN;Sayı;2023-12;4362975;;;;;;;;;;;;
TR;Türkiye;M;Aylık;U_MKTS;Motorlu Kara Taşıtları Sayısı;M12;Aralık;1;Benzinli;PN;Sayı;2022-12;3817104;;;;;;;;;;;;
TR;Türkiye;M;Aylık;U_MKTS;Motorlu Kara Taşıtları Sayısı;M12;Aralık;1;Benzinli;PN;Sayı;2021-12;3495172;;;;;;;;;;;;
TR;Türkiye;M;Aylık;U_MKTS;Motorlu Kara Taşıtları Sayısı;M12;Aralık;1;Benzinli;PN;Sayı;2020-12;3201894;;;;;;;;;;;;
TR;Türkiye;M;Aylık;U_MKTS;Motorlu Kara Taşıtları Sayısı;M12;Aralık;1;Benzinli;PN;Sayı;2019-12;3020017;;;;;;;;;;;;
TR;Türkiye;M;Aylık;U_MKTS;Motorlu Kara Taşıtları Sayısı;M12;Aralık;1;Benzinli;PN;Sayı;2018-12;3089626;;;;;;;;;;;;
TR;Türkiye;M;Aylık;U_MKTS;Motorlu Kara Taşıtları Sayısı;M12;Aralık;1;Benzinli;PN;Sayı;2017-12;3120407;;;;;;;;;;;;
TR;Türkiye;M;Aylık;U_MKTS;Motorlu Kara Taşıtları Sayısı;M12;Aralık;1;Benzinli;PN;Sayı;2016-12;3031744;;;;;;;;;;;;
TR;Türkiye;M;Aylık;U_MKTS;Motorlu Kara Taşıtları Sayısı;M12;Aralık;1;Benzinli;PN;Sayı;2015-12;2927720;;;;;;;;;;;;
TR;Türkiye;M;Aylık;U_MKTS;Motorlu Kara Taşıtları Sayısı;M12;Aralık;1;Benzinli;PN;Sayı;2014-12;2855078;;;;;;;;;;;;
TR;Türkiye;M;Aylık;U_MKTS;Motorlu Kara Taşıtları Sayısı;M12;Aralık;1;Benzinli;PN;Sayı;2013-12;2888610;;;;;;;;;;;;
TR;Türkiye;M;Aylık;U_MKTS;Motorlu Kara Taşıtları Sayısı;M12;Aralık;1;Benzinli;PN;Sayı;2012-12;2929216;;;;;;;;;;;;
TR;Türkiye;M;Aylık;U_MKTS;Motorlu Kara Taşıtları Sayısı;M12;Aralık;1;Benzinli;PN;Sayı;2011-12;3036129;;;;;;;;;;;;
TR;Türkiye;M;Aylık;U_MKTS;Motorlu Kara Taşıtları Sayısı;M12;Aralık;1;Benzinli;PN;Sayı;2010-12;3191964;;;;;;;;;;;;
TR;Türkiye;M;Aylık;U_MKTS;Motorlu Kara Taşıtları Sayısı;M12;Aralık;1;Benzinli;PN;Sayı;2009-12;3373875;;;;;;;;;;;;
TR;Türkiye;M;Aylık;U_MKTS;Motorlu Kara Taşıtları Sayısı;M12;Aralık;1;Benzinli;PN;Sayı;2008-12;3531763;;;;;;;;;;;;
TR;Türkiye;M;Aylık;U_MKTS;Motorlu Kara Taşıtları Sayısı;M12;Aralık;1;Benzinli;PN;Sayı;2007-12;3714973;;;;;;;;;;;;
TR;Türkiye;M;Aylık;U_MKTS;Motorlu Kara Taşıtları Sayısı;M12;Aralık;1;Benzinli;PN;Sayı;2006-12;3838598;;;;;;;;;;;;
TR;Türkiye;M;Aylık;U_MKTS;Motorlu Kara Taşıtları Sayısı;M12;Aralık;1;Benzinli;PN;Sayı;2005-12;3883101;;;;;;;;;;;;
TR;Türkiye;M;Aylık;U_MKTS;Motorlu Kara Taşıtları Sayısı;M12;Aralık;2;Dizel;PT;Yüzde;2025-12;32.59;;;;;;;;;;;;
TR;Türkiye;M;Aylık;U_MKTS;Motorlu Kara Taşıtları Sayısı;M12;Aralık;2;Dizel;PT;Yüzde;2024-12;34.14;;;;;;;;;;;;
TR;Türkiye;M;Aylık;U_MKTS;Motorlu Kara Taşıtları Sayısı;M12;Aralık;2;Dizel;PT;Yüzde;2023-12;35.65;;;;;;;;;;;;
TR;Türkiye;M;Aylık;U_MKTS;Motorlu Kara Taşıtları Sayısı;M12;Aralık;2;Dizel;PT;Yüzde;2022-12;36.88;;;;;;;;;;;;
TR;Türkiye;M;Aylık;U_MKTS;Motorlu Kara Taşıtları Sayısı;M12;Aralık;2;Dizel;PT;Yüzde;2021-12;37.64;;;;;;;;;;;;
TR;Türkiye;M;Aylık;U_MKTS;Motorlu Kara Taşıtları Sayısı;M12;Aralık;2;Dizel;PT;Yüzde;2020-12;38.28;;;;;;;;;;;;
TR;Türkiye;M;Aylık;U_MKTS;Motorlu Kara Taşıtları Sayısı;M12;Aralık;2;Dizel;PT;Yüzde;2019-12;38.15;;;;;;;;;;;;
TR;Türkiye;M;Aylık;U_MKTS;Motorlu Kara Taşıtları Sayısı;M12;Aralık;2;Dizel;PT;Yüzde;2018-12;36.85;;;;;;;;;;;;
TR;Türkiye;M;Aylık;U_MKTS;Motorlu Kara Taşıtları Sayısı;M12;Aralık;2;Dizel;PT;Yüzde;2017-12;35.36;;;;;;;;;;;;
TR;Türkiye;M;Aylık;U_MKTS;Motorlu Kara Taşıtları Sayısı;M12;Aralık;2;Dizel;PT;Yüzde;2016-12;33.61;;;;;;;;;;;;
TR;Türkiye;M;Aylık;U_MKTS;Motorlu Kara Taşıtları Sayısı;M12;Aralık;2;Dizel;PT;Yüzde;2015-12;31.6;;;;;;;;;;;;
TR;Türkiye;M;Aylık;U_MKTS;Motorlu Kara Taşıtları Sayısı;M12;Aralık;2;Dizel;PT;Yüzde;2014-12;29.24;;;;;;;;;;;;
TR;Türkiye;M;Aylık;U_MKTS;Motorlu Kara Taşıtları Sayısı;M12;Aralık;2;Dizel;PT;Yüzde;2013-12;26.Eyl;;;;;;;;;;;;
TR;Türkiye;M;Aylık;U_MKTS;Motorlu Kara Taşıtları Sayısı;M12;Aralık;2;Dizel;PT;Yüzde;2012-12;24.29;;;;;;;;;;;;
TR;Türkiye;M;Aylık;U_MKTS;Motorlu Kara Taşıtları Sayısı;M12;Aralık;2;Dizel;PT;Yüzde;2011-12;21.64;;;;;;;;;;;;
TR;Türkiye;M;Aylık;U_MKTS;Motorlu Kara Taşıtları Sayısı;M12;Aralık;2;Dizel;PT;Yüzde;2010-12;18.31;;;;;;;;;;;;
TR;Türkiye;M;Aylık;U_MKTS;Motorlu Kara Taşıtları Sayısı;M12;Aralık;2;Dizel;PT;Yüzde;2009-12;15.67;;;;;;;;;;;;
TR;Türkiye;M;Aylık;U_MKTS;Motorlu Kara Taşıtları Sayısı;M12;Aralık;2;Dizel;PT;Yüzde;2008-12;13.94;;;;;;;;;;;;
TR;Türkiye;M;Aylık;U_MKTS;Motorlu Kara Taşıtları Sayısı;M12;Aralık;2;Dizel;PT;Yüzde;2007-12;11.Ağu;;;;;;;;;;;;
TR;Türkiye;M;Aylık;U_MKTS;Motorlu Kara Taşıtları Sayısı;M12;Aralık;2;Dizel;PT;Yüzde;2006-12;Eyl.51;;;;;;;;;;;;
TR;Türkiye;M;Aylık;U_MKTS;Motorlu Kara Taşıtları Sayısı;M12;Aralık;2;Dizel;PT;Yüzde;2005-12;Haz.84;;;;;;;;;;;;
TR;Türkiye;M;Aylık;U_MKTS;Motorlu Kara Taşıtları Sayısı;M12;Aralık;2;Dizel;PN;Sayı;2025-12;5662760;;;;;;;;;;;;
TR;Türkiye;M;Aylık;U_MKTS;Motorlu Kara Taşıtları Sayısı;M12;Aralık;2;Dizel;PN;Sayı;2024-12;5541441;;;;;;;;;;;;
TR;Türkiye;M;Aylık;U_MKTS;Motorlu Kara Taşıtları Sayısı;M12;Aralık;2;Dizel;PN;Sayı;2023-12;5425652;;;;;;;;;;;;
TR;Türkiye;M;Aylık;U_MKTS;Motorlu Kara Taşıtları Sayısı;M12;Aralık;2;Dizel;PN;Sayı;2022-12;5261876;;;;;;;;;;;;
TR;Türkiye;M;Aylık;U_MKTS;Motorlu Kara Taşıtları Sayısı;M12;Aralık;2;Dizel;PN;Sayı;2021-12;5158803;;;;;;;;;;;;
TR;Türkiye;M;Aylık;U_MKTS;Motorlu Kara Taşıtları Sayısı;M12;Aralık;2;Dizel;PN;Sayı;2020-12;5014356;;;;;;;;;;;;
TR;Türkiye;M;Aylık;U_MKTS;Motorlu Kara Taşıtları Sayısı;M12;Aralık;2;Dizel;PN;Sayı;2019-12;4769714;;;;;;;;;;;;
TR;Türkiye;M;Aylık;U_MKTS;Motorlu Kara Taşıtları Sayısı;M12;Aralık;2;Dizel;PN;Sayı;2018-12;4568665;;;;;;;;;;;;
TR;Türkiye;M;Aylık;U_MKTS;Motorlu Kara Taşıtları Sayısı;M12;Aralık;2;Dizel;PN;Sayı;2017-12;4256305;;;;;;;;;;;;
TR;Türkiye;M;Aylık;U_MKTS;Motorlu Kara Taşıtları Sayısı;M12;Aralık;2;Dizel;PN;Sayı;2016-12;3803772;;;;;;;;;;;;
TR;Türkiye;M;Aylık;U_MKTS;Motorlu Kara Taşıtları Sayısı;M12;Aralık;2;Dizel;PN;Sayı;2015-12;3345951;;;;;;;;;;;;
TR;Türkiye;M;Aylık;U_MKTS;Motorlu Kara Taşıtları Sayısı;M12;Aralık;2;Dizel;PN;Sayı;2014-12;2882885;;;;;;;;;;;;
TR;Türkiye;M;Aylık;U_MKTS;Motorlu Kara Taşıtları Sayısı;M12;Aralık;2;Dizel;PN;Sayı;2013-12;2497209;;;;;;;;;;;;
TR;Türkiye;M;Aylık;U_MKTS;Motorlu Kara Taşıtları Sayısı;M12;Aralık;2;Dizel;PN;Sayı;2012-12;2101206;;;;;;;;;;;;
TR;Türkiye;M;Aylık;U_MKTS;Motorlu Kara Taşıtları Sayısı;M12;Aralık;2;Dizel;PN;Sayı;2011-12;1756034;;;;;;;;;;;;
TR;Türkiye;M;Aylık;U_MKTS;Motorlu Kara Taşıtları Sayısı;M12;Aralık;2;Dizel;PN;Sayı;2010-12;1381631;;;;;;;;;;;;
TR;Türkiye;M;Aylık;U_MKTS;Motorlu Kara Taşıtları Sayısı;M12;Aralık;2;Dizel;PN;Sayı;2009-12;1111822;;;;;;;;;;;;
TR;Türkiye;M;Aylık;U_MKTS;Motorlu Kara Taşıtları Sayısı;M12;Aralık;2;Dizel;PN;Sayı;2008-12;947727;;;;;;;;;;;;
TR;Türkiye;M;Aylık;U_MKTS;Motorlu Kara Taşıtları Sayısı;M12;Aralık;2;Dizel;PN;Sayı;2007-12;763946;;;;;;;;;;;;
TR;Türkiye;M;Aylık;U_MKTS;Motorlu Kara Taşıtları Sayısı;M12;Aralık;2;Dizel;PN;Sayı;2006-12;583794;;;;;;;;;;;;
TR;Türkiye;M;Aylık;U_MKTS;Motorlu Kara Taşıtları Sayısı;M12;Aralık;2;Dizel;PN;Sayı;2005-12;394617;;;;;;;;;;;;
TR;Türkiye;M;Aylık;U_MKTS;Motorlu Kara Taşıtları Sayısı;M12;Aralık;6;LPG;PT;Yüzde;2025-12;30.Ara;;;;;;;;;;;;
TR;Türkiye;M;Aylık;U_MKTS;Motorlu Kara Taşıtları Sayısı;M12;Aralık;6;LPG;PT;Yüzde;2024-12;31.86;;;;;;;;;;;;
TR;Türkiye;M;Aylık;U_MKTS;Motorlu Kara Taşıtları Sayısı;M12;Aralık;6;LPG;PT;Yüzde;2023-12;33.47;;;;;;;;;;;;
TR;Türkiye;M;Aylık;U_MKTS;Motorlu Kara Taşıtları Sayısı;M12;Aralık;6;LPG;PT;Yüzde;2022-12;35.08;;;;;;;;;;;;
TR;Türkiye;M;Aylık;U_MKTS;Motorlu Kara Taşıtları Sayısı;M12;Aralık;6;LPG;PT;Yüzde;2021-12;35.92;;;;;;;;;;;;
TR;Türkiye;M;Aylık;U_MKTS;Motorlu Kara Taşıtları Sayısı;M12;Aralık;6;LPG;PT;Yüzde;2020-12;36.72;;;;;;;;;;;;
TR;Türkiye;M;Aylık;U_MKTS;Motorlu Kara Taşıtları Sayısı;M12;Aralık;6;LPG;PT;Yüzde;2019-12;37.28;;;;;;;;;;;;
TR;Türkiye;M;Aylık;U_MKTS;Motorlu Kara Taşıtları Sayısı;M12;Aralık;6;LPG;PT;Yüzde;2018-12;37.87;;;;;;;;;;;;
TR;Türkiye;M;Aylık;U_MKTS;Motorlu Kara Taşıtları Sayısı;M12;Aralık;6;LPG;PT;Yüzde;2017-12;38.36;;;;;;;;;;;;
TR;Türkiye;M;Aylık;U_MKTS;Motorlu Kara Taşıtları Sayısı;M12;Aralık;6;LPG;PT;Yüzde;2016-12;39.23;;;;;;;;;;;;
TR;Türkiye;M;Aylık;U_MKTS;Motorlu Kara Taşıtları Sayısı;M12;Aralık;6;LPG;PT;Yüzde;2015-12;40.34;;;;;;;;;;;;
TR;Türkiye;M;Aylık;U_MKTS;Motorlu Kara Taşıtları Sayısı;M12;Aralık;6;LPG;PT;Yüzde;2014-12;41.35;;;;;;;;;;;;
TR;Türkiye;M;Aylık;U_MKTS;Motorlu Kara Taşıtları Sayısı;M12;Aralık;6;LPG;PT;Yüzde;2013-12;41.49;;;;;;;;;;;;
TR;Türkiye;M;Aylık;U_MKTS;Motorlu Kara Taşıtları Sayısı;M12;Aralık;6;LPG;PT;Yüzde;2012-12;41.27;;;;;;;;;;;;
TR;Türkiye;M;Aylık;U_MKTS;Motorlu Kara Taşıtları Sayısı;M12;Aralık;6;LPG;PT;Yüzde;2011-12;40.17;;;;;;;;;;;;
TR;Türkiye;M;Aylık;U_MKTS;Motorlu Kara Taşıtları Sayısı;M12;Aralık;6;LPG;PT;Yüzde;2010-12;38.44;;;;;;;;;;;;
TR;Türkiye;M;Aylık;U_MKTS;Motorlu Kara Taşıtları Sayısı;M12;Aralık;6;LPG;PT;Yüzde;2009-12;35.6;;;;;;;;;;;;
TR;Türkiye;M;Aylık;U_MKTS;Motorlu Kara Taşıtları Sayısı;M12;Aralık;6;LPG;PT;Yüzde;2008-12;32.58;;;;;;;;;;;;
TR;Türkiye;M;Aylık;U_MKTS;Motorlu Kara Taşıtları Sayısı;M12;Aralık;6;LPG;PT;Yüzde;2007-12;28.22;;;;;;;;;;;;
TR;Türkiye;M;Aylık;U_MKTS;Motorlu Kara Taşıtları Sayısı;M12;Aralık;6;LPG;PT;Yüzde;2006-12;24.Ağu;;;;;;;;;;;;
TR;Türkiye;M;Aylık;U_MKTS;Motorlu Kara Taşıtları Sayısı;M12;Aralık;6;LPG;PT;Yüzde;2005-12;21.82;;;;;;;;;;;;
TR;Türkiye;M;Aylık;U_MKTS;Motorlu Kara Taşıtları Sayısı;M12;Aralık;6;LPG;PN;Sayı;2025-12;5232352;;;;;;;;;;;;
TR;Türkiye;M;Aylık;U_MKTS;Motorlu Kara Taşıtları Sayısı;M12;Aralık;6;LPG;PN;Sayı;2024-12;5172471;;;;;;;;;;;;
TR;Türkiye;M;Aylık;U_MKTS;Motorlu Kara Taşıtları Sayısı;M12;Aralık;6;LPG;PN;Sayı;2023-12;5094751;;;;;;;;;;;;
TR;Türkiye;M;Aylık;U_MKTS;Motorlu Kara Taşıtları Sayısı;M12;Aralık;6;LPG;PN;Sayı;2022-12;5005563;;;;;;;;;;;;
TR;Türkiye;M;Aylık;U_MKTS;Motorlu Kara Taşıtları Sayısı;M12;Aralık;6;LPG;PN;Sayı;2021-12;4923275;;;;;;;;;;;;
TR;Türkiye;M;Aylık;U_MKTS;Motorlu Kara Taşıtları Sayısı;M12;Aralık;6;LPG;PN;Sayı;2020-12;4810018;;;;;;;;;;;;
TR;Türkiye;M;Aylık;U_MKTS;Motorlu Kara Taşıtları Sayısı;M12;Aralık;6;LPG;PN;Sayı;2019-12;4661707;;;;;;;;;;;;
TR;Türkiye;M;Aylık;U_MKTS;Motorlu Kara Taşıtları Sayısı;M12;Aralık;6;LPG;PN;Sayı;2018-12;4695717;;;;;;;;;;;;
TR;Türkiye;M;Aylık;U_MKTS;Motorlu Kara Taşıtları Sayısı;M12;Aralık;6;LPG;PN;Sayı;2017-12;4616842;;;;;;;;;;;;
TR;Türkiye;M;Aylık;U_MKTS;Motorlu Kara Taşıtları Sayısı;M12;Aralık;6;LPG;PN;Sayı;2016-12;4439631;;;;;;;;;;;;
TR;Türkiye;M;Aylık;U_MKTS;Motorlu Kara Taşıtları Sayısı;M12;Aralık;6;LPG;PN;Sayı;2015-12;4272044;;;;;;;;;;;;
TR;Türkiye;M;Aylık;U_MKTS;Motorlu Kara Taşıtları Sayısı;M12;Aralık;6;LPG;PN;Sayı;2014-12;4076730;;;;;;;;;;;;
TR;Türkiye;M;Aylık;U_MKTS;Motorlu Kara Taşıtları Sayısı;M12;Aralık;6;LPG;PN;Sayı;2013-12;3852336;;;;;;;;;;;;
TR;Türkiye;M;Aylık;U_MKTS;Motorlu Kara Taşıtları Sayısı;M12;Aralık;6;LPG;PN;Sayı;2012-12;3569143;;;;;;;;;;;;
TR;Türkiye;M;Aylık;U_MKTS;Motorlu Kara Taşıtları Sayısı;M12;Aralık;6;LPG;PN;Sayı;2011-12;3259288;;;;;;;;;;;;
TR;Türkiye;M;Aylık;U_MKTS;Motorlu Kara Taşıtları Sayısı;M12;Aralık;6;LPG;PN;Sayı;2010-12;2900034;;;;;;;;;;;;
TR;Türkiye;M;Aylık;U_MKTS;Motorlu Kara Taşıtları Sayısı;M12;Aralık;6;LPG;PN;Sayı;2009-12;2525449;;;;;;;;;;;;
TR;Türkiye;M;Aylık;U_MKTS;Motorlu Kara Taşıtları Sayısı;M12;Aralık;6;LPG;PN;Sayı;2008-12;2214661;;;;;;;;;;;;
TR;Türkiye;M;Aylık;U_MKTS;Motorlu Kara Taşıtları Sayısı;M12;Aralık;6;LPG;PN;Sayı;2007-12;1826126;;;;;;;;;;;;
TR;Türkiye;M;Aylık;U_MKTS;Motorlu Kara Taşıtları Sayısı;M12;Aralık;6;LPG;PN;Sayı;2006-12;1522790;;;;;;;;;;;;
TR;Türkiye;M;Aylık;U_MKTS;Motorlu Kara Taşıtları Sayısı;M12;Aralık;6;LPG;PN;Sayı;2005-12;1259327;;;;;;;;;;;;
TR;Türkiye;M;Aylık;U_MKTS;Motorlu Kara Taşıtları Sayısı;M12;Aralık;20;Hibrit;PT;Yüzde;2025-12;4.Oca;;;;;;;;;;;;
TR;Türkiye;M;Aylık;U_MKTS;Motorlu Kara Taşıtları Sayısı;M12;Aralık;20;Hibrit;PT;Yüzde;2024-12;Şub.41;;;;;;;;;;;;
TR;Türkiye;M;Aylık;U_MKTS;Motorlu Kara Taşıtları Sayısı;M12;Aralık;20;Hibrit;PT;Yüzde;2023-12;Oca.46;;;;;;;;;;;;
TR;Türkiye;M;Aylık;U_MKTS;Motorlu Kara Taşıtları Sayısı;M12;Aralık;20;Hibrit;PT;Yüzde;2022-12;0.94;;;;;;;;;;;;
TR;Türkiye;M;Aylık;U_MKTS;Motorlu Kara Taşıtları Sayısı;M12;Aralık;20;Hibrit;PT;Yüzde;2021-12;0.63;;;;;;;;;;;;
TR;Türkiye;M;Aylık;U_MKTS;Motorlu Kara Taşıtları Sayısı;M12;Aralık;20;Hibrit;PT;Yüzde;2020-12;0.26;;;;;;;;;;;;
TR;Türkiye;M;Aylık;U_MKTS;Motorlu Kara Taşıtları Sayısı;M12;Aralık;20;Hibrit;PT;Yüzde;2019-12;0.11;;;;;;;;;;;;
TR;Türkiye;M;Aylık;U_MKTS;Motorlu Kara Taşıtları Sayısı;M12;Aralık;20;Hibrit;PT;Yüzde;2018-12;0.04;;;;;;;;;;;;
TR;Türkiye;M;Aylık;U_MKTS;Motorlu Kara Taşıtları Sayısı;M12;Aralık;20;Hibrit;PT;Yüzde;2017-12;0.01;;;;;;;;;;;;
TR;Türkiye;M;Aylık;U_MKTS;Motorlu Kara Taşıtları Sayısı;M12;Aralık;20;Hibrit;PT;Yüzde;2016-12;0;;;;;;;;;;;;
TR;Türkiye;M;Aylık;U_MKTS;Motorlu Kara Taşıtları Sayısı;M12;Aralık;20;Hibrit;PT;Yüzde;2015-12;0;;;;;;;;;;;;
TR;Türkiye;M;Aylık;U_MKTS;Motorlu Kara Taşıtları Sayısı;M12;Aralık;20;Hibrit;PT;Yüzde;2014-12;0;;;;;;;;;;;;
TR;Türkiye;M;Aylık;U_MKTS;Motorlu Kara Taşıtları Sayısı;M12;Aralık;20;Hibrit;PT;Yüzde;2013-12;0;;;;;;;;;;;;
TR;Türkiye;M;Aylık;U_MKTS;Motorlu Kara Taşıtları Sayısı;M12;Aralık;20;Hibrit;PT;Yüzde;2012-12;0;;;;;;;;;;;;
TR;Türkiye;M;Aylık;U_MKTS;Motorlu Kara Taşıtları Sayısı;M12;Aralık;20;Hibrit;PN;Sayı;2025-12;697027;;;;;;;;;;;;
TR;Türkiye;M;Aylık;U_MKTS;Motorlu Kara Taşıtları Sayısı;M12;Aralık;20;Hibrit;PN;Sayı;2024-12;391296;;;;;;;;;;;;
TR;Türkiye;M;Aylık;U_MKTS;Motorlu Kara Taşıtları Sayısı;M12;Aralık;20;Hibrit;PN;Sayı;2023-12;222328;;;;;;;;;;;;
TR;Türkiye;M;Aylık;U_MKTS;Motorlu Kara Taşıtları Sayısı;M12;Aralık;20;Hibrit;PN;Sayı;2022-12;134662;;;;;;;;;;;;
TR;Türkiye;M;Aylık;U_MKTS;Motorlu Kara Taşıtları Sayısı;M12;Aralık;20;Hibrit;PN;Sayı;2021-12;86682;;;;;;;;;;;;
TR;Türkiye;M;Aylık;U_MKTS;Motorlu Kara Taşıtları Sayısı;M12;Aralık;20;Hibrit;PN;Sayı;2020-12;33690;;;;;;;;;;;;
TR;Türkiye;M;Aylık;U_MKTS;Motorlu Kara Taşıtları Sayısı;M12;Aralık;20;Hibrit;PN;Sayı;2019-12;13877;;;;;;;;;;;;
TR;Türkiye;M;Aylık;U_MKTS;Motorlu Kara Taşıtları Sayısı;M12;Aralık;20;Hibrit;PN;Sayı;2018-12;4415;;;;;;;;;;;;
TR;Türkiye;M;Aylık;U_MKTS;Motorlu Kara Taşıtları Sayısı;M12;Aralık;20;Hibrit;PN;Sayı;2017-12;925;;;;;;;;;;;;
TR;Türkiye;M;Aylık;U_MKTS;Motorlu Kara Taşıtları Sayısı;M12;Aralık;20;Hibrit;PN;Sayı;2016-12;517;;;;;;;;;;;;
TR;Türkiye;M;Aylık;U_MKTS;Motorlu Kara Taşıtları Sayısı;M12;Aralık;20;Hibrit;PN;Sayı;2015-12;324;;;;;;;;;;;;
TR;Türkiye;M;Aylık;U_MKTS;Motorlu Kara Taşıtları Sayısı;M12;Aralık;20;Hibrit;PN;Sayı;2014-12;113;;;;;;;;;;;;
TR;Türkiye;M;Aylık;U_MKTS;Motorlu Kara Taşıtları Sayısı;M12;Aralık;20;Hibrit;PN;Sayı;2013-12;83;;;;;;;;;;;;
TR;Türkiye;M;Aylık;U_MKTS;Motorlu Kara Taşıtları Sayısı;M12;Aralık;20;Hibrit;PN;Sayı;2012-12;53;;;;;;;;;;;;
TR;Türkiye;M;Aylık;U_MKTS;Motorlu Kara Taşıtları Sayısı;M12;Aralık;5;Elektrik;PT;Yüzde;2025-12;Şub.13;;;;;;;;;;;;
TR;Türkiye;M;Aylık;U_MKTS;Motorlu Kara Taşıtları Sayısı;M12;Aralık;5;Elektrik;PT;Yüzde;2024-12;Oca.13;;;;;;;;;;;;
TR;Türkiye;M;Aylık;U_MKTS;Motorlu Kara Taşıtları Sayısı;M12;Aralık;5;Elektrik;PT;Yüzde;2023-12;0.53;;;;;;;;;;;;
TR;Türkiye;M;Aylık;U_MKTS;Motorlu Kara Taşıtları Sayısı;M12;Aralık;5;Elektrik;PT;Yüzde;2022-12;0.1;;;;;;;;;;;;
TR;Türkiye;M;Aylık;U_MKTS;Motorlu Kara Taşıtları Sayısı;M12;Aralık;5;Elektrik;PT;Yüzde;2021-12;0.05;;;;;;;;;;;;
TR;Türkiye;M;Aylık;U_MKTS;Motorlu Kara Taşıtları Sayısı;M12;Aralık;5;Elektrik;PT;Yüzde;2020-12;0.02;;;;;;;;;;;;
TR;Türkiye;M;Aylık;U_MKTS;Motorlu Kara Taşıtları Sayısı;M12;Aralık;5;Elektrik;PT;Yüzde;2019-12;0.01;;;;;;;;;;;;
TR;Türkiye;M;Aylık;U_MKTS;Motorlu Kara Taşıtları Sayısı;M12;Aralık;5;Elektrik;PT;Yüzde;2018-12;0.01;;;;;;;;;;;;
TR;Türkiye;M;Aylık;U_MKTS;Motorlu Kara Taşıtları Sayısı;M12;Aralık;5;Elektrik;PT;Yüzde;2017-12;0.01;;;;;;;;;;;;
TR;Türkiye;M;Aylık;U_MKTS;Motorlu Kara Taşıtları Sayısı;M12;Aralık;5;Elektrik;PT;Yüzde;2016-12;0.01;;;;;;;;;;;;
TR;Türkiye;M;Aylık;U_MKTS;Motorlu Kara Taşıtları Sayısı;M12;Aralık;5;Elektrik;PT;Yüzde;2015-12;0.01;;;;;;;;;;;;
TR;Türkiye;M;Aylık;U_MKTS;Motorlu Kara Taşıtları Sayısı;M12;Aralık;5;Elektrik;PT;Yüzde;2014-12;0;;;;;;;;;;;;
TR;Türkiye;M;Aylık;U_MKTS;Motorlu Kara Taşıtları Sayısı;M12;Aralık;5;Elektrik;PT;Yüzde;2013-12;0;;;;;;;;;;;;
TR;Türkiye;M;Aylık;U_MKTS;Motorlu Kara Taşıtları Sayısı;M12;Aralık;5;Elektrik;PT;Yüzde;2012-12;0;;;;;;;;;;;;
TR;Türkiye;M;Aylık;U_MKTS;Motorlu Kara Taşıtları Sayısı;M12;Aralık;5;Elektrik;PT;Yüzde;2011-12;0;;;;;;;;;;;;
TR;Türkiye;M;Aylık;U_MKTS;Motorlu Kara Taşıtları Sayısı;M12;Aralık;5;Elektrik;PN;Sayı;2025-12;370591;;;;;;;;;;;;
TR;Türkiye;M;Aylık;U_MKTS;Motorlu Kara Taşıtları Sayısı;M12;Aralık;5;Elektrik;PN;Sayı;2024-12;183776;;;;;;;;;;;;
TR;Türkiye;M;Aylık;U_MKTS;Motorlu Kara Taşıtları Sayısı;M12;Aralık;5;Elektrik;PN;Sayı;2023-12;80043;;;;;;;;;;;;
TR;Türkiye;M;Aylık;U_MKTS;Motorlu Kara Taşıtları Sayısı;M12;Aralık;5;Elektrik;PN;Sayı;2022-12;14552;;;;;;;;;;;;
TR;Türkiye;M;Aylık;U_MKTS;Motorlu Kara Taşıtları Sayısı;M12;Aralık;5;Elektrik;PN;Sayı;2021-12;6267;;;;;;;;;;;;
TR;Türkiye;M;Aylık;U_MKTS;Motorlu Kara Taşıtları Sayısı;M12;Aralık;5;Elektrik;PN;Sayı;2020-12;2797;;;;;;;;;;;;
TR;Türkiye;M;Aylık;U_MKTS;Motorlu Kara Taşıtları Sayısı;M12;Aralık;5;Elektrik;PN;Sayı;2019-12;1176;;;;;;;;;;;;
TR;Türkiye;M;Aylık;U_MKTS;Motorlu Kara Taşıtları Sayısı;M12;Aralık;5;Elektrik;PN;Sayı;2018-12;952;;;;;;;;;;;;
TR;Türkiye;M;Aylık;U_MKTS;Motorlu Kara Taşıtları Sayısı;M12;Aralık;5;Elektrik;PN;Sayı;2017-12;760;;;;;;;;;;;;
TR;Türkiye;M;Aylık;U_MKTS;Motorlu Kara Taşıtları Sayısı;M12;Aralık;5;Elektrik;PN;Sayı;2016-12;643;;;;;;;;;;;;
TR;Türkiye;M;Aylık;U_MKTS;Motorlu Kara Taşıtları Sayısı;M12;Aralık;5;Elektrik;PN;Sayı;2015-12;565;;;;;;;;;;;;
TR;Türkiye;M;Aylık;U_MKTS;Motorlu Kara Taşıtları Sayısı;M12;Aralık;5;Elektrik;PN;Sayı;2014-12;412;;;;;;;;;;;;
TR;Türkiye;M;Aylık;U_MKTS;Motorlu Kara Taşıtları Sayısı;M12;Aralık;5;Elektrik;PN;Sayı;2013-12;353;;;;;;;;;;;;
TR;Türkiye;M;Aylık;U_MKTS;Motorlu Kara Taşıtları Sayısı;M12;Aralık;5;Elektrik;PN;Sayı;2012-12;175;;;;;;;;;;;;
TR;Türkiye;M;Aylık;U_MKTS;Motorlu Kara Taşıtları Sayısı;M12;Aralık;5;Elektrik;PN;Sayı;2011-12;47;;;;;;;;;;;;
TR;Türkiye;M;Aylık;U_MKTS;Motorlu Kara Taşıtları Sayısı;M12;Aralık;_U;Bilinmeyen;PT;Yüzde;2025-12;0.2;;;;;;;;;;;;
TR;Türkiye;M;Aylık;U_MKTS;Motorlu Kara Taşıtları Sayısı;M12;Aralık;_U;Bilinmeyen;PT;Yüzde;2024-12;0.22;;;;;;;;;;;;
TR;Türkiye;M;Aylık;U_MKTS;Motorlu Kara Taşıtları Sayısı;M12;Aralık;_U;Bilinmeyen;PT;Yüzde;2023-12;0.23;;;;;;;;;;;;
TR;Türkiye;M;Aylık;U_MKTS;Motorlu Kara Taşıtları Sayısı;M12;Aralık;_U;Bilinmeyen;PT;Yüzde;2022-12;0.25;;;;;;;;;;;;
TR;Türkiye;M;Aylık;U_MKTS;Motorlu Kara Taşıtları Sayısı;M12;Aralık;_U;Bilinmeyen;PT;Yüzde;2021-12;0.26;;;;;;;;;;;;
TR;Türkiye;M;Aylık;U_MKTS;Motorlu Kara Taşıtları Sayısı;M12;Aralık;_U;Bilinmeyen;PT;Yüzde;2020-12;0.28;;;;;;;;;;;;
TR;Türkiye;M;Aylık;U_MKTS;Motorlu Kara Taşıtları Sayısı;M12;Aralık;_U;Bilinmeyen;PT;Yüzde;2019-12;0.29;;;;;;;;;;;;
TR;Türkiye;M;Aylık;U_MKTS;Motorlu Kara Taşıtları Sayısı;M12;Aralık;_U;Bilinmeyen;PT;Yüzde;2018-12;0.31;;;;;;;;;;;;
TR;Türkiye;M;Aylık;U_MKTS;Motorlu Kara Taşıtları Sayısı;M12;Aralık;_U;Bilinmeyen;PT;Yüzde;2017-12;0.34;;;;;;;;;;;;
TR;Türkiye;M;Aylık;U_MKTS;Motorlu Kara Taşıtları Sayısı;M12;Aralık;_U;Bilinmeyen;PT;Yüzde;2016-12;0.37;;;;;;;;;;;;
TR;Türkiye;M;Aylık;U_MKTS;Motorlu Kara Taşıtları Sayısı;M12;Aralık;_U;Bilinmeyen;PT;Yüzde;2015-12;0.4;;;;;;;;;;;;
TR;Türkiye;M;Aylık;U_MKTS;Motorlu Kara Taşıtları Sayısı;M12;Aralık;_U;Bilinmeyen;PT;Yüzde;2014-12;0.43;;;;;;;;;;;;
TR;Türkiye;M;Aylık;U_MKTS;Motorlu Kara Taşıtları Sayısı;M12;Aralık;_U;Bilinmeyen;PT;Yüzde;2013-12;0.49;;;;;;;;;;;;
TR;Türkiye;M;Aylık;U_MKTS;Motorlu Kara Taşıtları Sayısı;M12;Aralık;_U;Bilinmeyen;PT;Yüzde;2012-12;0.57;;;;;;;;;;;;
TR;Türkiye;M;Aylık;U_MKTS;Motorlu Kara Taşıtları Sayısı;M12;Aralık;_U;Bilinmeyen;PT;Yüzde;2011-12;0.76;;;;;;;;;;;;
TR;Türkiye;M;Aylık;U_MKTS;Motorlu Kara Taşıtları Sayısı;M12;Aralık;_U;Bilinmeyen;PT;Yüzde;2010-12;0.94;;;;;;;;;;;;
TR;Türkiye;M;Aylık;U_MKTS;Motorlu Kara Taşıtları Sayısı;M12;Aralık;_U;Bilinmeyen;PT;Yüzde;2009-12;Oca.17;;;;;;;;;;;;
TR;Türkiye;M;Aylık;U_MKTS;Motorlu Kara Taşıtları Sayısı;M12;Aralık;_U;Bilinmeyen;PT;Yüzde;2008-12;Oca.51;;;;;;;;;;;;
TR;Türkiye;M;Aylık;U_MKTS;Motorlu Kara Taşıtları Sayısı;M12;Aralık;_U;Bilinmeyen;PT;Yüzde;2007-12;Şub.58;;;;;;;;;;;;
TR;Türkiye;M;Aylık;U_MKTS;Motorlu Kara Taşıtları Sayısı;M12;Aralık;_U;Bilinmeyen;PT;Yüzde;2006-12;Mar.19;;;;;;;;;;;;
TR;Türkiye;M;Aylık;U_MKTS;Motorlu Kara Taşıtları Sayısı;M12;Aralık;_U;Bilinmeyen;PT;Yüzde;2005-12;4.Ağu;;;;;;;;;;;;
TR;Türkiye;M;Aylık;U_MKTS;Motorlu Kara Taşıtları Sayısı;M12;Aralık;_U;Bilinmeyen;PN;Sayı;2025-12;35099;;;;;;;;;;;;
TR;Türkiye;M;Aylık;U_MKTS;Motorlu Kara Taşıtları Sayısı;M12;Aralık;_U;Bilinmeyen;PN;Sayı;2024-12;35271;;;;;;;;;;;;
TR;Türkiye;M;Aylık;U_MKTS;Motorlu Kara Taşıtları Sayısı;M12;Aralık;_U;Bilinmeyen;PN;Sayı;2023-12;35385;;;;;;;;;;;;
TR;Türkiye;M;Aylık;U_MKTS;Motorlu Kara Taşıtları Sayısı;M12;Aralık;_U;Bilinmeyen;PN;Sayı;2022-12;35595;;;;;;;;;;;;
TR;Türkiye;M;Aylık;U_MKTS;Motorlu Kara Taşıtları Sayısı;M12;Aralık;_U;Bilinmeyen;PN;Sayı;2021-12;35866;;;;;;;;;;;;
TR;Türkiye;M;Aylık;U_MKTS;Motorlu Kara Taşıtları Sayısı;M12;Aralık;_U;Bilinmeyen;PN;Sayı;2020-12;36286;;;;;;;;;;;;
TR;Türkiye;M;Aylık;U_MKTS;Motorlu Kara Taşıtları Sayısı;M12;Aralık;_U;Bilinmeyen;PN;Sayı;2019-12;36558;;;;;;;;;;;;
TR;Türkiye;M;Aylık;U_MKTS;Motorlu Kara Taşıtları Sayısı;M12;Aralık;_U;Bilinmeyen;PN;Sayı;2018-12;38815;;;;;;;;;;;;
TR;Türkiye;M;Aylık;U_MKTS;Motorlu Kara Taşıtları Sayısı;M12;Aralık;_U;Bilinmeyen;PN;Sayı;2017-12;40739;;;;;;;;;;;;
TR;Türkiye;M;Aylık;U_MKTS;Motorlu Kara Taşıtları Sayısı;M12;Aralık;_U;Bilinmeyen;PN;Sayı;2016-12;41691;;;;;;;;;;;;
TR;Türkiye;M;Aylık;U_MKTS;Motorlu Kara Taşıtları Sayısı;M12;Aralık;_U;Bilinmeyen;PN;Sayı;2015-12;42733;;;;;;;;;;;;
TR;Türkiye;M;Aylık;U_MKTS;Motorlu Kara Taşıtları Sayısı;M12;Aralık;_U;Bilinmeyen;PN;Sayı;2014-12;42697;;;;;;;;;;;;
TR;Türkiye;M;Aylık;U_MKTS;Motorlu Kara Taşıtları Sayısı;M12;Aralık;_U;Bilinmeyen;PN;Sayı;2013-12;45332;;;;;;;;;;;;
TR;Türkiye;M;Aylık;U_MKTS;Motorlu Kara Taşıtları Sayısı;M12;Aralık;_U;Bilinmeyen;PN;Sayı;2012-12;49082;;;;;;;;;;;;
TR;Türkiye;M;Aylık;U_MKTS;Motorlu Kara Taşıtları Sayısı;M12;Aralık;_U;Bilinmeyen;PN;Sayı;2011-12;61613;;;;;;;;;;;;
TR;Türkiye;M;Aylık;U_MKTS;Motorlu Kara Taşıtları Sayısı;M12;Aralık;_U;Bilinmeyen;PN;Sayı;2010-12;71242;;;;;;;;;;;;
TR;Türkiye;M;Aylık;U_MKTS;Motorlu Kara Taşıtları Sayısı;M12;Aralık;_U;Bilinmeyen;PN;Sayı;2009-12;82818;;;;;;;;;;;;
TR;Türkiye;M;Aylık;U_MKTS;Motorlu Kara Taşıtları Sayısı;M12;Aralık;_U;Bilinmeyen;PN;Sayı;2008-12;102478;;;;;;;;;;;;
TR;Türkiye;M;Aylık;U_MKTS;Motorlu Kara Taşıtları Sayısı;M12;Aralık;_U;Bilinmeyen;PN;Sayı;2007-12;167111;;;;;;;;;;;;
TR;Türkiye;M;Aylık;U_MKTS;Motorlu Kara Taşıtları Sayısı;M12;Aralık;_U;Bilinmeyen;PN;Sayı;2006-12;195810;;;;;;;;;;;;
TR;Türkiye;M;Aylık;U_MKTS;Motorlu Kara Taşıtları Sayısı;M12;Aralık;_U;Bilinmeyen;PN;Sayı;2005-12;235700;;;;;;;;;;;;
